ISO-10303-21;
HEADER;
/* Generated by software containing ST-Developer
 * from STEP Tools, Inc. (www.steptools.com) 
 */

FILE_DESCRIPTION(
/* description */ (''),
/* implementation_level */ '2;1');

FILE_NAME(
/* name */ 'Mechanical_Switch_v02.step',
/* time_stamp */ '2026-09-27T23:23:38+08:00',
/* author */ (''),
/* organization */ (''),
/* preprocessor_version */ 'ST-DEVELOPER v20.2',
/* originating_system */ 'Autodesk Translation Framework v15.15.0.0',
/* authorisation */ '');

FILE_SCHEMA (('AUTOMOTIVE_DESIGN { 1 0 10303 214 3 1 1 }'));
ENDSEC;

DATA;
#10=MECHANICAL_DESIGN_GEOMETRIC_PRESENTATION_REPRESENTATION('',(#13,#14,
#15,#16,#17,#18,#19,#20,#21,#22,#23,#24,#25,#26,#27,#28,#29,#30,#31,#32,
#33),#12929);
#11=SHAPE_REPRESENTATION_RELATIONSHIP('SRR','None',#12936,#12);
#12=ADVANCED_BREP_SHAPE_REPRESENTATION('',(#34,#35,#36,#37,#38,#39,#40,
#41,#42,#43,#44,#45,#46,#47,#48,#49,#50,#51,#52,#53,#54),#12928);
#13=STYLED_ITEM('',(#12946),#34);
#14=STYLED_ITEM('',(#12947),#35);
#15=STYLED_ITEM('',(#12947),#36);
#16=STYLED_ITEM('',(#12948),#37);
#17=STYLED_ITEM('',(#12949),#38);
#18=STYLED_ITEM('',(#12947),#39);
#19=STYLED_ITEM('',(#12946),#40);
#20=STYLED_ITEM('',(#12947),#41);
#21=STYLED_ITEM('',(#12947),#42);
#22=STYLED_ITEM('',(#12946),#43);
#23=STYLED_ITEM('',(#12946),#44);
#24=STYLED_ITEM('',(#12949),#45);
#25=STYLED_ITEM('',(#12947),#46);
#26=STYLED_ITEM('',(#12947),#47);
#27=STYLED_ITEM('',(#12950),#48);
#28=STYLED_ITEM('',(#12948),#49);
#29=STYLED_ITEM('',(#12948),#50);
#30=STYLED_ITEM('',(#12948),#51);
#31=STYLED_ITEM('',(#12948),#52);
#32=STYLED_ITEM('',(#12948),#53);
#33=STYLED_ITEM('',(#12948),#54);
#34=MANIFOLD_SOLID_BREP('01_adhesive_base',#7763);
#35=MANIFOLD_SOLID_BREP('02_sliding_servo_chassis',#7764);
#36=MANIFOLD_SOLID_BREP('03_servo_clamp',#7765);
#37=MANIFOLD_SOLID_BREP('04_direct_rocking_paddle',#7766);
#38=MANIFOLD_SOLID_BREP('05_tpu_leaf_insert_standard',#7767);
#39=MANIFOLD_SOLID_BREP('06_controller_shelf',#7768);
#40=MANIFOLD_SOLID_BREP('07_rounded_enclosure',#7769);
#41=MANIFOLD_SOLID_BREP('REF_X_lock_screw_and_washer_1',#7770);
#42=MANIFOLD_SOLID_BREP('REF_X_lock_screw_and_washer_2',#7771);
#43=MANIFOLD_SOLID_BREP('REF_faceplate_86mm',#7772);
#44=MANIFOLD_SOLID_BREP('REF_short_rounded_rocker_17mm_assumption',#7773);
#45=MANIFOLD_SOLID_BREP('REF_STS3215_body_45p2x24p7x35',#7774);
#46=MANIFOLD_SOLID_BREP('REF_servo_output_axis',#7775);
#47=MANIFOLD_SOLID_BREP('REF_metal_horn_verify_hardware',#7776);
#48=MANIFOLD_SOLID_BREP('REF_Waveshare_PCB_65x30',#7777);
#49=MANIFOLD_SOLID_BREP('REF_adhesive_1',#7778);
#50=MANIFOLD_SOLID_BREP('REF_adhesive_2',#7779);
#51=MANIFOLD_SOLID_BREP('REF_adhesive_3',#7780);
#52=MANIFOLD_SOLID_BREP('REF_adhesive_4',#7781);
#53=MANIFOLD_SOLID_BREP('REF_adhesive_5',#7782);
#54=MANIFOLD_SOLID_BREP('REF_adhesive_6',#7783);
#55=FACE_BOUND('',#889,.T.);
#56=FACE_BOUND('',#901,.T.);
#57=FACE_BOUND('',#915,.T.);
#58=FACE_BOUND('',#916,.T.);
#59=FACE_BOUND('',#917,.T.);
#60=FACE_BOUND('',#921,.T.);
#61=FACE_BOUND('',#936,.T.);
#62=FACE_BOUND('',#939,.T.);
#63=FACE_BOUND('',#940,.T.);
#64=FACE_BOUND('',#942,.T.);
#65=FACE_BOUND('',#944,.T.);
#66=FACE_BOUND('',#954,.T.);
#67=FACE_BOUND('',#963,.T.);
#68=FACE_BOUND('',#968,.T.);
#69=FACE_BOUND('',#976,.T.);
#70=FACE_BOUND('',#981,.T.);
#71=FACE_BOUND('',#1026,.T.);
#72=FACE_BOUND('',#1027,.T.);
#73=FACE_BOUND('',#1028,.T.);
#74=FACE_BOUND('',#1038,.T.);
#75=FACE_BOUND('',#1039,.T.);
#76=FACE_BOUND('',#1040,.T.);
#77=FACE_BOUND('',#1047,.T.);
#78=FACE_BOUND('',#1049,.T.);
#79=FACE_BOUND('',#1053,.T.);
#80=FACE_BOUND('',#1054,.T.);
#81=FACE_BOUND('',#1055,.T.);
#82=FACE_BOUND('',#1056,.T.);
#83=FACE_BOUND('',#1071,.T.);
#84=FACE_BOUND('',#1072,.T.);
#85=FACE_BOUND('',#1073,.T.);
#86=FACE_BOUND('',#1102,.T.);
#87=FACE_BOUND('',#1112,.T.);
#88=FACE_BOUND('',#1121,.T.);
#89=FACE_BOUND('',#1130,.T.);
#90=FACE_BOUND('',#1139,.T.);
#91=FACE_BOUND('',#1162,.T.);
#92=FACE_BOUND('',#1163,.T.);
#93=FACE_BOUND('',#1164,.T.);
#94=FACE_BOUND('',#1165,.T.);
#95=FACE_BOUND('',#1166,.T.);
#96=FACE_BOUND('',#1167,.T.);
#97=FACE_BOUND('',#1168,.T.);
#98=FACE_BOUND('',#1169,.T.);
#99=FACE_BOUND('',#1170,.T.);
#100=FACE_BOUND('',#1171,.T.);
#101=FACE_BOUND('',#1172,.T.);
#102=FACE_BOUND('',#1173,.T.);
#103=FACE_BOUND('',#1174,.T.);
#104=FACE_BOUND('',#1175,.T.);
#105=FACE_BOUND('',#1179,.T.);
#106=FACE_BOUND('',#1180,.T.);
#107=FACE_BOUND('',#1181,.T.);
#108=FACE_BOUND('',#1182,.T.);
#109=FACE_BOUND('',#1183,.T.);
#110=FACE_BOUND('',#1184,.T.);
#111=FACE_BOUND('',#1185,.T.);
#112=FACE_BOUND('',#1186,.T.);
#113=FACE_BOUND('',#1187,.T.);
#114=FACE_BOUND('',#1188,.T.);
#115=FACE_BOUND('',#1212,.T.);
#116=FACE_BOUND('',#1216,.T.);
#117=FACE_BOUND('',#1219,.T.);
#118=FACE_BOUND('',#1223,.T.);
#119=FACE_BOUND('',#1226,.T.);
#120=FACE_BOUND('',#1230,.T.);
#121=FACE_BOUND('',#1233,.T.);
#122=FACE_BOUND('',#1237,.T.);
#123=FACE_BOUND('',#1255,.T.);
#124=FACE_BOUND('',#1260,.T.);
#125=FACE_BOUND('',#1270,.T.);
#126=FACE_BOUND('',#1273,.T.);
#127=FACE_BOUND('',#1277,.T.);
#128=FACE_BOUND('',#1278,.T.);
#129=FACE_BOUND('',#1279,.T.);
#130=FACE_BOUND('',#1280,.T.);
#131=FACE_BOUND('',#1281,.T.);
#132=FACE_BOUND('',#1282,.T.);
#133=FACE_BOUND('',#1283,.T.);
#134=FACE_BOUND('',#1284,.T.);
#135=FACE_BOUND('',#1289,.T.);
#136=FACE_BOUND('',#1290,.T.);
#137=FACE_BOUND('',#1291,.T.);
#138=FACE_BOUND('',#1292,.T.);
#139=FACE_BOUND('',#1293,.T.);
#140=FACE_BOUND('',#1294,.T.);
#141=FACE_BOUND('',#1295,.T.);
#142=FACE_BOUND('',#1296,.T.);
#143=FACE_BOUND('',#1303,.T.);
#144=FACE_BOUND('',#1308,.T.);
#145=FACE_BOUND('',#1312,.T.);
#146=FACE_BOUND('',#1317,.T.);
#147=FACE_BOUND('',#1352,.T.);
#148=FACE_BOUND('',#1353,.T.);
#149=FACE_BOUND('',#1354,.T.);
#150=FACE_BOUND('',#1356,.T.);
#151=FACE_BOUND('',#1357,.T.);
#152=FACE_BOUND('',#1358,.T.);
#153=FACE_BOUND('',#1364,.T.);
#154=FACE_BOUND('',#1365,.T.);
#155=FACE_BOUND('',#1366,.T.);
#156=FACE_BOUND('',#1367,.T.);
#157=FACE_BOUND('',#1369,.T.);
#158=FACE_BOUND('',#1370,.T.);
#159=FACE_BOUND('',#1371,.T.);
#160=FACE_BOUND('',#1372,.T.);
#161=PLANE('',#7800);
#162=PLANE('',#7801);
#163=PLANE('',#7805);
#164=PLANE('',#7812);
#165=PLANE('',#7816);
#166=PLANE('',#7817);
#167=PLANE('',#7821);
#168=PLANE('',#7822);
#169=PLANE('',#7826);
#170=PLANE('',#7833);
#171=PLANE('',#7837);
#172=PLANE('',#7838);
#173=PLANE('',#7842);
#174=PLANE('',#7846);
#175=PLANE('',#7853);
#176=PLANE('',#7854);
#177=PLANE('',#7858);
#178=PLANE('',#7866);
#179=PLANE('',#7869);
#180=PLANE('',#7870);
#181=PLANE('',#7871);
#182=PLANE('',#7872);
#183=PLANE('',#7873);
#184=PLANE('',#7874);
#185=PLANE('',#7875);
#186=PLANE('',#7876);
#187=PLANE('',#7880);
#188=PLANE('',#7890);
#189=PLANE('',#7891);
#190=PLANE('',#7892);
#191=PLANE('',#7893);
#192=PLANE('',#7900);
#193=PLANE('',#7903);
#194=PLANE('',#7906);
#195=PLANE('',#7907);
#196=PLANE('',#7908);
#197=PLANE('',#7909);
#198=PLANE('',#7913);
#199=PLANE('',#7914);
#200=PLANE('',#7915);
#201=PLANE('',#7916);
#202=PLANE('',#7917);
#203=PLANE('',#7918);
#204=PLANE('',#7919);
#205=PLANE('',#7920);
#206=PLANE('',#7924);
#207=PLANE('',#7925);
#208=PLANE('',#7926);
#209=PLANE('',#7927);
#210=PLANE('',#7928);
#211=PLANE('',#7929);
#212=PLANE('',#7930);
#213=PLANE('',#7934);
#214=PLANE('',#7935);
#215=PLANE('',#7936);
#216=PLANE('',#7940);
#217=PLANE('',#7941);
#218=PLANE('',#7942);
#219=PLANE('',#7943);
#220=PLANE('',#7944);
#221=PLANE('',#7945);
#222=PLANE('',#7946);
#223=PLANE('',#7951);
#224=PLANE('',#7953);
#225=PLANE('',#7954);
#226=PLANE('',#7957);
#227=PLANE('',#7958);
#228=PLANE('',#7960);
#229=PLANE('',#7962);
#230=PLANE('',#7963);
#231=PLANE('',#7964);
#232=PLANE('',#7965);
#233=PLANE('',#7966);
#234=PLANE('',#7967);
#235=PLANE('',#7970);
#236=PLANE('',#7971);
#237=PLANE('',#7972);
#238=PLANE('',#7973);
#239=PLANE('',#7974);
#240=PLANE('',#7975);
#241=PLANE('',#7976);
#242=PLANE('',#7978);
#243=PLANE('',#7980);
#244=PLANE('',#7982);
#245=PLANE('',#7984);
#246=PLANE('',#7985);
#247=PLANE('',#7986);
#248=PLANE('',#7987);
#249=PLANE('',#7988);
#250=PLANE('',#7989);
#251=PLANE('',#7990);
#252=PLANE('',#7991);
#253=PLANE('',#7992);
#254=PLANE('',#7993);
#255=PLANE('',#7994);
#256=PLANE('',#7995);
#257=PLANE('',#7996);
#258=PLANE('',#7997);
#259=PLANE('',#8000);
#260=PLANE('',#8001);
#261=PLANE('',#8006);
#262=PLANE('',#8007);
#263=PLANE('',#8008);
#264=PLANE('',#8009);
#265=PLANE('',#8010);
#266=PLANE('',#8011);
#267=PLANE('',#8012);
#268=PLANE('',#8013);
#269=PLANE('',#8017);
#270=PLANE('',#8018);
#271=PLANE('',#8019);
#272=PLANE('',#8020);
#273=PLANE('',#8021);
#274=PLANE('',#8022);
#275=PLANE('',#8035);
#276=PLANE('',#8038);
#277=PLANE('',#8041);
#278=PLANE('',#8044);
#279=PLANE('',#8045);
#280=PLANE('',#8046);
#281=PLANE('',#8047);
#282=PLANE('',#8048);
#283=PLANE('',#8049);
#284=PLANE('',#8053);
#285=PLANE('',#8057);
#286=PLANE('',#8061);
#287=PLANE('',#8068);
#288=PLANE('',#8069);
#289=PLANE('',#8070);
#290=PLANE('',#8073);
#291=PLANE('',#8074);
#292=PLANE('',#8075);
#293=PLANE('',#8084);
#294=PLANE('',#8087);
#295=PLANE('',#8088);
#296=PLANE('',#8089);
#297=PLANE('',#8090);
#298=PLANE('',#8091);
#299=PLANE('',#8092);
#300=PLANE('',#8093);
#301=PLANE('',#8094);
#302=PLANE('',#8095);
#303=PLANE('',#8099);
#304=PLANE('',#8103);
#305=PLANE('',#8107);
#306=PLANE('',#8111);
#307=PLANE('',#8115);
#308=PLANE('',#8119);
#309=PLANE('',#8123);
#310=PLANE('',#8127);
#311=PLANE('',#8131);
#312=PLANE('',#8135);
#313=PLANE('',#8139);
#314=PLANE('',#8143);
#315=PLANE('',#8147);
#316=PLANE('',#8151);
#317=PLANE('',#8155);
#318=PLANE('',#8159);
#319=PLANE('',#8175);
#320=PLANE('',#8179);
#321=PLANE('',#8186);
#322=PLANE('',#8187);
#323=PLANE('',#8191);
#324=PLANE('',#8195);
#325=PLANE('',#8202);
#326=PLANE('',#8203);
#327=PLANE('',#8207);
#328=PLANE('',#8215);
#329=PLANE('',#8218);
#330=PLANE('',#8219);
#331=PLANE('',#8220);
#332=PLANE('',#8221);
#333=PLANE('',#8225);
#334=PLANE('',#8229);
#335=PLANE('',#8233);
#336=PLANE('',#8237);
#337=PLANE('',#8241);
#338=PLANE('',#8245);
#339=PLANE('',#8249);
#340=PLANE('',#8253);
#341=PLANE('',#8257);
#342=PLANE('',#8264);
#343=PLANE('',#8268);
#344=PLANE('',#8275);
#345=PLANE('',#8279);
#346=PLANE('',#8286);
#347=PLANE('',#8290);
#348=PLANE('',#8297);
#349=PLANE('',#8298);
#350=PLANE('',#8299);
#351=PLANE('',#8300);
#352=PLANE('',#8301);
#353=PLANE('',#8302);
#354=PLANE('',#8303);
#355=PLANE('',#8304);
#356=PLANE('',#8305);
#357=PLANE('',#8306);
#358=PLANE('',#8307);
#359=PLANE('',#8308);
#360=PLANE('',#8309);
#361=PLANE('',#8312);
#362=PLANE('',#8315);
#363=PLANE('',#8322);
#364=PLANE('',#8323);
#365=PLANE('',#8324);
#366=PLANE('',#8325);
#367=PLANE('',#8328);
#368=PLANE('',#8329);
#369=PLANE('',#8330);
#370=PLANE('',#8331);
#371=PLANE('',#8332);
#372=PLANE('',#8335);
#373=PLANE('',#8338);
#374=PLANE('',#8345);
#375=PLANE('',#8346);
#376=PLANE('',#8349);
#377=PLANE('',#8352);
#378=PLANE('',#8353);
#379=PLANE('',#8356);
#380=PLANE('',#8359);
#381=PLANE('',#8362);
#382=PLANE('',#8363);
#383=PLANE('',#8367);
#384=PLANE('',#8368);
#385=PLANE('',#8375);
#386=PLANE('',#8376);
#387=PLANE('',#8380);
#388=PLANE('',#8381);
#389=PLANE('',#8388);
#390=PLANE('',#8389);
#391=PLANE('',#8393);
#392=PLANE('',#8401);
#393=PLANE('',#8404);
#394=PLANE('',#8405);
#395=PLANE('',#8406);
#396=PLANE('',#8407);
#397=PLANE('',#8411);
#398=PLANE('',#8419);
#399=PLANE('',#8422);
#400=PLANE('',#8423);
#401=PLANE('',#8424);
#402=PLANE('',#8425);
#403=PLANE('',#8426);
#404=PLANE('',#8427);
#405=PLANE('',#8428);
#406=PLANE('',#8429);
#407=PLANE('',#8430);
#408=PLANE('',#8431);
#409=PLANE('',#8435);
#410=PLANE('',#8436);
#411=PLANE('',#8449);
#412=PLANE('',#8450);
#413=PLANE('',#8463);
#414=PLANE('',#8464);
#415=PLANE('',#8465);
#416=PLANE('',#8466);
#417=PLANE('',#8467);
#418=PLANE('',#8468);
#419=PLANE('',#8469);
#420=PLANE('',#8470);
#421=PLANE('',#8471);
#422=PLANE('',#8472);
#423=PLANE('',#8473);
#424=PLANE('',#8474);
#425=PLANE('',#8475);
#426=PLANE('',#8476);
#427=PLANE('',#8477);
#428=PLANE('',#8478);
#429=PLANE('',#8479);
#430=PLANE('',#8480);
#431=PLANE('',#8481);
#432=PLANE('',#8482);
#433=PLANE('',#8483);
#434=PLANE('',#8484);
#435=PLANE('',#8485);
#436=PLANE('',#8486);
#437=PLANE('',#8487);
#438=PLANE('',#8488);
#439=PLANE('',#8489);
#440=PLANE('',#8490);
#441=PLANE('',#8491);
#442=PLANE('',#8492);
#443=PLANE('',#8493);
#444=PLANE('',#8494);
#445=PLANE('',#8495);
#446=PLANE('',#8496);
#447=PLANE('',#8497);
#448=PLANE('',#8498);
#449=PLANE('',#8499);
#450=PLANE('',#8500);
#451=PLANE('',#8501);
#452=PLANE('',#8502);
#453=PLANE('',#8503);
#454=PLANE('',#8504);
#455=FACE_OUTER_BOUND('',#881,.T.);
#456=FACE_OUTER_BOUND('',#882,.T.);
#457=FACE_OUTER_BOUND('',#883,.T.);
#458=FACE_OUTER_BOUND('',#884,.T.);
#459=FACE_OUTER_BOUND('',#885,.T.);
#460=FACE_OUTER_BOUND('',#886,.T.);
#461=FACE_OUTER_BOUND('',#887,.T.);
#462=FACE_OUTER_BOUND('',#888,.T.);
#463=FACE_OUTER_BOUND('',#890,.T.);
#464=FACE_OUTER_BOUND('',#891,.T.);
#465=FACE_OUTER_BOUND('',#892,.T.);
#466=FACE_OUTER_BOUND('',#893,.T.);
#467=FACE_OUTER_BOUND('',#894,.T.);
#468=FACE_OUTER_BOUND('',#895,.T.);
#469=FACE_OUTER_BOUND('',#896,.T.);
#470=FACE_OUTER_BOUND('',#897,.T.);
#471=FACE_OUTER_BOUND('',#898,.T.);
#472=FACE_OUTER_BOUND('',#899,.T.);
#473=FACE_OUTER_BOUND('',#900,.T.);
#474=FACE_OUTER_BOUND('',#902,.T.);
#475=FACE_OUTER_BOUND('',#903,.T.);
#476=FACE_OUTER_BOUND('',#904,.T.);
#477=FACE_OUTER_BOUND('',#905,.T.);
#478=FACE_OUTER_BOUND('',#906,.T.);
#479=FACE_OUTER_BOUND('',#907,.T.);
#480=FACE_OUTER_BOUND('',#908,.T.);
#481=FACE_OUTER_BOUND('',#909,.T.);
#482=FACE_OUTER_BOUND('',#910,.T.);
#483=FACE_OUTER_BOUND('',#911,.T.);
#484=FACE_OUTER_BOUND('',#912,.T.);
#485=FACE_OUTER_BOUND('',#913,.T.);
#486=FACE_OUTER_BOUND('',#914,.T.);
#487=FACE_OUTER_BOUND('',#918,.T.);
#488=FACE_OUTER_BOUND('',#919,.T.);
#489=FACE_OUTER_BOUND('',#920,.T.);
#490=FACE_OUTER_BOUND('',#922,.T.);
#491=FACE_OUTER_BOUND('',#923,.T.);
#492=FACE_OUTER_BOUND('',#924,.T.);
#493=FACE_OUTER_BOUND('',#925,.T.);
#494=FACE_OUTER_BOUND('',#926,.T.);
#495=FACE_OUTER_BOUND('',#927,.T.);
#496=FACE_OUTER_BOUND('',#928,.T.);
#497=FACE_OUTER_BOUND('',#929,.T.);
#498=FACE_OUTER_BOUND('',#930,.T.);
#499=FACE_OUTER_BOUND('',#931,.T.);
#500=FACE_OUTER_BOUND('',#932,.T.);
#501=FACE_OUTER_BOUND('',#933,.T.);
#502=FACE_OUTER_BOUND('',#934,.T.);
#503=FACE_OUTER_BOUND('',#935,.T.);
#504=FACE_OUTER_BOUND('',#937,.T.);
#505=FACE_OUTER_BOUND('',#938,.T.);
#506=FACE_OUTER_BOUND('',#941,.T.);
#507=FACE_OUTER_BOUND('',#943,.T.);
#508=FACE_OUTER_BOUND('',#945,.T.);
#509=FACE_OUTER_BOUND('',#946,.T.);
#510=FACE_OUTER_BOUND('',#947,.T.);
#511=FACE_OUTER_BOUND('',#948,.T.);
#512=FACE_OUTER_BOUND('',#949,.T.);
#513=FACE_OUTER_BOUND('',#950,.T.);
#514=FACE_OUTER_BOUND('',#951,.T.);
#515=FACE_OUTER_BOUND('',#952,.T.);
#516=FACE_OUTER_BOUND('',#953,.T.);
#517=FACE_OUTER_BOUND('',#955,.T.);
#518=FACE_OUTER_BOUND('',#956,.T.);
#519=FACE_OUTER_BOUND('',#957,.T.);
#520=FACE_OUTER_BOUND('',#958,.T.);
#521=FACE_OUTER_BOUND('',#959,.T.);
#522=FACE_OUTER_BOUND('',#960,.T.);
#523=FACE_OUTER_BOUND('',#961,.T.);
#524=FACE_OUTER_BOUND('',#962,.T.);
#525=FACE_OUTER_BOUND('',#964,.T.);
#526=FACE_OUTER_BOUND('',#965,.T.);
#527=FACE_OUTER_BOUND('',#966,.T.);
#528=FACE_OUTER_BOUND('',#967,.T.);
#529=FACE_OUTER_BOUND('',#969,.T.);
#530=FACE_OUTER_BOUND('',#970,.T.);
#531=FACE_OUTER_BOUND('',#971,.T.);
#532=FACE_OUTER_BOUND('',#972,.T.);
#533=FACE_OUTER_BOUND('',#973,.T.);
#534=FACE_OUTER_BOUND('',#974,.T.);
#535=FACE_OUTER_BOUND('',#975,.T.);
#536=FACE_OUTER_BOUND('',#977,.T.);
#537=FACE_OUTER_BOUND('',#978,.T.);
#538=FACE_OUTER_BOUND('',#979,.T.);
#539=FACE_OUTER_BOUND('',#980,.T.);
#540=FACE_OUTER_BOUND('',#982,.T.);
#541=FACE_OUTER_BOUND('',#983,.T.);
#542=FACE_OUTER_BOUND('',#984,.T.);
#543=FACE_OUTER_BOUND('',#985,.T.);
#544=FACE_OUTER_BOUND('',#986,.T.);
#545=FACE_OUTER_BOUND('',#987,.T.);
#546=FACE_OUTER_BOUND('',#988,.T.);
#547=FACE_OUTER_BOUND('',#989,.T.);
#548=FACE_OUTER_BOUND('',#990,.T.);
#549=FACE_OUTER_BOUND('',#991,.T.);
#550=FACE_OUTER_BOUND('',#992,.T.);
#551=FACE_OUTER_BOUND('',#993,.T.);
#552=FACE_OUTER_BOUND('',#994,.T.);
#553=FACE_OUTER_BOUND('',#995,.T.);
#554=FACE_OUTER_BOUND('',#996,.T.);
#555=FACE_OUTER_BOUND('',#997,.T.);
#556=FACE_OUTER_BOUND('',#998,.T.);
#557=FACE_OUTER_BOUND('',#999,.T.);
#558=FACE_OUTER_BOUND('',#1000,.T.);
#559=FACE_OUTER_BOUND('',#1001,.T.);
#560=FACE_OUTER_BOUND('',#1002,.T.);
#561=FACE_OUTER_BOUND('',#1003,.T.);
#562=FACE_OUTER_BOUND('',#1004,.T.);
#563=FACE_OUTER_BOUND('',#1005,.T.);
#564=FACE_OUTER_BOUND('',#1006,.T.);
#565=FACE_OUTER_BOUND('',#1007,.T.);
#566=FACE_OUTER_BOUND('',#1008,.T.);
#567=FACE_OUTER_BOUND('',#1009,.T.);
#568=FACE_OUTER_BOUND('',#1010,.T.);
#569=FACE_OUTER_BOUND('',#1011,.T.);
#570=FACE_OUTER_BOUND('',#1012,.T.);
#571=FACE_OUTER_BOUND('',#1013,.T.);
#572=FACE_OUTER_BOUND('',#1014,.T.);
#573=FACE_OUTER_BOUND('',#1015,.T.);
#574=FACE_OUTER_BOUND('',#1016,.T.);
#575=FACE_OUTER_BOUND('',#1017,.T.);
#576=FACE_OUTER_BOUND('',#1018,.T.);
#577=FACE_OUTER_BOUND('',#1019,.T.);
#578=FACE_OUTER_BOUND('',#1020,.T.);
#579=FACE_OUTER_BOUND('',#1021,.T.);
#580=FACE_OUTER_BOUND('',#1022,.T.);
#581=FACE_OUTER_BOUND('',#1023,.T.);
#582=FACE_OUTER_BOUND('',#1024,.T.);
#583=FACE_OUTER_BOUND('',#1025,.T.);
#584=FACE_OUTER_BOUND('',#1029,.T.);
#585=FACE_OUTER_BOUND('',#1030,.T.);
#586=FACE_OUTER_BOUND('',#1031,.T.);
#587=FACE_OUTER_BOUND('',#1032,.T.);
#588=FACE_OUTER_BOUND('',#1033,.T.);
#589=FACE_OUTER_BOUND('',#1034,.T.);
#590=FACE_OUTER_BOUND('',#1035,.T.);
#591=FACE_OUTER_BOUND('',#1036,.T.);
#592=FACE_OUTER_BOUND('',#1037,.T.);
#593=FACE_OUTER_BOUND('',#1041,.T.);
#594=FACE_OUTER_BOUND('',#1042,.T.);
#595=FACE_OUTER_BOUND('',#1043,.T.);
#596=FACE_OUTER_BOUND('',#1044,.T.);
#597=FACE_OUTER_BOUND('',#1045,.T.);
#598=FACE_OUTER_BOUND('',#1046,.T.);
#599=FACE_OUTER_BOUND('',#1048,.T.);
#600=FACE_OUTER_BOUND('',#1050,.T.);
#601=FACE_OUTER_BOUND('',#1051,.T.);
#602=FACE_OUTER_BOUND('',#1052,.T.);
#603=FACE_OUTER_BOUND('',#1057,.T.);
#604=FACE_OUTER_BOUND('',#1058,.T.);
#605=FACE_OUTER_BOUND('',#1059,.T.);
#606=FACE_OUTER_BOUND('',#1060,.T.);
#607=FACE_OUTER_BOUND('',#1061,.T.);
#608=FACE_OUTER_BOUND('',#1062,.T.);
#609=FACE_OUTER_BOUND('',#1063,.T.);
#610=FACE_OUTER_BOUND('',#1064,.T.);
#611=FACE_OUTER_BOUND('',#1065,.T.);
#612=FACE_OUTER_BOUND('',#1066,.T.);
#613=FACE_OUTER_BOUND('',#1067,.T.);
#614=FACE_OUTER_BOUND('',#1068,.T.);
#615=FACE_OUTER_BOUND('',#1069,.T.);
#616=FACE_OUTER_BOUND('',#1070,.T.);
#617=FACE_OUTER_BOUND('',#1074,.T.);
#618=FACE_OUTER_BOUND('',#1075,.T.);
#619=FACE_OUTER_BOUND('',#1076,.T.);
#620=FACE_OUTER_BOUND('',#1077,.T.);
#621=FACE_OUTER_BOUND('',#1078,.T.);
#622=FACE_OUTER_BOUND('',#1079,.T.);
#623=FACE_OUTER_BOUND('',#1080,.T.);
#624=FACE_OUTER_BOUND('',#1081,.T.);
#625=FACE_OUTER_BOUND('',#1082,.T.);
#626=FACE_OUTER_BOUND('',#1083,.T.);
#627=FACE_OUTER_BOUND('',#1084,.T.);
#628=FACE_OUTER_BOUND('',#1085,.T.);
#629=FACE_OUTER_BOUND('',#1086,.T.);
#630=FACE_OUTER_BOUND('',#1087,.T.);
#631=FACE_OUTER_BOUND('',#1088,.T.);
#632=FACE_OUTER_BOUND('',#1089,.T.);
#633=FACE_OUTER_BOUND('',#1090,.T.);
#634=FACE_OUTER_BOUND('',#1091,.T.);
#635=FACE_OUTER_BOUND('',#1092,.T.);
#636=FACE_OUTER_BOUND('',#1093,.T.);
#637=FACE_OUTER_BOUND('',#1094,.T.);
#638=FACE_OUTER_BOUND('',#1095,.T.);
#639=FACE_OUTER_BOUND('',#1096,.T.);
#640=FACE_OUTER_BOUND('',#1097,.T.);
#641=FACE_OUTER_BOUND('',#1098,.T.);
#642=FACE_OUTER_BOUND('',#1099,.T.);
#643=FACE_OUTER_BOUND('',#1100,.T.);
#644=FACE_OUTER_BOUND('',#1101,.T.);
#645=FACE_OUTER_BOUND('',#1103,.T.);
#646=FACE_OUTER_BOUND('',#1104,.T.);
#647=FACE_OUTER_BOUND('',#1105,.T.);
#648=FACE_OUTER_BOUND('',#1106,.T.);
#649=FACE_OUTER_BOUND('',#1107,.T.);
#650=FACE_OUTER_BOUND('',#1108,.T.);
#651=FACE_OUTER_BOUND('',#1109,.T.);
#652=FACE_OUTER_BOUND('',#1110,.T.);
#653=FACE_OUTER_BOUND('',#1111,.T.);
#654=FACE_OUTER_BOUND('',#1113,.T.);
#655=FACE_OUTER_BOUND('',#1114,.T.);
#656=FACE_OUTER_BOUND('',#1115,.T.);
#657=FACE_OUTER_BOUND('',#1116,.T.);
#658=FACE_OUTER_BOUND('',#1117,.T.);
#659=FACE_OUTER_BOUND('',#1118,.T.);
#660=FACE_OUTER_BOUND('',#1119,.T.);
#661=FACE_OUTER_BOUND('',#1120,.T.);
#662=FACE_OUTER_BOUND('',#1122,.T.);
#663=FACE_OUTER_BOUND('',#1123,.T.);
#664=FACE_OUTER_BOUND('',#1124,.T.);
#665=FACE_OUTER_BOUND('',#1125,.T.);
#666=FACE_OUTER_BOUND('',#1126,.T.);
#667=FACE_OUTER_BOUND('',#1127,.T.);
#668=FACE_OUTER_BOUND('',#1128,.T.);
#669=FACE_OUTER_BOUND('',#1129,.T.);
#670=FACE_OUTER_BOUND('',#1131,.T.);
#671=FACE_OUTER_BOUND('',#1132,.T.);
#672=FACE_OUTER_BOUND('',#1133,.T.);
#673=FACE_OUTER_BOUND('',#1134,.T.);
#674=FACE_OUTER_BOUND('',#1135,.T.);
#675=FACE_OUTER_BOUND('',#1136,.T.);
#676=FACE_OUTER_BOUND('',#1137,.T.);
#677=FACE_OUTER_BOUND('',#1138,.T.);
#678=FACE_OUTER_BOUND('',#1140,.T.);
#679=FACE_OUTER_BOUND('',#1141,.T.);
#680=FACE_OUTER_BOUND('',#1142,.T.);
#681=FACE_OUTER_BOUND('',#1143,.T.);
#682=FACE_OUTER_BOUND('',#1144,.T.);
#683=FACE_OUTER_BOUND('',#1145,.T.);
#684=FACE_OUTER_BOUND('',#1146,.T.);
#685=FACE_OUTER_BOUND('',#1147,.T.);
#686=FACE_OUTER_BOUND('',#1148,.T.);
#687=FACE_OUTER_BOUND('',#1149,.T.);
#688=FACE_OUTER_BOUND('',#1150,.T.);
#689=FACE_OUTER_BOUND('',#1151,.T.);
#690=FACE_OUTER_BOUND('',#1152,.T.);
#691=FACE_OUTER_BOUND('',#1153,.T.);
#692=FACE_OUTER_BOUND('',#1154,.T.);
#693=FACE_OUTER_BOUND('',#1155,.T.);
#694=FACE_OUTER_BOUND('',#1156,.T.);
#695=FACE_OUTER_BOUND('',#1157,.T.);
#696=FACE_OUTER_BOUND('',#1158,.T.);
#697=FACE_OUTER_BOUND('',#1159,.T.);
#698=FACE_OUTER_BOUND('',#1160,.T.);
#699=FACE_OUTER_BOUND('',#1161,.T.);
#700=FACE_OUTER_BOUND('',#1176,.T.);
#701=FACE_OUTER_BOUND('',#1177,.T.);
#702=FACE_OUTER_BOUND('',#1178,.T.);
#703=FACE_OUTER_BOUND('',#1189,.T.);
#704=FACE_OUTER_BOUND('',#1190,.T.);
#705=FACE_OUTER_BOUND('',#1191,.T.);
#706=FACE_OUTER_BOUND('',#1192,.T.);
#707=FACE_OUTER_BOUND('',#1193,.T.);
#708=FACE_OUTER_BOUND('',#1194,.T.);
#709=FACE_OUTER_BOUND('',#1195,.T.);
#710=FACE_OUTER_BOUND('',#1196,.T.);
#711=FACE_OUTER_BOUND('',#1197,.T.);
#712=FACE_OUTER_BOUND('',#1198,.T.);
#713=FACE_OUTER_BOUND('',#1199,.T.);
#714=FACE_OUTER_BOUND('',#1200,.T.);
#715=FACE_OUTER_BOUND('',#1201,.T.);
#716=FACE_OUTER_BOUND('',#1202,.T.);
#717=FACE_OUTER_BOUND('',#1203,.T.);
#718=FACE_OUTER_BOUND('',#1204,.T.);
#719=FACE_OUTER_BOUND('',#1205,.T.);
#720=FACE_OUTER_BOUND('',#1206,.T.);
#721=FACE_OUTER_BOUND('',#1207,.T.);
#722=FACE_OUTER_BOUND('',#1208,.T.);
#723=FACE_OUTER_BOUND('',#1209,.T.);
#724=FACE_OUTER_BOUND('',#1210,.T.);
#725=FACE_OUTER_BOUND('',#1211,.T.);
#726=FACE_OUTER_BOUND('',#1213,.T.);
#727=FACE_OUTER_BOUND('',#1214,.T.);
#728=FACE_OUTER_BOUND('',#1215,.T.);
#729=FACE_OUTER_BOUND('',#1217,.T.);
#730=FACE_OUTER_BOUND('',#1218,.T.);
#731=FACE_OUTER_BOUND('',#1220,.T.);
#732=FACE_OUTER_BOUND('',#1221,.T.);
#733=FACE_OUTER_BOUND('',#1222,.T.);
#734=FACE_OUTER_BOUND('',#1224,.T.);
#735=FACE_OUTER_BOUND('',#1225,.T.);
#736=FACE_OUTER_BOUND('',#1227,.T.);
#737=FACE_OUTER_BOUND('',#1228,.T.);
#738=FACE_OUTER_BOUND('',#1229,.T.);
#739=FACE_OUTER_BOUND('',#1231,.T.);
#740=FACE_OUTER_BOUND('',#1232,.T.);
#741=FACE_OUTER_BOUND('',#1234,.T.);
#742=FACE_OUTER_BOUND('',#1235,.T.);
#743=FACE_OUTER_BOUND('',#1236,.T.);
#744=FACE_OUTER_BOUND('',#1238,.T.);
#745=FACE_OUTER_BOUND('',#1239,.T.);
#746=FACE_OUTER_BOUND('',#1240,.T.);
#747=FACE_OUTER_BOUND('',#1241,.T.);
#748=FACE_OUTER_BOUND('',#1242,.T.);
#749=FACE_OUTER_BOUND('',#1243,.T.);
#750=FACE_OUTER_BOUND('',#1244,.T.);
#751=FACE_OUTER_BOUND('',#1245,.T.);
#752=FACE_OUTER_BOUND('',#1246,.T.);
#753=FACE_OUTER_BOUND('',#1247,.T.);
#754=FACE_OUTER_BOUND('',#1248,.T.);
#755=FACE_OUTER_BOUND('',#1249,.T.);
#756=FACE_OUTER_BOUND('',#1250,.T.);
#757=FACE_OUTER_BOUND('',#1251,.T.);
#758=FACE_OUTER_BOUND('',#1252,.T.);
#759=FACE_OUTER_BOUND('',#1253,.T.);
#760=FACE_OUTER_BOUND('',#1254,.T.);
#761=FACE_OUTER_BOUND('',#1256,.T.);
#762=FACE_OUTER_BOUND('',#1257,.T.);
#763=FACE_OUTER_BOUND('',#1258,.T.);
#764=FACE_OUTER_BOUND('',#1259,.T.);
#765=FACE_OUTER_BOUND('',#1261,.T.);
#766=FACE_OUTER_BOUND('',#1262,.T.);
#767=FACE_OUTER_BOUND('',#1263,.T.);
#768=FACE_OUTER_BOUND('',#1264,.T.);
#769=FACE_OUTER_BOUND('',#1265,.T.);
#770=FACE_OUTER_BOUND('',#1266,.T.);
#771=FACE_OUTER_BOUND('',#1267,.T.);
#772=FACE_OUTER_BOUND('',#1268,.T.);
#773=FACE_OUTER_BOUND('',#1269,.T.);
#774=FACE_OUTER_BOUND('',#1271,.T.);
#775=FACE_OUTER_BOUND('',#1272,.T.);
#776=FACE_OUTER_BOUND('',#1274,.T.);
#777=FACE_OUTER_BOUND('',#1275,.T.);
#778=FACE_OUTER_BOUND('',#1276,.T.);
#779=FACE_OUTER_BOUND('',#1285,.T.);
#780=FACE_OUTER_BOUND('',#1286,.T.);
#781=FACE_OUTER_BOUND('',#1287,.T.);
#782=FACE_OUTER_BOUND('',#1288,.T.);
#783=FACE_OUTER_BOUND('',#1297,.T.);
#784=FACE_OUTER_BOUND('',#1298,.T.);
#785=FACE_OUTER_BOUND('',#1299,.T.);
#786=FACE_OUTER_BOUND('',#1300,.T.);
#787=FACE_OUTER_BOUND('',#1301,.T.);
#788=FACE_OUTER_BOUND('',#1302,.T.);
#789=FACE_OUTER_BOUND('',#1304,.T.);
#790=FACE_OUTER_BOUND('',#1305,.T.);
#791=FACE_OUTER_BOUND('',#1306,.T.);
#792=FACE_OUTER_BOUND('',#1307,.T.);
#793=FACE_OUTER_BOUND('',#1309,.T.);
#794=FACE_OUTER_BOUND('',#1310,.T.);
#795=FACE_OUTER_BOUND('',#1311,.T.);
#796=FACE_OUTER_BOUND('',#1313,.T.);
#797=FACE_OUTER_BOUND('',#1314,.T.);
#798=FACE_OUTER_BOUND('',#1315,.T.);
#799=FACE_OUTER_BOUND('',#1316,.T.);
#800=FACE_OUTER_BOUND('',#1318,.T.);
#801=FACE_OUTER_BOUND('',#1319,.T.);
#802=FACE_OUTER_BOUND('',#1320,.T.);
#803=FACE_OUTER_BOUND('',#1321,.T.);
#804=FACE_OUTER_BOUND('',#1322,.T.);
#805=FACE_OUTER_BOUND('',#1323,.T.);
#806=FACE_OUTER_BOUND('',#1324,.T.);
#807=FACE_OUTER_BOUND('',#1325,.T.);
#808=FACE_OUTER_BOUND('',#1326,.T.);
#809=FACE_OUTER_BOUND('',#1327,.T.);
#810=FACE_OUTER_BOUND('',#1328,.T.);
#811=FACE_OUTER_BOUND('',#1329,.T.);
#812=FACE_OUTER_BOUND('',#1330,.T.);
#813=FACE_OUTER_BOUND('',#1331,.T.);
#814=FACE_OUTER_BOUND('',#1332,.T.);
#815=FACE_OUTER_BOUND('',#1333,.T.);
#816=FACE_OUTER_BOUND('',#1334,.T.);
#817=FACE_OUTER_BOUND('',#1335,.T.);
#818=FACE_OUTER_BOUND('',#1336,.T.);
#819=FACE_OUTER_BOUND('',#1337,.T.);
#820=FACE_OUTER_BOUND('',#1338,.T.);
#821=FACE_OUTER_BOUND('',#1339,.T.);
#822=FACE_OUTER_BOUND('',#1340,.T.);
#823=FACE_OUTER_BOUND('',#1341,.T.);
#824=FACE_OUTER_BOUND('',#1342,.T.);
#825=FACE_OUTER_BOUND('',#1343,.T.);
#826=FACE_OUTER_BOUND('',#1344,.T.);
#827=FACE_OUTER_BOUND('',#1345,.T.);
#828=FACE_OUTER_BOUND('',#1346,.T.);
#829=FACE_OUTER_BOUND('',#1347,.T.);
#830=FACE_OUTER_BOUND('',#1348,.T.);
#831=FACE_OUTER_BOUND('',#1349,.T.);
#832=FACE_OUTER_BOUND('',#1350,.T.);
#833=FACE_OUTER_BOUND('',#1351,.T.);
#834=FACE_OUTER_BOUND('',#1355,.T.);
#835=FACE_OUTER_BOUND('',#1359,.T.);
#836=FACE_OUTER_BOUND('',#1360,.T.);
#837=FACE_OUTER_BOUND('',#1361,.T.);
#838=FACE_OUTER_BOUND('',#1362,.T.);
#839=FACE_OUTER_BOUND('',#1363,.T.);
#840=FACE_OUTER_BOUND('',#1368,.T.);
#841=FACE_OUTER_BOUND('',#1373,.T.);
#842=FACE_OUTER_BOUND('',#1374,.T.);
#843=FACE_OUTER_BOUND('',#1375,.T.);
#844=FACE_OUTER_BOUND('',#1376,.T.);
#845=FACE_OUTER_BOUND('',#1377,.T.);
#846=FACE_OUTER_BOUND('',#1378,.T.);
#847=FACE_OUTER_BOUND('',#1379,.T.);
#848=FACE_OUTER_BOUND('',#1380,.T.);
#849=FACE_OUTER_BOUND('',#1381,.T.);
#850=FACE_OUTER_BOUND('',#1382,.T.);
#851=FACE_OUTER_BOUND('',#1383,.T.);
#852=FACE_OUTER_BOUND('',#1384,.T.);
#853=FACE_OUTER_BOUND('',#1385,.T.);
#854=FACE_OUTER_BOUND('',#1386,.T.);
#855=FACE_OUTER_BOUND('',#1387,.T.);
#856=FACE_OUTER_BOUND('',#1388,.T.);
#857=FACE_OUTER_BOUND('',#1389,.T.);
#858=FACE_OUTER_BOUND('',#1390,.T.);
#859=FACE_OUTER_BOUND('',#1391,.T.);
#860=FACE_OUTER_BOUND('',#1392,.T.);
#861=FACE_OUTER_BOUND('',#1393,.T.);
#862=FACE_OUTER_BOUND('',#1394,.T.);
#863=FACE_OUTER_BOUND('',#1395,.T.);
#864=FACE_OUTER_BOUND('',#1396,.T.);
#865=FACE_OUTER_BOUND('',#1397,.T.);
#866=FACE_OUTER_BOUND('',#1398,.T.);
#867=FACE_OUTER_BOUND('',#1399,.T.);
#868=FACE_OUTER_BOUND('',#1400,.T.);
#869=FACE_OUTER_BOUND('',#1401,.T.);
#870=FACE_OUTER_BOUND('',#1402,.T.);
#871=FACE_OUTER_BOUND('',#1403,.T.);
#872=FACE_OUTER_BOUND('',#1404,.T.);
#873=FACE_OUTER_BOUND('',#1405,.T.);
#874=FACE_OUTER_BOUND('',#1406,.T.);
#875=FACE_OUTER_BOUND('',#1407,.T.);
#876=FACE_OUTER_BOUND('',#1408,.T.);
#877=FACE_OUTER_BOUND('',#1409,.T.);
#878=FACE_OUTER_BOUND('',#1410,.T.);
#879=FACE_OUTER_BOUND('',#1411,.T.);
#880=FACE_OUTER_BOUND('',#1412,.T.);
#881=EDGE_LOOP('',(#5061,#5062,#5063,#5064));
#882=EDGE_LOOP('',(#5065));
#883=EDGE_LOOP('',(#5066,#5067,#5068,#5069));
#884=EDGE_LOOP('',(#5070,#5071,#5072,#5073));
#885=EDGE_LOOP('',(#5074,#5075,#5076,#5077));
#886=EDGE_LOOP('',(#5078,#5079,#5080,#5081));
#887=EDGE_LOOP('',(#5082,#5083,#5084,#5085));
#888=EDGE_LOOP('',(#5086,#5087,#5088,#5089,#5090,#5091,#5092,#5093));
#889=EDGE_LOOP('',(#5094));
#890=EDGE_LOOP('',(#5095,#5096,#5097,#5098));
#891=EDGE_LOOP('',(#5099,#5100,#5101,#5102));
#892=EDGE_LOOP('',(#5103,#5104,#5105,#5106));
#893=EDGE_LOOP('',(#5107,#5108,#5109,#5110));
#894=EDGE_LOOP('',(#5111));
#895=EDGE_LOOP('',(#5112,#5113,#5114,#5115));
#896=EDGE_LOOP('',(#5116,#5117,#5118,#5119));
#897=EDGE_LOOP('',(#5120,#5121,#5122,#5123));
#898=EDGE_LOOP('',(#5124,#5125,#5126,#5127));
#899=EDGE_LOOP('',(#5128,#5129,#5130,#5131));
#900=EDGE_LOOP('',(#5132,#5133,#5134,#5135,#5136,#5137,#5138,#5139));
#901=EDGE_LOOP('',(#5140));
#902=EDGE_LOOP('',(#5141,#5142,#5143,#5144));
#903=EDGE_LOOP('',(#5145,#5146,#5147,#5148));
#904=EDGE_LOOP('',(#5149,#5150,#5151,#5152));
#905=EDGE_LOOP('',(#5153,#5154,#5155,#5156));
#906=EDGE_LOOP('',(#5157,#5158,#5159,#5160));
#907=EDGE_LOOP('',(#5161,#5162,#5163,#5164));
#908=EDGE_LOOP('',(#5165,#5166,#5167,#5168));
#909=EDGE_LOOP('',(#5169,#5170,#5171,#5172));
#910=EDGE_LOOP('',(#5173,#5174,#5175,#5176));
#911=EDGE_LOOP('',(#5177,#5178,#5179,#5180));
#912=EDGE_LOOP('',(#5181,#5182,#5183,#5184));
#913=EDGE_LOOP('',(#5185,#5186,#5187,#5188));
#914=EDGE_LOOP('',(#5189,#5190,#5191,#5192,#5193,#5194,#5195,#5196));
#915=EDGE_LOOP('',(#5197,#5198,#5199,#5200,#5201,#5202,#5203,#5204));
#916=EDGE_LOOP('',(#5205,#5206,#5207,#5208,#5209,#5210,#5211,#5212));
#917=EDGE_LOOP('',(#5213,#5214,#5215,#5216,#5217,#5218,#5219,#5220));
#918=EDGE_LOOP('',(#5221,#5222,#5223,#5224));
#919=EDGE_LOOP('',(#5225,#5226,#5227,#5228));
#920=EDGE_LOOP('',(#5229,#5230,#5231,#5232,#5233,#5234,#5235,#5236));
#921=EDGE_LOOP('',(#5237,#5238,#5239,#5240,#5241,#5242,#5243,#5244));
#922=EDGE_LOOP('',(#5245,#5246,#5247,#5248));
#923=EDGE_LOOP('',(#5249,#5250,#5251,#5252));
#924=EDGE_LOOP('',(#5253,#5254,#5255,#5256));
#925=EDGE_LOOP('',(#5257,#5258,#5259,#5260));
#926=EDGE_LOOP('',(#5261,#5262,#5263,#5264));
#927=EDGE_LOOP('',(#5265,#5266,#5267,#5268));
#928=EDGE_LOOP('',(#5269,#5270,#5271,#5272));
#929=EDGE_LOOP('',(#5273,#5274,#5275,#5276,#5277,#5278,#5279,#5280));
#930=EDGE_LOOP('',(#5281,#5282,#5283,#5284,#5285,#5286,#5287,#5288,#5289,
#5290,#5291,#5292));
#931=EDGE_LOOP('',(#5293,#5294,#5295,#5296));
#932=EDGE_LOOP('',(#5297));
#933=EDGE_LOOP('',(#5298,#5299,#5300,#5301,#5302,#5303,#5304,#5305,#5306,
#5307,#5308,#5309,#5310,#5311));
#934=EDGE_LOOP('',(#5312,#5313,#5314));
#935=EDGE_LOOP('',(#5315));
#936=EDGE_LOOP('',(#5316));
#937=EDGE_LOOP('',(#5317,#5318,#5319,#5320,#5321,#5322));
#938=EDGE_LOOP('',(#5323,#5324,#5325,#5326,#5327,#5328,#5329,#5330,#5331,
#5332,#5333,#5334,#5335,#5336,#5337,#5338,#5339,#5340,#5341,#5342,#5343,
#5344,#5345,#5346,#5347,#5348,#5349,#5350,#5351,#5352,#5353,#5354,#5355,
#5356));
#939=EDGE_LOOP('',(#5357,#5358,#5359,#5360));
#940=EDGE_LOOP('',(#5361,#5362,#5363,#5364));
#941=EDGE_LOOP('',(#5365,#5366,#5367,#5368,#5369,#5370,#5371,#5372,#5373,
#5374));
#942=EDGE_LOOP('',(#5375));
#943=EDGE_LOOP('',(#5376,#5377,#5378,#5379,#5380,#5381,#5382,#5383));
#944=EDGE_LOOP('',(#5384));
#945=EDGE_LOOP('',(#5385,#5386,#5387,#5388));
#946=EDGE_LOOP('',(#5389,#5390,#5391,#5392));
#947=EDGE_LOOP('',(#5393,#5394,#5395,#5396));
#948=EDGE_LOOP('',(#5397,#5398,#5399,#5400));
#949=EDGE_LOOP('',(#5401,#5402,#5403,#5404));
#950=EDGE_LOOP('',(#5405));
#951=EDGE_LOOP('',(#5406,#5407,#5408,#5409,#5410,#5411));
#952=EDGE_LOOP('',(#5412,#5413,#5414,#5415));
#953=EDGE_LOOP('',(#5416,#5417,#5418,#5419));
#954=EDGE_LOOP('',(#5420));
#955=EDGE_LOOP('',(#5421,#5422,#5423,#5424));
#956=EDGE_LOOP('',(#5425,#5426,#5427,#5428,#5429,#5430));
#957=EDGE_LOOP('',(#5431,#5432,#5433,#5434));
#958=EDGE_LOOP('',(#5435,#5436,#5437,#5438));
#959=EDGE_LOOP('',(#5439,#5440,#5441,#5442));
#960=EDGE_LOOP('',(#5443));
#961=EDGE_LOOP('',(#5444,#5445,#5446,#5447,#5448,#5449));
#962=EDGE_LOOP('',(#5450,#5451,#5452,#5453));
#963=EDGE_LOOP('',(#5454));
#964=EDGE_LOOP('',(#5455,#5456,#5457,#5458,#5459,#5460));
#965=EDGE_LOOP('',(#5461,#5462,#5463,#5464));
#966=EDGE_LOOP('',(#5465,#5466,#5467,#5468));
#967=EDGE_LOOP('',(#5469,#5470,#5471,#5472,#5473,#5474,#5475,#5476,#5477,
#5478));
#968=EDGE_LOOP('',(#5479,#5480,#5481,#5482));
#969=EDGE_LOOP('',(#5483,#5484,#5485,#5486,#5487,#5488,#5489,#5490,#5491,
#5492,#5493,#5494));
#970=EDGE_LOOP('',(#5495,#5496,#5497,#5498));
#971=EDGE_LOOP('',(#5499,#5500,#5501,#5502));
#972=EDGE_LOOP('',(#5503,#5504,#5505,#5506));
#973=EDGE_LOOP('',(#5507));
#974=EDGE_LOOP('',(#5508,#5509,#5510,#5511,#5512,#5513));
#975=EDGE_LOOP('',(#5514,#5515,#5516,#5517));
#976=EDGE_LOOP('',(#5518));
#977=EDGE_LOOP('',(#5519,#5520,#5521,#5522,#5523,#5524));
#978=EDGE_LOOP('',(#5525,#5526,#5527,#5528));
#979=EDGE_LOOP('',(#5529,#5530,#5531,#5532));
#980=EDGE_LOOP('',(#5533,#5534,#5535,#5536,#5537,#5538,#5539,#5540,#5541,
#5542,#5543,#5544,#5545,#5546,#5547,#5548));
#981=EDGE_LOOP('',(#5549,#5550,#5551,#5552));
#982=EDGE_LOOP('',(#5553,#5554,#5555,#5556));
#983=EDGE_LOOP('',(#5557));
#984=EDGE_LOOP('',(#5558,#5559,#5560,#5561,#5562,#5563,#5564,#5565));
#985=EDGE_LOOP('',(#5566,#5567,#5568,#5569,#5570,#5571,#5572,#5573));
#986=EDGE_LOOP('',(#5574,#5575,#5576,#5577));
#987=EDGE_LOOP('',(#5578,#5579,#5580,#5581));
#988=EDGE_LOOP('',(#5582));
#989=EDGE_LOOP('',(#5583,#5584,#5585,#5586));
#990=EDGE_LOOP('',(#5587,#5588,#5589,#5590));
#991=EDGE_LOOP('',(#5591,#5592,#5593,#5594));
#992=EDGE_LOOP('',(#5595,#5596,#5597,#5598));
#993=EDGE_LOOP('',(#5599,#5600,#5601,#5602));
#994=EDGE_LOOP('',(#5603,#5604,#5605,#5606));
#995=EDGE_LOOP('',(#5607,#5608,#5609,#5610,#5611,#5612,#5613,#5614,#5615,
#5616,#5617,#5618,#5619,#5620,#5621,#5622));
#996=EDGE_LOOP('',(#5623,#5624,#5625,#5626,#5627,#5628));
#997=EDGE_LOOP('',(#5629,#5630,#5631,#5632,#5633,#5634,#5635,#5636));
#998=EDGE_LOOP('',(#5637,#5638,#5639,#5640));
#999=EDGE_LOOP('',(#5641,#5642,#5643,#5644,#5645,#5646));
#1000=EDGE_LOOP('',(#5647,#5648,#5649,#5650));
#1001=EDGE_LOOP('',(#5651,#5652,#5653,#5654));
#1002=EDGE_LOOP('',(#5655,#5656,#5657,#5658));
#1003=EDGE_LOOP('',(#5659,#5660,#5661,#5662,#5663,#5664,#5665,#5666,#5667,
#5668));
#1004=EDGE_LOOP('',(#5669,#5670,#5671,#5672));
#1005=EDGE_LOOP('',(#5673,#5674,#5675,#5676));
#1006=EDGE_LOOP('',(#5677,#5678,#5679,#5680));
#1007=EDGE_LOOP('',(#5681,#5682,#5683,#5684));
#1008=EDGE_LOOP('',(#5685,#5686,#5687,#5688));
#1009=EDGE_LOOP('',(#5689,#5690,#5691,#5692));
#1010=EDGE_LOOP('',(#5693,#5694,#5695,#5696));
#1011=EDGE_LOOP('',(#5697,#5698,#5699,#5700));
#1012=EDGE_LOOP('',(#5701,#5702,#5703,#5704));
#1013=EDGE_LOOP('',(#5705,#5706,#5707,#5708));
#1014=EDGE_LOOP('',(#5709,#5710,#5711,#5712,#5713,#5714,#5715,#5716,#5717,
#5718));
#1015=EDGE_LOOP('',(#5719,#5720,#5721,#5722));
#1016=EDGE_LOOP('',(#5723,#5724,#5725,#5726));
#1017=EDGE_LOOP('',(#5727,#5728,#5729,#5730));
#1018=EDGE_LOOP('',(#5731,#5732,#5733,#5734));
#1019=EDGE_LOOP('',(#5735,#5736,#5737,#5738));
#1020=EDGE_LOOP('',(#5739,#5740,#5741,#5742));
#1021=EDGE_LOOP('',(#5743,#5744,#5745,#5746));
#1022=EDGE_LOOP('',(#5747,#5748,#5749,#5750));
#1023=EDGE_LOOP('',(#5751,#5752,#5753,#5754));
#1024=EDGE_LOOP('',(#5755,#5756,#5757,#5758));
#1025=EDGE_LOOP('',(#5759,#5760,#5761,#5762,#5763,#5764,#5765,#5766));
#1026=EDGE_LOOP('',(#5767,#5768,#5769,#5770));
#1027=EDGE_LOOP('',(#5771));
#1028=EDGE_LOOP('',(#5772));
#1029=EDGE_LOOP('',(#5773,#5774,#5775,#5776));
#1030=EDGE_LOOP('',(#5777,#5778,#5779,#5780));
#1031=EDGE_LOOP('',(#5781,#5782,#5783,#5784));
#1032=EDGE_LOOP('',(#5785,#5786,#5787,#5788));
#1033=EDGE_LOOP('',(#5789,#5790,#5791,#5792));
#1034=EDGE_LOOP('',(#5793,#5794,#5795,#5796));
#1035=EDGE_LOOP('',(#5797,#5798,#5799,#5800));
#1036=EDGE_LOOP('',(#5801,#5802,#5803,#5804));
#1037=EDGE_LOOP('',(#5805,#5806,#5807,#5808,#5809,#5810,#5811,#5812));
#1038=EDGE_LOOP('',(#5813));
#1039=EDGE_LOOP('',(#5814));
#1040=EDGE_LOOP('',(#5815,#5816,#5817,#5818));
#1041=EDGE_LOOP('',(#5819,#5820,#5821,#5822));
#1042=EDGE_LOOP('',(#5823,#5824,#5825,#5826));
#1043=EDGE_LOOP('',(#5827,#5828,#5829,#5830));
#1044=EDGE_LOOP('',(#5831,#5832,#5833,#5834));
#1045=EDGE_LOOP('',(#5835,#5836,#5837,#5838,#5839,#5840));
#1046=EDGE_LOOP('',(#5841,#5842,#5843,#5844,#5845,#5846,#5847,#5848));
#1047=EDGE_LOOP('',(#5849));
#1048=EDGE_LOOP('',(#5850,#5851,#5852,#5853));
#1049=EDGE_LOOP('',(#5854));
#1050=EDGE_LOOP('',(#5855,#5856,#5857,#5858));
#1051=EDGE_LOOP('',(#5859,#5860,#5861,#5862,#5863,#5864));
#1052=EDGE_LOOP('',(#5865,#5866,#5867,#5868));
#1053=EDGE_LOOP('',(#5869,#5870,#5871,#5872));
#1054=EDGE_LOOP('',(#5873,#5874,#5875,#5876));
#1055=EDGE_LOOP('',(#5877,#5878,#5879,#5880));
#1056=EDGE_LOOP('',(#5881,#5882));
#1057=EDGE_LOOP('',(#5883,#5884,#5885,#5886));
#1058=EDGE_LOOP('',(#5887,#5888,#5889,#5890));
#1059=EDGE_LOOP('',(#5891,#5892,#5893,#5894));
#1060=EDGE_LOOP('',(#5895,#5896,#5897,#5898));
#1061=EDGE_LOOP('',(#5899,#5900,#5901,#5902));
#1062=EDGE_LOOP('',(#5903,#5904,#5905,#5906));
#1063=EDGE_LOOP('',(#5907,#5908,#5909,#5910));
#1064=EDGE_LOOP('',(#5911,#5912,#5913,#5914));
#1065=EDGE_LOOP('',(#5915,#5916,#5917,#5918));
#1066=EDGE_LOOP('',(#5919,#5920,#5921,#5922));
#1067=EDGE_LOOP('',(#5923,#5924,#5925,#5926));
#1068=EDGE_LOOP('',(#5927,#5928,#5929,#5930));
#1069=EDGE_LOOP('',(#5931,#5932,#5933,#5934));
#1070=EDGE_LOOP('',(#5935,#5936,#5937,#5938));
#1071=EDGE_LOOP('',(#5939,#5940,#5941,#5942,#5943,#5944));
#1072=EDGE_LOOP('',(#5945,#5946,#5947,#5948));
#1073=EDGE_LOOP('',(#5949,#5950,#5951,#5952));
#1074=EDGE_LOOP('',(#5953,#5954,#5955,#5956));
#1075=EDGE_LOOP('',(#5957,#5958,#5959,#5960));
#1076=EDGE_LOOP('',(#5961));
#1077=EDGE_LOOP('',(#5962,#5963,#5964,#5965));
#1078=EDGE_LOOP('',(#5966,#5967,#5968,#5969));
#1079=EDGE_LOOP('',(#5970,#5971,#5972,#5973));
#1080=EDGE_LOOP('',(#5974,#5975,#5976,#5977,#5978,#5979,#5980,#5981));
#1081=EDGE_LOOP('',(#5982,#5983,#5984,#5985));
#1082=EDGE_LOOP('',(#5986,#5987,#5988,#5989));
#1083=EDGE_LOOP('',(#5990,#5991,#5992,#5993,#5994,#5995,#5996,#5997));
#1084=EDGE_LOOP('',(#5998,#5999,#6000));
#1085=EDGE_LOOP('',(#6001,#6002,#6003,#6004,#6005,#6006,#6007,#6008));
#1086=EDGE_LOOP('',(#6009,#6010,#6011,#6012,#6013,#6014,#6015,#6016,#6017,
#6018,#6019,#6020,#6021,#6022,#6023,#6024));
#1087=EDGE_LOOP('',(#6025,#6026,#6027,#6028));
#1088=EDGE_LOOP('',(#6029,#6030,#6031,#6032,#6033,#6034,#6035,#6036,#6037,
#6038,#6039,#6040,#6041,#6042,#6043,#6044));
#1089=EDGE_LOOP('',(#6045,#6046,#6047,#6048));
#1090=EDGE_LOOP('',(#6049,#6050,#6051,#6052));
#1091=EDGE_LOOP('',(#6053,#6054,#6055,#6056));
#1092=EDGE_LOOP('',(#6057,#6058,#6059,#6060,#6061,#6062,#6063,#6064));
#1093=EDGE_LOOP('',(#6065,#6066,#6067,#6068));
#1094=EDGE_LOOP('',(#6069,#6070,#6071,#6072));
#1095=EDGE_LOOP('',(#6073,#6074,#6075,#6076,#6077,#6078,#6079,#6080));
#1096=EDGE_LOOP('',(#6081,#6082,#6083,#6084));
#1097=EDGE_LOOP('',(#6085,#6086,#6087));
#1098=EDGE_LOOP('',(#6088,#6089,#6090));
#1099=EDGE_LOOP('',(#6091,#6092,#6093));
#1100=EDGE_LOOP('',(#6094,#6095,#6096,#6097));
#1101=EDGE_LOOP('',(#6098,#6099,#6100,#6101));
#1102=EDGE_LOOP('',(#6102));
#1103=EDGE_LOOP('',(#6103,#6104,#6105,#6106));
#1104=EDGE_LOOP('',(#6107,#6108,#6109,#6110));
#1105=EDGE_LOOP('',(#6111,#6112,#6113,#6114));
#1106=EDGE_LOOP('',(#6115,#6116,#6117,#6118));
#1107=EDGE_LOOP('',(#6119,#6120,#6121,#6122));
#1108=EDGE_LOOP('',(#6123,#6124,#6125,#6126));
#1109=EDGE_LOOP('',(#6127));
#1110=EDGE_LOOP('',(#6128,#6129,#6130,#6131));
#1111=EDGE_LOOP('',(#6132));
#1112=EDGE_LOOP('',(#6133));
#1113=EDGE_LOOP('',(#6134,#6135,#6136,#6137));
#1114=EDGE_LOOP('',(#6138,#6139,#6140,#6141));
#1115=EDGE_LOOP('',(#6142,#6143,#6144,#6145));
#1116=EDGE_LOOP('',(#6146,#6147,#6148,#6149));
#1117=EDGE_LOOP('',(#6150,#6151,#6152,#6153));
#1118=EDGE_LOOP('',(#6154));
#1119=EDGE_LOOP('',(#6155,#6156,#6157,#6158));
#1120=EDGE_LOOP('',(#6159));
#1121=EDGE_LOOP('',(#6160));
#1122=EDGE_LOOP('',(#6161,#6162,#6163,#6164));
#1123=EDGE_LOOP('',(#6165,#6166,#6167,#6168));
#1124=EDGE_LOOP('',(#6169,#6170,#6171,#6172));
#1125=EDGE_LOOP('',(#6173,#6174,#6175,#6176));
#1126=EDGE_LOOP('',(#6177,#6178,#6179,#6180));
#1127=EDGE_LOOP('',(#6181));
#1128=EDGE_LOOP('',(#6182,#6183,#6184,#6185));
#1129=EDGE_LOOP('',(#6186));
#1130=EDGE_LOOP('',(#6187));
#1131=EDGE_LOOP('',(#6188,#6189,#6190,#6191));
#1132=EDGE_LOOP('',(#6192,#6193,#6194,#6195));
#1133=EDGE_LOOP('',(#6196,#6197,#6198,#6199));
#1134=EDGE_LOOP('',(#6200,#6201,#6202,#6203));
#1135=EDGE_LOOP('',(#6204,#6205,#6206,#6207));
#1136=EDGE_LOOP('',(#6208));
#1137=EDGE_LOOP('',(#6209,#6210,#6211,#6212));
#1138=EDGE_LOOP('',(#6213));
#1139=EDGE_LOOP('',(#6214));
#1140=EDGE_LOOP('',(#6215,#6216,#6217,#6218));
#1141=EDGE_LOOP('',(#6219,#6220,#6221,#6222));
#1142=EDGE_LOOP('',(#6223,#6224,#6225,#6226));
#1143=EDGE_LOOP('',(#6227,#6228,#6229,#6230));
#1144=EDGE_LOOP('',(#6231,#6232,#6233,#6234));
#1145=EDGE_LOOP('',(#6235,#6236,#6237,#6238));
#1146=EDGE_LOOP('',(#6239,#6240,#6241,#6242));
#1147=EDGE_LOOP('',(#6243,#6244,#6245,#6246));
#1148=EDGE_LOOP('',(#6247,#6248,#6249,#6250));
#1149=EDGE_LOOP('',(#6251,#6252,#6253,#6254));
#1150=EDGE_LOOP('',(#6255,#6256,#6257,#6258));
#1151=EDGE_LOOP('',(#6259,#6260,#6261,#6262));
#1152=EDGE_LOOP('',(#6263,#6264,#6265,#6266));
#1153=EDGE_LOOP('',(#6267,#6268,#6269,#6270));
#1154=EDGE_LOOP('',(#6271,#6272,#6273,#6274));
#1155=EDGE_LOOP('',(#6275,#6276,#6277,#6278));
#1156=EDGE_LOOP('',(#6279,#6280,#6281,#6282));
#1157=EDGE_LOOP('',(#6283,#6284,#6285,#6286));
#1158=EDGE_LOOP('',(#6287,#6288,#6289,#6290));
#1159=EDGE_LOOP('',(#6291,#6292,#6293,#6294));
#1160=EDGE_LOOP('',(#6295,#6296,#6297,#6298));
#1161=EDGE_LOOP('',(#6299,#6300,#6301,#6302,#6303,#6304,#6305,#6306));
#1162=EDGE_LOOP('',(#6307));
#1163=EDGE_LOOP('',(#6308));
#1164=EDGE_LOOP('',(#6309));
#1165=EDGE_LOOP('',(#6310,#6311,#6312,#6313,#6314,#6315,#6316,#6317));
#1166=EDGE_LOOP('',(#6318,#6319,#6320,#6321,#6322,#6323,#6324,#6325));
#1167=EDGE_LOOP('',(#6326));
#1168=EDGE_LOOP('',(#6327));
#1169=EDGE_LOOP('',(#6328));
#1170=EDGE_LOOP('',(#6329));
#1171=EDGE_LOOP('',(#6330));
#1172=EDGE_LOOP('',(#6331,#6332,#6333,#6334));
#1173=EDGE_LOOP('',(#6335,#6336,#6337,#6338));
#1174=EDGE_LOOP('',(#6339,#6340,#6341,#6342));
#1175=EDGE_LOOP('',(#6343,#6344,#6345,#6346));
#1176=EDGE_LOOP('',(#6347,#6348,#6349,#6350));
#1177=EDGE_LOOP('',(#6351,#6352,#6353,#6354));
#1178=EDGE_LOOP('',(#6355,#6356,#6357,#6358,#6359,#6360,#6361,#6362));
#1179=EDGE_LOOP('',(#6363,#6364,#6365,#6366));
#1180=EDGE_LOOP('',(#6367,#6368,#6369,#6370,#6371,#6372,#6373,#6374));
#1181=EDGE_LOOP('',(#6375,#6376,#6377,#6378,#6379,#6380,#6381,#6382));
#1182=EDGE_LOOP('',(#6383));
#1183=EDGE_LOOP('',(#6384));
#1184=EDGE_LOOP('',(#6385));
#1185=EDGE_LOOP('',(#6386));
#1186=EDGE_LOOP('',(#6387,#6388,#6389,#6390));
#1187=EDGE_LOOP('',(#6391,#6392,#6393,#6394));
#1188=EDGE_LOOP('',(#6395,#6396,#6397,#6398));
#1189=EDGE_LOOP('',(#6399,#6400,#6401,#6402));
#1190=EDGE_LOOP('',(#6403,#6404,#6405,#6406));
#1191=EDGE_LOOP('',(#6407,#6408,#6409,#6410));
#1192=EDGE_LOOP('',(#6411,#6412,#6413,#6414));
#1193=EDGE_LOOP('',(#6415,#6416,#6417,#6418));
#1194=EDGE_LOOP('',(#6419,#6420,#6421,#6422));
#1195=EDGE_LOOP('',(#6423,#6424,#6425,#6426));
#1196=EDGE_LOOP('',(#6427,#6428,#6429,#6430));
#1197=EDGE_LOOP('',(#6431,#6432,#6433,#6434));
#1198=EDGE_LOOP('',(#6435,#6436,#6437,#6438));
#1199=EDGE_LOOP('',(#6439,#6440,#6441,#6442));
#1200=EDGE_LOOP('',(#6443,#6444,#6445,#6446));
#1201=EDGE_LOOP('',(#6447,#6448,#6449,#6450));
#1202=EDGE_LOOP('',(#6451,#6452,#6453,#6454));
#1203=EDGE_LOOP('',(#6455,#6456,#6457,#6458));
#1204=EDGE_LOOP('',(#6459,#6460,#6461,#6462));
#1205=EDGE_LOOP('',(#6463,#6464,#6465,#6466));
#1206=EDGE_LOOP('',(#6467,#6468,#6469,#6470));
#1207=EDGE_LOOP('',(#6471,#6472,#6473,#6474));
#1208=EDGE_LOOP('',(#6475,#6476,#6477,#6478));
#1209=EDGE_LOOP('',(#6479,#6480,#6481,#6482));
#1210=EDGE_LOOP('',(#6483,#6484,#6485,#6486));
#1211=EDGE_LOOP('',(#6487));
#1212=EDGE_LOOP('',(#6488));
#1213=EDGE_LOOP('',(#6489,#6490,#6491,#6492));
#1214=EDGE_LOOP('',(#6493,#6494,#6495,#6496));
#1215=EDGE_LOOP('',(#6497));
#1216=EDGE_LOOP('',(#6498));
#1217=EDGE_LOOP('',(#6499,#6500,#6501,#6502));
#1218=EDGE_LOOP('',(#6503));
#1219=EDGE_LOOP('',(#6504));
#1220=EDGE_LOOP('',(#6505,#6506,#6507,#6508));
#1221=EDGE_LOOP('',(#6509,#6510,#6511,#6512));
#1222=EDGE_LOOP('',(#6513));
#1223=EDGE_LOOP('',(#6514));
#1224=EDGE_LOOP('',(#6515,#6516,#6517,#6518));
#1225=EDGE_LOOP('',(#6519));
#1226=EDGE_LOOP('',(#6520));
#1227=EDGE_LOOP('',(#6521,#6522,#6523,#6524));
#1228=EDGE_LOOP('',(#6525,#6526,#6527,#6528));
#1229=EDGE_LOOP('',(#6529));
#1230=EDGE_LOOP('',(#6530));
#1231=EDGE_LOOP('',(#6531,#6532,#6533,#6534));
#1232=EDGE_LOOP('',(#6535));
#1233=EDGE_LOOP('',(#6536));
#1234=EDGE_LOOP('',(#6537,#6538,#6539,#6540));
#1235=EDGE_LOOP('',(#6541,#6542,#6543,#6544));
#1236=EDGE_LOOP('',(#6545));
#1237=EDGE_LOOP('',(#6546));
#1238=EDGE_LOOP('',(#6547,#6548,#6549,#6550));
#1239=EDGE_LOOP('',(#6551,#6552,#6553,#6554));
#1240=EDGE_LOOP('',(#6555,#6556,#6557,#6558));
#1241=EDGE_LOOP('',(#6559,#6560,#6561,#6562));
#1242=EDGE_LOOP('',(#6563,#6564,#6565,#6566));
#1243=EDGE_LOOP('',(#6567,#6568,#6569,#6570));
#1244=EDGE_LOOP('',(#6571,#6572,#6573,#6574));
#1245=EDGE_LOOP('',(#6575,#6576,#6577,#6578));
#1246=EDGE_LOOP('',(#6579,#6580,#6581,#6582));
#1247=EDGE_LOOP('',(#6583,#6584,#6585,#6586));
#1248=EDGE_LOOP('',(#6587,#6588,#6589,#6590));
#1249=EDGE_LOOP('',(#6591,#6592,#6593,#6594,#6595,#6596));
#1250=EDGE_LOOP('',(#6597,#6598,#6599,#6600,#6601,#6602));
#1251=EDGE_LOOP('',(#6603,#6604,#6605,#6606));
#1252=EDGE_LOOP('',(#6607,#6608,#6609,#6610,#6611,#6612));
#1253=EDGE_LOOP('',(#6613,#6614,#6615,#6616,#6617,#6618));
#1254=EDGE_LOOP('',(#6619,#6620,#6621,#6622,#6623,#6624,#6625,#6626));
#1255=EDGE_LOOP('',(#6627,#6628,#6629,#6630));
#1256=EDGE_LOOP('',(#6631,#6632,#6633,#6634));
#1257=EDGE_LOOP('',(#6635,#6636,#6637,#6638));
#1258=EDGE_LOOP('',(#6639,#6640,#6641,#6642,#6643,#6644,#6645,#6646));
#1259=EDGE_LOOP('',(#6647,#6648,#6649,#6650,#6651,#6652,#6653,#6654));
#1260=EDGE_LOOP('',(#6655,#6656,#6657,#6658));
#1261=EDGE_LOOP('',(#6659,#6660,#6661,#6662));
#1262=EDGE_LOOP('',(#6663,#6664,#6665,#6666));
#1263=EDGE_LOOP('',(#6667,#6668,#6669,#6670));
#1264=EDGE_LOOP('',(#6671,#6672,#6673,#6674,#6675,#6676));
#1265=EDGE_LOOP('',(#6677,#6678,#6679,#6680,#6681,#6682));
#1266=EDGE_LOOP('',(#6683,#6684,#6685,#6686));
#1267=EDGE_LOOP('',(#6687,#6688,#6689,#6690,#6691,#6692));
#1268=EDGE_LOOP('',(#6693,#6694,#6695,#6696,#6697,#6698));
#1269=EDGE_LOOP('',(#6699,#6700,#6701,#6702,#6703,#6704,#6705,#6706));
#1270=EDGE_LOOP('',(#6707,#6708,#6709,#6710));
#1271=EDGE_LOOP('',(#6711,#6712,#6713,#6714,#6715,#6716,#6717,#6718));
#1272=EDGE_LOOP('',(#6719,#6720,#6721,#6722,#6723,#6724,#6725,#6726));
#1273=EDGE_LOOP('',(#6727,#6728,#6729,#6730));
#1274=EDGE_LOOP('',(#6731,#6732,#6733,#6734,#6735,#6736));
#1275=EDGE_LOOP('',(#6737,#6738,#6739,#6740));
#1276=EDGE_LOOP('',(#6741,#6742,#6743,#6744,#6745,#6746,#6747,#6748));
#1277=EDGE_LOOP('',(#6749));
#1278=EDGE_LOOP('',(#6750));
#1279=EDGE_LOOP('',(#6751));
#1280=EDGE_LOOP('',(#6752));
#1281=EDGE_LOOP('',(#6753,#6754,#6755,#6756));
#1282=EDGE_LOOP('',(#6757,#6758,#6759,#6760));
#1283=EDGE_LOOP('',(#6761,#6762,#6763,#6764));
#1284=EDGE_LOOP('',(#6765,#6766,#6767,#6768));
#1285=EDGE_LOOP('',(#6769,#6770,#6771,#6772,#6773,#6774));
#1286=EDGE_LOOP('',(#6775,#6776,#6777,#6778));
#1287=EDGE_LOOP('',(#6779,#6780,#6781,#6782,#6783,#6784));
#1288=EDGE_LOOP('',(#6785,#6786,#6787,#6788,#6789,#6790,#6791,#6792));
#1289=EDGE_LOOP('',(#6793));
#1290=EDGE_LOOP('',(#6794));
#1291=EDGE_LOOP('',(#6795));
#1292=EDGE_LOOP('',(#6796));
#1293=EDGE_LOOP('',(#6797,#6798,#6799,#6800));
#1294=EDGE_LOOP('',(#6801,#6802,#6803,#6804));
#1295=EDGE_LOOP('',(#6805,#6806,#6807,#6808));
#1296=EDGE_LOOP('',(#6809,#6810,#6811,#6812));
#1297=EDGE_LOOP('',(#6813,#6814,#6815,#6816,#6817,#6818));
#1298=EDGE_LOOP('',(#6819,#6820,#6821,#6822));
#1299=EDGE_LOOP('',(#6823,#6824,#6825,#6826));
#1300=EDGE_LOOP('',(#6827,#6828,#6829,#6830));
#1301=EDGE_LOOP('',(#6831));
#1302=EDGE_LOOP('',(#6832));
#1303=EDGE_LOOP('',(#6833));
#1304=EDGE_LOOP('',(#6834,#6835,#6836,#6837));
#1305=EDGE_LOOP('',(#6838,#6839,#6840,#6841));
#1306=EDGE_LOOP('',(#6842));
#1307=EDGE_LOOP('',(#6843));
#1308=EDGE_LOOP('',(#6844));
#1309=EDGE_LOOP('',(#6845,#6846,#6847,#6848));
#1310=EDGE_LOOP('',(#6849));
#1311=EDGE_LOOP('',(#6850));
#1312=EDGE_LOOP('',(#6851));
#1313=EDGE_LOOP('',(#6852,#6853,#6854,#6855));
#1314=EDGE_LOOP('',(#6856,#6857,#6858,#6859));
#1315=EDGE_LOOP('',(#6860));
#1316=EDGE_LOOP('',(#6861));
#1317=EDGE_LOOP('',(#6862));
#1318=EDGE_LOOP('',(#6863,#6864,#6865,#6866));
#1319=EDGE_LOOP('',(#6867,#6868,#6869,#6870,#6871,#6872,#6873,#6874));
#1320=EDGE_LOOP('',(#6875,#6876,#6877,#6878));
#1321=EDGE_LOOP('',(#6879,#6880,#6881,#6882));
#1322=EDGE_LOOP('',(#6883,#6884,#6885,#6886,#6887,#6888,#6889,#6890));
#1323=EDGE_LOOP('',(#6891,#6892,#6893,#6894));
#1324=EDGE_LOOP('',(#6895,#6896,#6897,#6898));
#1325=EDGE_LOOP('',(#6899,#6900,#6901,#6902));
#1326=EDGE_LOOP('',(#6903,#6904,#6905,#6906));
#1327=EDGE_LOOP('',(#6907,#6908,#6909,#6910));
#1328=EDGE_LOOP('',(#6911,#6912,#6913,#6914));
#1329=EDGE_LOOP('',(#6915,#6916,#6917,#6918,#6919,#6920,#6921,#6922));
#1330=EDGE_LOOP('',(#6923,#6924,#6925,#6926));
#1331=EDGE_LOOP('',(#6927,#6928,#6929,#6930));
#1332=EDGE_LOOP('',(#6931,#6932,#6933,#6934,#6935,#6936,#6937,#6938));
#1333=EDGE_LOOP('',(#6939,#6940,#6941,#6942));
#1334=EDGE_LOOP('',(#6943,#6944,#6945,#6946));
#1335=EDGE_LOOP('',(#6947,#6948,#6949,#6950));
#1336=EDGE_LOOP('',(#6951,#6952,#6953,#6954));
#1337=EDGE_LOOP('',(#6955,#6956,#6957,#6958));
#1338=EDGE_LOOP('',(#6959,#6960,#6961,#6962));
#1339=EDGE_LOOP('',(#6963,#6964,#6965,#6966));
#1340=EDGE_LOOP('',(#6967,#6968,#6969,#6970));
#1341=EDGE_LOOP('',(#6971,#6972,#6973,#6974));
#1342=EDGE_LOOP('',(#6975,#6976,#6977,#6978));
#1343=EDGE_LOOP('',(#6979,#6980,#6981,#6982));
#1344=EDGE_LOOP('',(#6983,#6984,#6985,#6986));
#1345=EDGE_LOOP('',(#6987));
#1346=EDGE_LOOP('',(#6988));
#1347=EDGE_LOOP('',(#6989,#6990,#6991,#6992));
#1348=EDGE_LOOP('',(#6993,#6994,#6995,#6996));
#1349=EDGE_LOOP('',(#6997,#6998,#6999,#7000));
#1350=EDGE_LOOP('',(#7001,#7002,#7003,#7004));
#1351=EDGE_LOOP('',(#7005));
#1352=EDGE_LOOP('',(#7006));
#1353=EDGE_LOOP('',(#7007));
#1354=EDGE_LOOP('',(#7008));
#1355=EDGE_LOOP('',(#7009));
#1356=EDGE_LOOP('',(#7010));
#1357=EDGE_LOOP('',(#7011));
#1358=EDGE_LOOP('',(#7012));
#1359=EDGE_LOOP('',(#7013,#7014,#7015,#7016));
#1360=EDGE_LOOP('',(#7017,#7018,#7019,#7020));
#1361=EDGE_LOOP('',(#7021,#7022,#7023,#7024));
#1362=EDGE_LOOP('',(#7025,#7026,#7027,#7028));
#1363=EDGE_LOOP('',(#7029,#7030,#7031,#7032));
#1364=EDGE_LOOP('',(#7033));
#1365=EDGE_LOOP('',(#7034));
#1366=EDGE_LOOP('',(#7035));
#1367=EDGE_LOOP('',(#7036));
#1368=EDGE_LOOP('',(#7037,#7038,#7039,#7040));
#1369=EDGE_LOOP('',(#7041));
#1370=EDGE_LOOP('',(#7042));
#1371=EDGE_LOOP('',(#7043));
#1372=EDGE_LOOP('',(#7044));
#1373=EDGE_LOOP('',(#7045,#7046,#7047,#7048));
#1374=EDGE_LOOP('',(#7049,#7050,#7051,#7052));
#1375=EDGE_LOOP('',(#7053,#7054,#7055,#7056));
#1376=EDGE_LOOP('',(#7057,#7058,#7059,#7060));
#1377=EDGE_LOOP('',(#7061,#7062,#7063,#7064));
#1378=EDGE_LOOP('',(#7065,#7066,#7067,#7068));
#1379=EDGE_LOOP('',(#7069,#7070,#7071,#7072));
#1380=EDGE_LOOP('',(#7073,#7074,#7075,#7076));
#1381=EDGE_LOOP('',(#7077,#7078,#7079,#7080));
#1382=EDGE_LOOP('',(#7081,#7082,#7083,#7084));
#1383=EDGE_LOOP('',(#7085,#7086,#7087,#7088));
#1384=EDGE_LOOP('',(#7089,#7090,#7091,#7092));
#1385=EDGE_LOOP('',(#7093,#7094,#7095,#7096));
#1386=EDGE_LOOP('',(#7097,#7098,#7099,#7100));
#1387=EDGE_LOOP('',(#7101,#7102,#7103,#7104));
#1388=EDGE_LOOP('',(#7105,#7106,#7107,#7108));
#1389=EDGE_LOOP('',(#7109,#7110,#7111,#7112));
#1390=EDGE_LOOP('',(#7113,#7114,#7115,#7116));
#1391=EDGE_LOOP('',(#7117,#7118,#7119,#7120));
#1392=EDGE_LOOP('',(#7121,#7122,#7123,#7124));
#1393=EDGE_LOOP('',(#7125,#7126,#7127,#7128));
#1394=EDGE_LOOP('',(#7129,#7130,#7131,#7132));
#1395=EDGE_LOOP('',(#7133,#7134,#7135,#7136));
#1396=EDGE_LOOP('',(#7137,#7138,#7139,#7140));
#1397=EDGE_LOOP('',(#7141,#7142,#7143,#7144));
#1398=EDGE_LOOP('',(#7145,#7146,#7147,#7148));
#1399=EDGE_LOOP('',(#7149,#7150,#7151,#7152));
#1400=EDGE_LOOP('',(#7153,#7154,#7155,#7156));
#1401=EDGE_LOOP('',(#7157,#7158,#7159,#7160));
#1402=EDGE_LOOP('',(#7161,#7162,#7163,#7164));
#1403=EDGE_LOOP('',(#7165,#7166,#7167,#7168));
#1404=EDGE_LOOP('',(#7169,#7170,#7171,#7172));
#1405=EDGE_LOOP('',(#7173,#7174,#7175,#7176));
#1406=EDGE_LOOP('',(#7177,#7178,#7179,#7180));
#1407=EDGE_LOOP('',(#7181,#7182,#7183,#7184));
#1408=EDGE_LOOP('',(#7185,#7186,#7187,#7188));
#1409=EDGE_LOOP('',(#7189,#7190,#7191,#7192));
#1410=EDGE_LOOP('',(#7193,#7194,#7195,#7196));
#1411=EDGE_LOOP('',(#7197,#7198,#7199,#7200));
#1412=EDGE_LOOP('',(#7201,#7202,#7203,#7204));
#1413=LINE('',#10718,#2203);
#1414=LINE('',#10724,#2204);
#1415=LINE('',#10726,#2205);
#1416=LINE('',#10728,#2206);
#1417=LINE('',#10729,#2207);
#1418=LINE('',#10734,#2208);
#1419=LINE('',#10738,#2209);
#1420=LINE('',#10740,#2210);
#1421=LINE('',#10741,#2211);
#1422=LINE('',#10746,#2212);
#1423=LINE('',#10753,#2213);
#1424=LINE('',#10756,#2214);
#1425=LINE('',#10759,#2215);
#1426=LINE('',#10764,#2216);
#1427=LINE('',#10765,#2217);
#1428=LINE('',#10767,#2218);
#1429=LINE('',#10769,#2219);
#1430=LINE('',#10774,#2220);
#1431=LINE('',#10780,#2221);
#1432=LINE('',#10782,#2222);
#1433=LINE('',#10784,#2223);
#1434=LINE('',#10785,#2224);
#1435=LINE('',#10790,#2225);
#1436=LINE('',#10794,#2226);
#1437=LINE('',#10796,#2227);
#1438=LINE('',#10797,#2228);
#1439=LINE('',#10802,#2229);
#1440=LINE('',#10809,#2230);
#1441=LINE('',#10812,#2231);
#1442=LINE('',#10815,#2232);
#1443=LINE('',#10820,#2233);
#1444=LINE('',#10821,#2234);
#1445=LINE('',#10823,#2235);
#1446=LINE('',#10825,#2236);
#1447=LINE('',#10831,#2237);
#1448=LINE('',#10834,#2238);
#1449=LINE('',#10837,#2239);
#1450=LINE('',#10839,#2240);
#1451=LINE('',#10840,#2241);
#1452=LINE('',#10846,#2242);
#1453=LINE('',#10849,#2243);
#1454=LINE('',#10851,#2244);
#1455=LINE('',#10852,#2245);
#1456=LINE('',#10858,#2246);
#1457=LINE('',#10861,#2247);
#1458=LINE('',#10867,#2248);
#1459=LINE('',#10869,#2249);
#1460=LINE('',#10870,#2250);
#1461=LINE('',#10872,#2251);
#1462=LINE('',#10873,#2252);
#1463=LINE('',#10877,#2253);
#1464=LINE('',#10881,#2254);
#1465=LINE('',#10885,#2255);
#1466=LINE('',#10889,#2256);
#1467=LINE('',#10893,#2257);
#1468=LINE('',#10896,#2258);
#1469=LINE('',#10899,#2259);
#1470=LINE('',#10902,#2260);
#1471=LINE('',#10905,#2261);
#1472=LINE('',#10907,#2262);
#1473=LINE('',#10910,#2263);
#1474=LINE('',#10912,#2264);
#1475=LINE('',#10915,#2265);
#1476=LINE('',#10916,#2266);
#1477=LINE('',#10918,#2267);
#1478=LINE('',#10919,#2268);
#1479=LINE('',#10927,#2269);
#1480=LINE('',#10929,#2270);
#1481=LINE('',#10931,#2271);
#1482=LINE('',#10932,#2272);
#1483=LINE('',#10935,#2273);
#1484=LINE('',#10937,#2274);
#1485=LINE('',#10938,#2275);
#1486=LINE('',#10941,#2276);
#1487=LINE('',#10943,#2277);
#1488=LINE('',#10945,#2278);
#1489=LINE('',#10947,#2279);
#1490=LINE('',#10949,#2280);
#1491=LINE('',#10950,#2281);
#1492=LINE('',#10953,#2282);
#1493=LINE('',#10955,#2283);
#1494=LINE('',#10957,#2284);
#1495=LINE('',#10959,#2285);
#1496=LINE('',#10961,#2286);
#1497=LINE('',#10963,#2287);
#1498=LINE('',#10965,#2288);
#1499=LINE('',#10967,#2289);
#1500=LINE('',#10969,#2290);
#1501=LINE('',#10970,#2291);
#1502=LINE('',#10975,#2292);
#1503=LINE('',#10982,#2293);
#1504=LINE('',#10988,#2294);
#1505=LINE('',#10992,#2295);
#1506=LINE('',#10996,#2296);
#1507=LINE('',#11000,#2297);
#1508=LINE('',#11005,#2298);
#1509=LINE('',#11009,#2299);
#1510=LINE('',#11011,#2300);
#1511=LINE('',#11013,#2301);
#1512=LINE('',#11015,#2302);
#1513=LINE('',#11016,#2303);
#1514=LINE('',#11019,#2304);
#1515=LINE('',#11021,#2305);
#1516=LINE('',#11023,#2306);
#1517=LINE('',#11025,#2307);
#1518=LINE('',#11027,#2308);
#1519=LINE('',#11029,#2309);
#1520=LINE('',#11030,#2310);
#1521=LINE('',#11032,#2311);
#1522=LINE('',#11034,#2312);
#1523=LINE('',#11038,#2313);
#1524=LINE('',#11042,#2314);
#1525=LINE('',#11044,#2315);
#1526=LINE('',#11046,#2316);
#1527=LINE('',#11048,#2317);
#1528=LINE('',#11050,#2318);
#1529=LINE('',#11052,#2319);
#1530=LINE('',#11054,#2320);
#1531=LINE('',#11056,#2321);
#1532=LINE('',#11058,#2322);
#1533=LINE('',#11060,#2323);
#1534=LINE('',#11062,#2324);
#1535=LINE('',#11064,#2325);
#1536=LINE('',#11066,#2326);
#1537=LINE('',#11068,#2327);
#1538=LINE('',#11070,#2328);
#1539=LINE('',#11072,#2329);
#1540=LINE('',#11073,#2330);
#1541=LINE('',#11074,#2331);
#1542=LINE('',#11079,#2332);
#1543=LINE('',#11082,#2333);
#1544=LINE('',#11087,#2334);
#1545=LINE('',#11090,#2335);
#1546=LINE('',#11092,#2336);
#1547=LINE('',#11094,#2337);
#1548=LINE('',#11096,#2338);
#1549=LINE('',#11100,#2339);
#1550=LINE('',#11102,#2340);
#1551=LINE('',#11103,#2341);
#1552=LINE('',#11108,#2342);
#1553=LINE('',#11110,#2343);
#1554=LINE('',#11112,#2344);
#1555=LINE('',#11116,#2345);
#1556=LINE('',#11117,#2346);
#1557=LINE('',#11121,#2347);
#1558=LINE('',#11123,#2348);
#1559=LINE('',#11126,#2349);
#1560=LINE('',#11127,#2350);
#1561=LINE('',#11133,#2351);
#1562=LINE('',#11138,#2352);
#1563=LINE('',#11140,#2353);
#1564=LINE('',#11142,#2354);
#1565=LINE('',#11144,#2355);
#1566=LINE('',#11145,#2356);
#1567=LINE('',#11148,#2357);
#1568=LINE('',#11150,#2358);
#1569=LINE('',#11151,#2359);
#1570=LINE('',#11154,#2360);
#1571=LINE('',#11155,#2361);
#1572=LINE('',#11157,#2362);
#1573=LINE('',#11160,#2363);
#1574=LINE('',#11161,#2364);
#1575=LINE('',#11164,#2365);
#1576=LINE('',#11165,#2366);
#1577=LINE('',#11168,#2367);
#1578=LINE('',#11169,#2368);
#1579=LINE('',#11174,#2369);
#1580=LINE('',#11180,#2370);
#1581=LINE('',#11181,#2371);
#1582=LINE('',#11183,#2372);
#1583=LINE('',#11185,#2373);
#1584=LINE('',#11186,#2374);
#1585=LINE('',#11189,#2375);
#1586=LINE('',#11191,#2376);
#1587=LINE('',#11192,#2377);
#1588=LINE('',#11196,#2378);
#1589=LINE('',#11197,#2379);
#1590=LINE('',#11198,#2380);
#1591=LINE('',#11199,#2381);
#1592=LINE('',#11203,#2382);
#1593=LINE('',#11205,#2383);
#1594=LINE('',#11206,#2384);
#1595=LINE('',#11209,#2385);
#1596=LINE('',#11211,#2386);
#1597=LINE('',#11215,#2387);
#1598=LINE('',#11216,#2388);
#1599=LINE('',#11218,#2389);
#1600=LINE('',#11220,#2390);
#1601=LINE('',#11221,#2391);
#1602=LINE('',#11226,#2392);
#1603=LINE('',#11229,#2393);
#1604=LINE('',#11232,#2394);
#1605=LINE('',#11234,#2395);
#1606=LINE('',#11236,#2396);
#1607=LINE('',#11238,#2397);
#1608=LINE('',#11239,#2398);
#1609=LINE('',#11240,#2399);
#1610=LINE('',#11242,#2400);
#1611=LINE('',#11244,#2401);
#1612=LINE('',#11249,#2402);
#1613=LINE('',#11254,#2403);
#1614=LINE('',#11255,#2404);
#1615=LINE('',#11258,#2405);
#1616=LINE('',#11259,#2406);
#1617=LINE('',#11262,#2407);
#1618=LINE('',#11263,#2408);
#1619=LINE('',#11264,#2409);
#1620=LINE('',#11268,#2410);
#1621=LINE('',#11269,#2411);
#1622=LINE('',#11271,#2412);
#1623=LINE('',#11272,#2413);
#1624=LINE('',#11274,#2414);
#1625=LINE('',#11276,#2415);
#1626=LINE('',#11278,#2416);
#1627=LINE('',#11279,#2417);
#1628=LINE('',#11284,#2418);
#1629=LINE('',#11287,#2419);
#1630=LINE('',#11291,#2420);
#1631=LINE('',#11294,#2421);
#1632=LINE('',#11295,#2422);
#1633=LINE('',#11296,#2423);
#1634=LINE('',#11297,#2424);
#1635=LINE('',#11300,#2425);
#1636=LINE('',#11302,#2426);
#1637=LINE('',#11303,#2427);
#1638=LINE('',#11305,#2428);
#1639=LINE('',#11309,#2429);
#1640=LINE('',#11314,#2430);
#1641=LINE('',#11316,#2431);
#1642=LINE('',#11318,#2432);
#1643=LINE('',#11323,#2433);
#1644=LINE('',#11327,#2434);
#1645=LINE('',#11328,#2435);
#1646=LINE('',#11331,#2436);
#1647=LINE('',#11333,#2437);
#1648=LINE('',#11334,#2438);
#1649=LINE('',#11337,#2439);
#1650=LINE('',#11338,#2440);
#1651=LINE('',#11341,#2441);
#1652=LINE('',#11343,#2442);
#1653=LINE('',#11344,#2443);
#1654=LINE('',#11347,#2444);
#1655=LINE('',#11348,#2445);
#1656=LINE('',#11350,#2446);
#1657=LINE('',#11351,#2447);
#1658=LINE('',#11353,#2448);
#1659=LINE('',#11354,#2449);
#1660=LINE('',#11355,#2450);
#1661=LINE('',#11361,#2451);
#1662=LINE('',#11362,#2452);
#1663=LINE('',#11365,#2453);
#1664=LINE('',#11366,#2454);
#1665=LINE('',#11367,#2455);
#1666=LINE('',#11370,#2456);
#1667=LINE('',#11371,#2457);
#1668=LINE('',#11373,#2458);
#1669=LINE('',#11376,#2459);
#1670=LINE('',#11377,#2460);
#1671=LINE('',#11379,#2461);
#1672=LINE('',#11382,#2462);
#1673=LINE('',#11383,#2463);
#1674=LINE('',#11385,#2464);
#1675=LINE('',#11387,#2465);
#1676=LINE('',#11390,#2466);
#1677=LINE('',#11391,#2467);
#1678=LINE('',#11393,#2468);
#1679=LINE('',#11395,#2469);
#1680=LINE('',#11398,#2470);
#1681=LINE('',#11399,#2471);
#1682=LINE('',#11403,#2472);
#1683=LINE('',#11408,#2473);
#1684=LINE('',#11413,#2474);
#1685=LINE('',#11415,#2475);
#1686=LINE('',#11417,#2476);
#1687=LINE('',#11418,#2477);
#1688=LINE('',#11422,#2478);
#1689=LINE('',#11424,#2479);
#1690=LINE('',#11426,#2480);
#1691=LINE('',#11427,#2481);
#1692=LINE('',#11429,#2482);
#1693=LINE('',#11430,#2483);
#1694=LINE('',#11433,#2484);
#1695=LINE('',#11435,#2485);
#1696=LINE('',#11437,#2486);
#1697=LINE('',#11439,#2487);
#1698=LINE('',#11440,#2488);
#1699=LINE('',#11443,#2489);
#1700=LINE('',#11445,#2490);
#1701=LINE('',#11447,#2491);
#1702=LINE('',#11448,#2492);
#1703=LINE('',#11455,#2493);
#1704=LINE('',#11456,#2494);
#1705=LINE('',#11459,#2495);
#1706=LINE('',#11460,#2496);
#1707=LINE('',#11463,#2497);
#1708=LINE('',#11467,#2498);
#1709=LINE('',#11472,#2499);
#1710=LINE('',#11473,#2500);
#1711=LINE('',#11474,#2501);
#1712=LINE('',#11477,#2502);
#1713=LINE('',#11478,#2503);
#1714=LINE('',#11481,#2504);
#1715=LINE('',#11482,#2505);
#1716=LINE('',#11484,#2506);
#1717=LINE('',#11487,#2507);
#1718=LINE('',#11489,#2508);
#1719=LINE('',#11490,#2509);
#1720=LINE('',#11492,#2510);
#1721=LINE('',#11494,#2511);
#1722=LINE('',#11500,#2512);
#1723=LINE('',#11505,#2513);
#1724=LINE('',#11507,#2514);
#1725=LINE('',#11509,#2515);
#1726=LINE('',#11511,#2516);
#1727=LINE('',#11513,#2517);
#1728=LINE('',#11514,#2518);
#1729=LINE('',#11518,#2519);
#1730=LINE('',#11519,#2520);
#1731=LINE('',#11521,#2521);
#1732=LINE('',#11523,#2522);
#1733=LINE('',#11525,#2523);
#1734=LINE('',#11527,#2524);
#1735=LINE('',#11528,#2525);
#1736=LINE('',#11531,#2526);
#1737=LINE('',#11533,#2527);
#1738=LINE('',#11534,#2528);
#1739=LINE('',#11536,#2529);
#1740=LINE('',#11539,#2530);
#1741=LINE('',#11541,#2531);
#1742=LINE('',#11542,#2532);
#1743=LINE('',#11546,#2533);
#1744=LINE('',#11548,#2534);
#1745=LINE('',#11550,#2535);
#1746=LINE('',#11551,#2536);
#1747=LINE('',#11557,#2537);
#1748=LINE('',#11560,#2538);
#1749=LINE('',#11565,#2539);
#1750=LINE('',#11568,#2540);
#1751=LINE('',#11578,#2541);
#1752=LINE('',#11579,#2542);
#1753=LINE('',#11582,#2543);
#1754=LINE('',#11583,#2544);
#1755=LINE('',#11587,#2545);
#1756=LINE('',#11589,#2546);
#1757=LINE('',#11594,#2547);
#1758=LINE('',#11595,#2548);
#1759=LINE('',#11598,#2549);
#1760=LINE('',#11599,#2550);
#1761=LINE('',#11603,#2551);
#1762=LINE('',#11605,#2552);
#1763=LINE('',#11608,#2553);
#1764=LINE('',#11610,#2554);
#1765=LINE('',#11611,#2555);
#1766=LINE('',#11614,#2556);
#1767=LINE('',#11616,#2557);
#1768=LINE('',#11617,#2558);
#1769=LINE('',#11619,#2559);
#1770=LINE('',#11621,#2560);
#1771=LINE('',#11627,#2561);
#1772=LINE('',#11635,#2562);
#1773=LINE('',#11638,#2563);
#1774=LINE('',#11642,#2564);
#1775=LINE('',#11644,#2565);
#1776=LINE('',#11646,#2566);
#1777=LINE('',#11647,#2567);
#1778=LINE('',#11652,#2568);
#1779=LINE('',#11656,#2569);
#1780=LINE('',#11659,#2570);
#1781=LINE('',#11662,#2571);
#1782=LINE('',#11666,#2572);
#1783=LINE('',#11671,#2573);
#1784=LINE('',#11672,#2574);
#1785=LINE('',#11676,#2575);
#1786=LINE('',#11678,#2576);
#1787=LINE('',#11679,#2577);
#1788=LINE('',#11681,#2578);
#1789=LINE('',#11682,#2579);
#1790=LINE('',#11684,#2580);
#1791=LINE('',#11687,#2581);
#1792=LINE('',#11691,#2582);
#1793=LINE('',#11694,#2583);
#1794=LINE('',#11697,#2584);
#1795=LINE('',#11699,#2585);
#1796=LINE('',#11701,#2586);
#1797=LINE('',#11703,#2587);
#1798=LINE('',#11705,#2588);
#1799=LINE('',#11707,#2589);
#1800=LINE('',#11709,#2590);
#1801=LINE('',#11711,#2591);
#1802=LINE('',#11713,#2592);
#1803=LINE('',#11714,#2593);
#1804=LINE('',#11715,#2594);
#1805=LINE('',#11718,#2595);
#1806=LINE('',#11719,#2596);
#1807=LINE('',#11722,#2597);
#1808=LINE('',#11724,#2598);
#1809=LINE('',#11726,#2599);
#1810=LINE('',#11728,#2600);
#1811=LINE('',#11730,#2601);
#1812=LINE('',#11732,#2602);
#1813=LINE('',#11734,#2603);
#1814=LINE('',#11736,#2604);
#1815=LINE('',#11737,#2605);
#1816=LINE('',#11741,#2606);
#1817=LINE('',#11746,#2607);
#1818=LINE('',#11753,#2608);
#1819=LINE('',#11755,#2609);
#1820=LINE('',#11758,#2610);
#1821=LINE('',#11760,#2611);
#1822=LINE('',#11763,#2612);
#1823=LINE('',#11764,#2613);
#1824=LINE('',#11765,#2614);
#1825=LINE('',#11767,#2615);
#1826=LINE('',#11772,#2616);
#1827=LINE('',#11774,#2617);
#1828=LINE('',#11781,#2618);
#1829=LINE('',#11784,#2619);
#1830=LINE('',#11787,#2620);
#1831=LINE('',#11789,#2621);
#1832=LINE('',#11790,#2622);
#1833=LINE('',#11796,#2623);
#1834=LINE('',#11798,#2624);
#1835=LINE('',#11799,#2625);
#1836=LINE('',#11804,#2626);
#1837=LINE('',#11811,#2627);
#1838=LINE('',#11819,#2628);
#1839=LINE('',#11822,#2629);
#1840=LINE('',#11825,#2630);
#1841=LINE('',#11827,#2631);
#1842=LINE('',#11828,#2632);
#1843=LINE('',#11834,#2633);
#1844=LINE('',#11836,#2634);
#1845=LINE('',#11837,#2635);
#1846=LINE('',#11842,#2636);
#1847=LINE('',#11849,#2637);
#1848=LINE('',#11857,#2638);
#1849=LINE('',#11860,#2639);
#1850=LINE('',#11863,#2640);
#1851=LINE('',#11865,#2641);
#1852=LINE('',#11866,#2642);
#1853=LINE('',#11872,#2643);
#1854=LINE('',#11874,#2644);
#1855=LINE('',#11875,#2645);
#1856=LINE('',#11880,#2646);
#1857=LINE('',#11887,#2647);
#1858=LINE('',#11895,#2648);
#1859=LINE('',#11898,#2649);
#1860=LINE('',#11901,#2650);
#1861=LINE('',#11903,#2651);
#1862=LINE('',#11904,#2652);
#1863=LINE('',#11910,#2653);
#1864=LINE('',#11912,#2654);
#1865=LINE('',#11913,#2655);
#1866=LINE('',#11918,#2656);
#1867=LINE('',#11925,#2657);
#1868=LINE('',#11932,#2658);
#1869=LINE('',#11938,#2659);
#1870=LINE('',#11944,#2660);
#1871=LINE('',#11950,#2661);
#1872=LINE('',#11957,#2662);
#1873=LINE('',#11960,#2663);
#1874=LINE('',#11963,#2664);
#1875=LINE('',#11965,#2665);
#1876=LINE('',#11966,#2666);
#1877=LINE('',#11972,#2667);
#1878=LINE('',#11975,#2668);
#1879=LINE('',#11977,#2669);
#1880=LINE('',#11978,#2670);
#1881=LINE('',#11984,#2671);
#1882=LINE('',#11987,#2672);
#1883=LINE('',#11993,#2673);
#1884=LINE('',#11995,#2674);
#1885=LINE('',#11996,#2675);
#1886=LINE('',#11998,#2676);
#1887=LINE('',#11999,#2677);
#1888=LINE('',#12005,#2678);
#1889=LINE('',#12008,#2679);
#1890=LINE('',#12011,#2680);
#1891=LINE('',#12013,#2681);
#1892=LINE('',#12014,#2682);
#1893=LINE('',#12020,#2683);
#1894=LINE('',#12023,#2684);
#1895=LINE('',#12025,#2685);
#1896=LINE('',#12026,#2686);
#1897=LINE('',#12032,#2687);
#1898=LINE('',#12035,#2688);
#1899=LINE('',#12041,#2689);
#1900=LINE('',#12043,#2690);
#1901=LINE('',#12044,#2691);
#1902=LINE('',#12046,#2692);
#1903=LINE('',#12047,#2693);
#1904=LINE('',#12051,#2694);
#1905=LINE('',#12055,#2695);
#1906=LINE('',#12059,#2696);
#1907=LINE('',#12063,#2697);
#1908=LINE('',#12067,#2698);
#1909=LINE('',#12070,#2699);
#1910=LINE('',#12073,#2700);
#1911=LINE('',#12076,#2701);
#1912=LINE('',#12079,#2702);
#1913=LINE('',#12081,#2703);
#1914=LINE('',#12084,#2704);
#1915=LINE('',#12086,#2705);
#1916=LINE('',#12089,#2706);
#1917=LINE('',#12090,#2707);
#1918=LINE('',#12092,#2708);
#1919=LINE('',#12093,#2709);
#1920=LINE('',#12103,#2710);
#1921=LINE('',#12106,#2711);
#1922=LINE('',#12109,#2712);
#1923=LINE('',#12111,#2713);
#1924=LINE('',#12112,#2714);
#1925=LINE('',#12118,#2715);
#1926=LINE('',#12120,#2716);
#1927=LINE('',#12121,#2717);
#1928=LINE('',#12127,#2718);
#1929=LINE('',#12130,#2719);
#1930=LINE('',#12133,#2720);
#1931=LINE('',#12135,#2721);
#1932=LINE('',#12136,#2722);
#1933=LINE('',#12142,#2723);
#1934=LINE('',#12144,#2724);
#1935=LINE('',#12145,#2725);
#1936=LINE('',#12151,#2726);
#1937=LINE('',#12154,#2727);
#1938=LINE('',#12157,#2728);
#1939=LINE('',#12159,#2729);
#1940=LINE('',#12160,#2730);
#1941=LINE('',#12166,#2731);
#1942=LINE('',#12168,#2732);
#1943=LINE('',#12169,#2733);
#1944=LINE('',#12175,#2734);
#1945=LINE('',#12178,#2735);
#1946=LINE('',#12181,#2736);
#1947=LINE('',#12183,#2737);
#1948=LINE('',#12184,#2738);
#1949=LINE('',#12190,#2739);
#1950=LINE('',#12192,#2740);
#1951=LINE('',#12193,#2741);
#1952=LINE('',#12198,#2742);
#1953=LINE('',#12206,#2743);
#1954=LINE('',#12211,#2744);
#1955=LINE('',#12218,#2745);
#1956=LINE('',#12226,#2746);
#1957=LINE('',#12231,#2747);
#1958=LINE('',#12238,#2748);
#1959=LINE('',#12246,#2749);
#1960=LINE('',#12251,#2750);
#1961=LINE('',#12258,#2751);
#1962=LINE('',#12266,#2752);
#1963=LINE('',#12271,#2753);
#1964=LINE('',#12277,#2754);
#1965=LINE('',#12279,#2755);
#1966=LINE('',#12281,#2756);
#1967=LINE('',#12282,#2757);
#1968=LINE('',#12285,#2758);
#1969=LINE('',#12287,#2759);
#1970=LINE('',#12288,#2760);
#1971=LINE('',#12291,#2761);
#1972=LINE('',#12293,#2762);
#1973=LINE('',#12294,#2763);
#1974=LINE('',#12296,#2764);
#1975=LINE('',#12297,#2765);
#1976=LINE('',#12301,#2766);
#1977=LINE('',#12303,#2767);
#1978=LINE('',#12305,#2768);
#1979=LINE('',#12306,#2769);
#1980=LINE('',#12309,#2770);
#1981=LINE('',#12311,#2771);
#1982=LINE('',#12312,#2772);
#1983=LINE('',#12315,#2773);
#1984=LINE('',#12317,#2774);
#1985=LINE('',#12318,#2775);
#1986=LINE('',#12320,#2776);
#1987=LINE('',#12321,#2777);
#1988=LINE('',#12325,#2778);
#1989=LINE('',#12327,#2779);
#1990=LINE('',#12329,#2780);
#1991=LINE('',#12330,#2781);
#1992=LINE('',#12334,#2782);
#1993=LINE('',#12336,#2783);
#1994=LINE('',#12338,#2784);
#1995=LINE('',#12339,#2785);
#1996=LINE('',#12343,#2786);
#1997=LINE('',#12345,#2787);
#1998=LINE('',#12347,#2788);
#1999=LINE('',#12348,#2789);
#2000=LINE('',#12351,#2790);
#2001=LINE('',#12355,#2791);
#2002=LINE('',#12360,#2792);
#2003=LINE('',#12362,#2793);
#2004=LINE('',#12364,#2794);
#2005=LINE('',#12368,#2795);
#2006=LINE('',#12370,#2796);
#2007=LINE('',#12371,#2797);
#2008=LINE('',#12376,#2798);
#2009=LINE('',#12379,#2799);
#2010=LINE('',#12382,#2800);
#2011=LINE('',#12386,#2801);
#2012=LINE('',#12390,#2802);
#2013=LINE('',#12392,#2803);
#2014=LINE('',#12394,#2804);
#2015=LINE('',#12396,#2805);
#2016=LINE('',#12398,#2806);
#2017=LINE('',#12399,#2807);
#2018=LINE('',#12402,#2808);
#2019=LINE('',#12403,#2809);
#2020=LINE('',#12406,#2810);
#2021=LINE('',#12408,#2811);
#2022=LINE('',#12409,#2812);
#2023=LINE('',#12412,#2813);
#2024=LINE('',#12416,#2814);
#2025=LINE('',#12419,#2815);
#2026=LINE('',#12421,#2816);
#2027=LINE('',#12423,#2817);
#2028=LINE('',#12425,#2818);
#2029=LINE('',#12426,#2819);
#2030=LINE('',#12429,#2820);
#2031=LINE('',#12431,#2821);
#2032=LINE('',#12432,#2822);
#2033=LINE('',#12436,#2823);
#2034=LINE('',#12438,#2824);
#2035=LINE('',#12440,#2825);
#2036=LINE('',#12441,#2826);
#2037=LINE('',#12445,#2827);
#2038=LINE('',#12447,#2828);
#2039=LINE('',#12449,#2829);
#2040=LINE('',#12450,#2830);
#2041=LINE('',#12453,#2831);
#2042=LINE('',#12457,#2832);
#2043=LINE('',#12459,#2833);
#2044=LINE('',#12467,#2834);
#2045=LINE('',#12473,#2835);
#2046=LINE('',#12477,#2836);
#2047=LINE('',#12478,#2837);
#2048=LINE('',#12481,#2838);
#2049=LINE('',#12485,#2839);
#2050=LINE('',#12488,#2840);
#2051=LINE('',#12489,#2841);
#2052=LINE('',#12493,#2842);
#2053=LINE('',#12495,#2843);
#2054=LINE('',#12498,#2844);
#2055=LINE('',#12501,#2845);
#2056=LINE('',#12505,#2846);
#2057=LINE('',#12508,#2847);
#2058=LINE('',#12511,#2848);
#2059=LINE('',#12513,#2849);
#2060=LINE('',#12520,#2850);
#2061=LINE('',#12531,#2851);
#2062=LINE('',#12534,#2852);
#2063=LINE('',#12542,#2853);
#2064=LINE('',#12553,#2854);
#2065=LINE('',#12556,#2855);
#2066=LINE('',#12563,#2856);
#2067=LINE('',#12567,#2857);
#2068=LINE('',#12571,#2858);
#2069=LINE('',#12575,#2859);
#2070=LINE('',#12579,#2860);
#2071=LINE('',#12582,#2861);
#2072=LINE('',#12585,#2862);
#2073=LINE('',#12588,#2863);
#2074=LINE('',#12591,#2864);
#2075=LINE('',#12593,#2865);
#2076=LINE('',#12596,#2866);
#2077=LINE('',#12598,#2867);
#2078=LINE('',#12601,#2868);
#2079=LINE('',#12602,#2869);
#2080=LINE('',#12604,#2870);
#2081=LINE('',#12605,#2871);
#2082=LINE('',#12613,#2872);
#2083=LINE('',#12617,#2873);
#2084=LINE('',#12621,#2874);
#2085=LINE('',#12625,#2875);
#2086=LINE('',#12629,#2876);
#2087=LINE('',#12632,#2877);
#2088=LINE('',#12635,#2878);
#2089=LINE('',#12638,#2879);
#2090=LINE('',#12641,#2880);
#2091=LINE('',#12643,#2881);
#2092=LINE('',#12646,#2882);
#2093=LINE('',#12648,#2883);
#2094=LINE('',#12651,#2884);
#2095=LINE('',#12652,#2885);
#2096=LINE('',#12654,#2886);
#2097=LINE('',#12655,#2887);
#2098=LINE('',#12663,#2888);
#2099=LINE('',#12665,#2889);
#2100=LINE('',#12667,#2890);
#2101=LINE('',#12668,#2891);
#2102=LINE('',#12672,#2892);
#2103=LINE('',#12674,#2893);
#2104=LINE('',#12676,#2894);
#2105=LINE('',#12677,#2895);
#2106=LINE('',#12679,#2896);
#2107=LINE('',#12680,#2897);
#2108=LINE('',#12682,#2898);
#2109=LINE('',#12684,#2899);
#2110=LINE('',#12690,#2900);
#2111=LINE('',#12698,#2901);
#2112=LINE('',#12704,#2902);
#2113=LINE('',#12710,#2903);
#2114=LINE('',#12716,#2904);
#2115=LINE('',#12724,#2905);
#2116=LINE('',#12730,#2906);
#2117=LINE('',#12736,#2907);
#2118=LINE('',#12742,#2908);
#2119=LINE('',#12747,#2909);
#2120=LINE('',#12749,#2910);
#2121=LINE('',#12751,#2911);
#2122=LINE('',#12752,#2912);
#2123=LINE('',#12756,#2913);
#2124=LINE('',#12758,#2914);
#2125=LINE('',#12760,#2915);
#2126=LINE('',#12761,#2916);
#2127=LINE('',#12763,#2917);
#2128=LINE('',#12764,#2918);
#2129=LINE('',#12766,#2919);
#2130=LINE('',#12768,#2920);
#2131=LINE('',#12773,#2921);
#2132=LINE('',#12775,#2922);
#2133=LINE('',#12777,#2923);
#2134=LINE('',#12778,#2924);
#2135=LINE('',#12782,#2925);
#2136=LINE('',#12784,#2926);
#2137=LINE('',#12786,#2927);
#2138=LINE('',#12787,#2928);
#2139=LINE('',#12789,#2929);
#2140=LINE('',#12790,#2930);
#2141=LINE('',#12792,#2931);
#2142=LINE('',#12794,#2932);
#2143=LINE('',#12799,#2933);
#2144=LINE('',#12801,#2934);
#2145=LINE('',#12803,#2935);
#2146=LINE('',#12804,#2936);
#2147=LINE('',#12808,#2937);
#2148=LINE('',#12810,#2938);
#2149=LINE('',#12812,#2939);
#2150=LINE('',#12813,#2940);
#2151=LINE('',#12815,#2941);
#2152=LINE('',#12816,#2942);
#2153=LINE('',#12818,#2943);
#2154=LINE('',#12820,#2944);
#2155=LINE('',#12825,#2945);
#2156=LINE('',#12827,#2946);
#2157=LINE('',#12829,#2947);
#2158=LINE('',#12830,#2948);
#2159=LINE('',#12834,#2949);
#2160=LINE('',#12836,#2950);
#2161=LINE('',#12838,#2951);
#2162=LINE('',#12839,#2952);
#2163=LINE('',#12841,#2953);
#2164=LINE('',#12842,#2954);
#2165=LINE('',#12844,#2955);
#2166=LINE('',#12846,#2956);
#2167=LINE('',#12851,#2957);
#2168=LINE('',#12853,#2958);
#2169=LINE('',#12855,#2959);
#2170=LINE('',#12856,#2960);
#2171=LINE('',#12860,#2961);
#2172=LINE('',#12862,#2962);
#2173=LINE('',#12864,#2963);
#2174=LINE('',#12865,#2964);
#2175=LINE('',#12867,#2965);
#2176=LINE('',#12868,#2966);
#2177=LINE('',#12870,#2967);
#2178=LINE('',#12872,#2968);
#2179=LINE('',#12877,#2969);
#2180=LINE('',#12879,#2970);
#2181=LINE('',#12881,#2971);
#2182=LINE('',#12882,#2972);
#2183=LINE('',#12886,#2973);
#2184=LINE('',#12888,#2974);
#2185=LINE('',#12890,#2975);
#2186=LINE('',#12891,#2976);
#2187=LINE('',#12893,#2977);
#2188=LINE('',#12894,#2978);
#2189=LINE('',#12896,#2979);
#2190=LINE('',#12898,#2980);
#2191=LINE('',#12903,#2981);
#2192=LINE('',#12905,#2982);
#2193=LINE('',#12907,#2983);
#2194=LINE('',#12908,#2984);
#2195=LINE('',#12912,#2985);
#2196=LINE('',#12914,#2986);
#2197=LINE('',#12916,#2987);
#2198=LINE('',#12917,#2988);
#2199=LINE('',#12919,#2989);
#2200=LINE('',#12920,#2990);
#2201=LINE('',#12922,#2991);
#2202=LINE('',#12924,#2992);
#2203=VECTOR('',#8511,1.35);
#2204=VECTOR('',#8518,10.);
#2205=VECTOR('',#8519,10.);
#2206=VECTOR('',#8520,10.);
#2207=VECTOR('',#8521,10.);
#2208=VECTOR('',#8526,10.);
#2209=VECTOR('',#8531,10.);
#2210=VECTOR('',#8532,10.);
#2211=VECTOR('',#8533,10.);
#2212=VECTOR('',#8538,10.);
#2213=VECTOR('',#8547,10.);
#2214=VECTOR('',#8550,10.);
#2215=VECTOR('',#8553,10.);
#2216=VECTOR('',#8558,10.);
#2217=VECTOR('',#8559,10.);
#2218=VECTOR('',#8562,10.);
#2219=VECTOR('',#8565,10.);
#2220=VECTOR('',#8570,1.35);
#2221=VECTOR('',#8577,10.);
#2222=VECTOR('',#8578,10.);
#2223=VECTOR('',#8579,10.);
#2224=VECTOR('',#8580,10.);
#2225=VECTOR('',#8585,10.);
#2226=VECTOR('',#8590,10.);
#2227=VECTOR('',#8591,10.);
#2228=VECTOR('',#8592,10.);
#2229=VECTOR('',#8597,10.);
#2230=VECTOR('',#8606,10.);
#2231=VECTOR('',#8609,10.);
#2232=VECTOR('',#8612,10.);
#2233=VECTOR('',#8617,10.);
#2234=VECTOR('',#8618,10.);
#2235=VECTOR('',#8621,10.);
#2236=VECTOR('',#8624,10.);
#2237=VECTOR('',#8629,10.);
#2238=VECTOR('',#8632,10.);
#2239=VECTOR('',#8635,10.);
#2240=VECTOR('',#8636,10.);
#2241=VECTOR('',#8637,10.);
#2242=VECTOR('',#8644,10.);
#2243=VECTOR('',#8647,10.);
#2244=VECTOR('',#8648,10.);
#2245=VECTOR('',#8649,10.);
#2246=VECTOR('',#8654,10.);
#2247=VECTOR('',#8657,10.);
#2248=VECTOR('',#8664,10.);
#2249=VECTOR('',#8667,10.);
#2250=VECTOR('',#8668,10.);
#2251=VECTOR('',#8671,10.);
#2252=VECTOR('',#8672,10.);
#2253=VECTOR('',#8675,10.);
#2254=VECTOR('',#8678,10.);
#2255=VECTOR('',#8683,10.);
#2256=VECTOR('',#8686,10.);
#2257=VECTOR('',#8689,10.);
#2258=VECTOR('',#8692,10.);
#2259=VECTOR('',#8695,10.);
#2260=VECTOR('',#8698,10.);
#2261=VECTOR('',#8701,10.);
#2262=VECTOR('',#8702,10.);
#2263=VECTOR('',#8707,10.);
#2264=VECTOR('',#8708,10.);
#2265=VECTOR('',#8711,10.);
#2266=VECTOR('',#8712,10.);
#2267=VECTOR('',#8715,10.);
#2268=VECTOR('',#8716,10.);
#2269=VECTOR('',#8727,10.);
#2270=VECTOR('',#8728,10.);
#2271=VECTOR('',#8729,10.);
#2272=VECTOR('',#8730,10.);
#2273=VECTOR('',#8733,10.);
#2274=VECTOR('',#8734,10.);
#2275=VECTOR('',#8735,10.);
#2276=VECTOR('',#8738,10.);
#2277=VECTOR('',#8739,10.);
#2278=VECTOR('',#8740,10.);
#2279=VECTOR('',#8741,10.);
#2280=VECTOR('',#8742,10.);
#2281=VECTOR('',#8743,10.);
#2282=VECTOR('',#8746,10.);
#2283=VECTOR('',#8747,10.);
#2284=VECTOR('',#8748,10.);
#2285=VECTOR('',#8749,10.);
#2286=VECTOR('',#8750,10.);
#2287=VECTOR('',#8751,10.);
#2288=VECTOR('',#8752,10.);
#2289=VECTOR('',#8753,10.);
#2290=VECTOR('',#8754,10.);
#2291=VECTOR('',#8755,10.);
#2292=VECTOR('',#8760,1.35);
#2293=VECTOR('',#8769,3.1);
#2294=VECTOR('',#8774,10.);
#2295=VECTOR('',#8777,10.);
#2296=VECTOR('',#8780,10.);
#2297=VECTOR('',#8783,10.);
#2298=VECTOR('',#8790,10.);
#2299=VECTOR('',#8795,10.);
#2300=VECTOR('',#8796,10.);
#2301=VECTOR('',#8797,10.);
#2302=VECTOR('',#8798,10.);
#2303=VECTOR('',#8799,10.);
#2304=VECTOR('',#8802,10.);
#2305=VECTOR('',#8803,10.);
#2306=VECTOR('',#8804,10.);
#2307=VECTOR('',#8805,10.);
#2308=VECTOR('',#8806,10.);
#2309=VECTOR('',#8807,10.);
#2310=VECTOR('',#8808,10.);
#2311=VECTOR('',#8809,10.);
#2312=VECTOR('',#8810,10.);
#2313=VECTOR('',#8813,10.);
#2314=VECTOR('',#8816,10.);
#2315=VECTOR('',#8817,10.);
#2316=VECTOR('',#8818,10.);
#2317=VECTOR('',#8819,10.);
#2318=VECTOR('',#8820,10.);
#2319=VECTOR('',#8821,10.);
#2320=VECTOR('',#8822,10.);
#2321=VECTOR('',#8823,10.);
#2322=VECTOR('',#8824,10.);
#2323=VECTOR('',#8825,10.);
#2324=VECTOR('',#8826,10.);
#2325=VECTOR('',#8827,10.);
#2326=VECTOR('',#8828,10.);
#2327=VECTOR('',#8829,10.);
#2328=VECTOR('',#8830,10.);
#2329=VECTOR('',#8831,10.);
#2330=VECTOR('',#8832,10.);
#2331=VECTOR('',#8833,10.);
#2332=VECTOR('',#8836,10.);
#2333=VECTOR('',#8839,10.);
#2334=VECTOR('',#8842,10.);
#2335=VECTOR('',#8845,10.);
#2336=VECTOR('',#8848,10.);
#2337=VECTOR('',#8849,10.);
#2338=VECTOR('',#8850,10.);
#2339=VECTOR('',#8853,10.);
#2340=VECTOR('',#8854,10.);
#2341=VECTOR('',#8855,10.);
#2342=VECTOR('',#8860,10.);
#2343=VECTOR('',#8861,10.);
#2344=VECTOR('',#8862,10.);
#2345=VECTOR('',#8865,10.);
#2346=VECTOR('',#8866,10.);
#2347=VECTOR('',#8871,10.);
#2348=VECTOR('',#8874,10.);
#2349=VECTOR('',#8877,10.);
#2350=VECTOR('',#8878,10.);
#2351=VECTOR('',#8885,1.35);
#2352=VECTOR('',#8892,10.);
#2353=VECTOR('',#8893,10.);
#2354=VECTOR('',#8894,10.);
#2355=VECTOR('',#8895,10.);
#2356=VECTOR('',#8896,10.);
#2357=VECTOR('',#8899,10.);
#2358=VECTOR('',#8900,10.);
#2359=VECTOR('',#8901,10.);
#2360=VECTOR('',#8904,10.);
#2361=VECTOR('',#8905,10.);
#2362=VECTOR('',#8908,10.);
#2363=VECTOR('',#8911,10.);
#2364=VECTOR('',#8912,10.);
#2365=VECTOR('',#8915,10.);
#2366=VECTOR('',#8916,10.);
#2367=VECTOR('',#8919,10.);
#2368=VECTOR('',#8920,10.);
#2369=VECTOR('',#8925,1.35);
#2370=VECTOR('',#8932,10.);
#2371=VECTOR('',#8933,10.);
#2372=VECTOR('',#8934,10.);
#2373=VECTOR('',#8935,10.);
#2374=VECTOR('',#8936,10.);
#2375=VECTOR('',#8939,10.);
#2376=VECTOR('',#8940,10.);
#2377=VECTOR('',#8941,10.);
#2378=VECTOR('',#8944,10.);
#2379=VECTOR('',#8945,10.);
#2380=VECTOR('',#8946,10.);
#2381=VECTOR('',#8947,10.);
#2382=VECTOR('',#8952,10.);
#2383=VECTOR('',#8953,10.);
#2384=VECTOR('',#8954,10.);
#2385=VECTOR('',#8957,10.);
#2386=VECTOR('',#8958,10.);
#2387=VECTOR('',#8961,10.);
#2388=VECTOR('',#8962,10.);
#2389=VECTOR('',#8963,10.);
#2390=VECTOR('',#8964,10.);
#2391=VECTOR('',#8965,10.);
#2392=VECTOR('',#8968,10.);
#2393=VECTOR('',#8971,10.);
#2394=VECTOR('',#8974,10.);
#2395=VECTOR('',#8975,10.);
#2396=VECTOR('',#8976,10.);
#2397=VECTOR('',#8977,10.);
#2398=VECTOR('',#8978,10.);
#2399=VECTOR('',#8979,10.);
#2400=VECTOR('',#8982,10.);
#2401=VECTOR('',#8985,10.);
#2402=VECTOR('',#8990,1.35);
#2403=VECTOR('',#8997,10.);
#2404=VECTOR('',#8998,10.);
#2405=VECTOR('',#9001,10.);
#2406=VECTOR('',#9002,10.);
#2407=VECTOR('',#9005,10.);
#2408=VECTOR('',#9006,10.);
#2409=VECTOR('',#9007,10.);
#2410=VECTOR('',#9012,10.);
#2411=VECTOR('',#9013,10.);
#2412=VECTOR('',#9016,10.);
#2413=VECTOR('',#9017,10.);
#2414=VECTOR('',#9018,10.);
#2415=VECTOR('',#9019,10.);
#2416=VECTOR('',#9020,10.);
#2417=VECTOR('',#9021,10.);
#2418=VECTOR('',#9024,10.);
#2419=VECTOR('',#9027,10.);
#2420=VECTOR('',#9032,1.35);
#2421=VECTOR('',#9037,10.);
#2422=VECTOR('',#9038,10.);
#2423=VECTOR('',#9039,10.);
#2424=VECTOR('',#9040,10.);
#2425=VECTOR('',#9043,10.);
#2426=VECTOR('',#9044,10.);
#2427=VECTOR('',#9045,10.);
#2428=VECTOR('',#9048,10.);
#2429=VECTOR('',#9053,1.35);
#2430=VECTOR('',#9058,10.);
#2431=VECTOR('',#9059,10.);
#2432=VECTOR('',#9060,10.);
#2433=VECTOR('',#9065,10.);
#2434=VECTOR('',#9068,10.);
#2435=VECTOR('',#9069,10.);
#2436=VECTOR('',#9072,10.);
#2437=VECTOR('',#9073,10.);
#2438=VECTOR('',#9074,10.);
#2439=VECTOR('',#9077,10.);
#2440=VECTOR('',#9078,10.);
#2441=VECTOR('',#9081,10.);
#2442=VECTOR('',#9082,10.);
#2443=VECTOR('',#9083,10.);
#2444=VECTOR('',#9086,10.);
#2445=VECTOR('',#9087,10.);
#2446=VECTOR('',#9090,10.);
#2447=VECTOR('',#9091,10.);
#2448=VECTOR('',#9092,10.);
#2449=VECTOR('',#9093,10.);
#2450=VECTOR('',#9094,10.);
#2451=VECTOR('',#9103,10.);
#2452=VECTOR('',#9104,10.);
#2453=VECTOR('',#9107,10.);
#2454=VECTOR('',#9108,10.);
#2455=VECTOR('',#9109,10.);
#2456=VECTOR('',#9112,10.);
#2457=VECTOR('',#9113,10.);
#2458=VECTOR('',#9116,10.);
#2459=VECTOR('',#9119,10.);
#2460=VECTOR('',#9120,10.);
#2461=VECTOR('',#9123,10.);
#2462=VECTOR('',#9128,10.);
#2463=VECTOR('',#9129,10.);
#2464=VECTOR('',#9132,10.);
#2465=VECTOR('',#9135,10.);
#2466=VECTOR('',#9140,10.);
#2467=VECTOR('',#9141,10.);
#2468=VECTOR('',#9144,10.);
#2469=VECTOR('',#9147,10.);
#2470=VECTOR('',#9152,10.);
#2471=VECTOR('',#9153,10.);
#2472=VECTOR('',#9160,10.);
#2473=VECTOR('',#9169,10.);
#2474=VECTOR('',#9174,10.);
#2475=VECTOR('',#9175,10.);
#2476=VECTOR('',#9176,10.);
#2477=VECTOR('',#9177,10.);
#2478=VECTOR('',#9180,10.);
#2479=VECTOR('',#9181,10.);
#2480=VECTOR('',#9182,10.);
#2481=VECTOR('',#9183,10.);
#2482=VECTOR('',#9186,10.);
#2483=VECTOR('',#9187,10.);
#2484=VECTOR('',#9190,10.);
#2485=VECTOR('',#9191,10.);
#2486=VECTOR('',#9192,10.);
#2487=VECTOR('',#9193,10.);
#2488=VECTOR('',#9194,10.);
#2489=VECTOR('',#9195,10.);
#2490=VECTOR('',#9196,10.);
#2491=VECTOR('',#9197,10.);
#2492=VECTOR('',#9198,10.);
#2493=VECTOR('',#9205,10.);
#2494=VECTOR('',#9206,10.);
#2495=VECTOR('',#9209,10.);
#2496=VECTOR('',#9210,10.);
#2497=VECTOR('',#9213,1.7);
#2498=VECTOR('',#9218,1.7);
#2499=VECTOR('',#9223,10.);
#2500=VECTOR('',#9224,10.);
#2501=VECTOR('',#9225,10.);
#2502=VECTOR('',#9228,10.);
#2503=VECTOR('',#9229,10.);
#2504=VECTOR('',#9232,10.);
#2505=VECTOR('',#9233,10.);
#2506=VECTOR('',#9236,10.);
#2507=VECTOR('',#9239,10.);
#2508=VECTOR('',#9240,10.);
#2509=VECTOR('',#9241,10.);
#2510=VECTOR('',#9244,10.);
#2511=VECTOR('',#9247,10.);
#2512=VECTOR('',#9254,1.7);
#2513=VECTOR('',#9259,10.);
#2514=VECTOR('',#9260,10.);
#2515=VECTOR('',#9261,10.);
#2516=VECTOR('',#9262,10.);
#2517=VECTOR('',#9263,10.);
#2518=VECTOR('',#9264,10.);
#2519=VECTOR('',#9267,10.);
#2520=VECTOR('',#9268,10.);
#2521=VECTOR('',#9269,10.);
#2522=VECTOR('',#9270,10.);
#2523=VECTOR('',#9271,10.);
#2524=VECTOR('',#9272,10.);
#2525=VECTOR('',#9273,10.);
#2526=VECTOR('',#9276,10.);
#2527=VECTOR('',#9277,10.);
#2528=VECTOR('',#9278,10.);
#2529=VECTOR('',#9281,10.);
#2530=VECTOR('',#9284,10.);
#2531=VECTOR('',#9285,10.);
#2532=VECTOR('',#9286,10.);
#2533=VECTOR('',#9289,10.);
#2534=VECTOR('',#9290,10.);
#2535=VECTOR('',#9291,10.);
#2536=VECTOR('',#9292,10.);
#2537=VECTOR('',#9297,10.);
#2538=VECTOR('',#9300,10.);
#2539=VECTOR('',#9303,10.);
#2540=VECTOR('',#9306,10.);
#2541=VECTOR('',#9321,10.);
#2542=VECTOR('',#9322,10.);
#2543=VECTOR('',#9325,10.);
#2544=VECTOR('',#9326,10.);
#2545=VECTOR('',#9331,10.);
#2546=VECTOR('',#9334,10.);
#2547=VECTOR('',#9339,10.);
#2548=VECTOR('',#9340,10.);
#2549=VECTOR('',#9343,10.);
#2550=VECTOR('',#9344,10.);
#2551=VECTOR('',#9349,10.);
#2552=VECTOR('',#9352,10.);
#2553=VECTOR('',#9355,10.);
#2554=VECTOR('',#9356,10.);
#2555=VECTOR('',#9357,10.);
#2556=VECTOR('',#9360,10.);
#2557=VECTOR('',#9361,10.);
#2558=VECTOR('',#9362,10.);
#2559=VECTOR('',#9365,10.);
#2560=VECTOR('',#9368,10.);
#2561=VECTOR('',#9375,1.25);
#2562=VECTOR('',#9384,10.);
#2563=VECTOR('',#9387,10.);
#2564=VECTOR('',#9390,10.);
#2565=VECTOR('',#9391,10.);
#2566=VECTOR('',#9392,10.);
#2567=VECTOR('',#9393,10.);
#2568=VECTOR('',#9398,10.);
#2569=VECTOR('',#9403,10.);
#2570=VECTOR('',#9406,10.);
#2571=VECTOR('',#9409,10.);
#2572=VECTOR('',#9414,10.);
#2573=VECTOR('',#9419,10.);
#2574=VECTOR('',#9420,10.);
#2575=VECTOR('',#9423,10.);
#2576=VECTOR('',#9424,10.);
#2577=VECTOR('',#9425,10.);
#2578=VECTOR('',#9426,10.);
#2579=VECTOR('',#9427,10.);
#2580=VECTOR('',#9430,10.);
#2581=VECTOR('',#9433,10.);
#2582=VECTOR('',#9436,10.);
#2583=VECTOR('',#9439,10.);
#2584=VECTOR('',#9442,10.);
#2585=VECTOR('',#9443,10.);
#2586=VECTOR('',#9444,10.);
#2587=VECTOR('',#9445,10.);
#2588=VECTOR('',#9446,10.);
#2589=VECTOR('',#9447,10.);
#2590=VECTOR('',#9448,10.);
#2591=VECTOR('',#9449,10.);
#2592=VECTOR('',#9450,10.);
#2593=VECTOR('',#9451,10.);
#2594=VECTOR('',#9452,10.);
#2595=VECTOR('',#9455,10.);
#2596=VECTOR('',#9456,10.);
#2597=VECTOR('',#9459,10.);
#2598=VECTOR('',#9460,10.);
#2599=VECTOR('',#9461,10.);
#2600=VECTOR('',#9462,10.);
#2601=VECTOR('',#9463,10.);
#2602=VECTOR('',#9464,10.);
#2603=VECTOR('',#9465,10.);
#2604=VECTOR('',#9466,10.);
#2605=VECTOR('',#9467,10.);
#2606=VECTOR('',#9472,10.);
#2607=VECTOR('',#9477,10.);
#2608=VECTOR('',#9486,10.);
#2609=VECTOR('',#9489,10.);
#2610=VECTOR('',#9492,10.);
#2611=VECTOR('',#9495,10.);
#2612=VECTOR('',#9500,10.);
#2613=VECTOR('',#9501,10.);
#2614=VECTOR('',#9502,10.);
#2615=VECTOR('',#9505,10.);
#2616=VECTOR('',#9514,10.);
#2617=VECTOR('',#9517,10.);
#2618=VECTOR('',#9524,10.);
#2619=VECTOR('',#9527,10.);
#2620=VECTOR('',#9530,10.);
#2621=VECTOR('',#9531,10.);
#2622=VECTOR('',#9532,10.);
#2623=VECTOR('',#9539,10.);
#2624=VECTOR('',#9542,10.);
#2625=VECTOR('',#9543,10.);
#2626=VECTOR('',#9548,1.2);
#2627=VECTOR('',#9557,2.7);
#2628=VECTOR('',#9566,10.);
#2629=VECTOR('',#9569,10.);
#2630=VECTOR('',#9572,10.);
#2631=VECTOR('',#9573,10.);
#2632=VECTOR('',#9574,10.);
#2633=VECTOR('',#9581,10.);
#2634=VECTOR('',#9584,10.);
#2635=VECTOR('',#9585,10.);
#2636=VECTOR('',#9590,1.2);
#2637=VECTOR('',#9599,2.7);
#2638=VECTOR('',#9608,10.);
#2639=VECTOR('',#9611,10.);
#2640=VECTOR('',#9614,10.);
#2641=VECTOR('',#9615,10.);
#2642=VECTOR('',#9616,10.);
#2643=VECTOR('',#9623,10.);
#2644=VECTOR('',#9626,10.);
#2645=VECTOR('',#9627,10.);
#2646=VECTOR('',#9632,1.2);
#2647=VECTOR('',#9641,2.7);
#2648=VECTOR('',#9650,10.);
#2649=VECTOR('',#9653,10.);
#2650=VECTOR('',#9656,10.);
#2651=VECTOR('',#9657,10.);
#2652=VECTOR('',#9658,10.);
#2653=VECTOR('',#9665,10.);
#2654=VECTOR('',#9668,10.);
#2655=VECTOR('',#9669,10.);
#2656=VECTOR('',#9674,1.2);
#2657=VECTOR('',#9683,2.7);
#2658=VECTOR('',#9692,1.7);
#2659=VECTOR('',#9699,1.7);
#2660=VECTOR('',#9706,1.7);
#2661=VECTOR('',#9713,1.7);
#2662=VECTOR('',#9720,10.);
#2663=VECTOR('',#9723,10.);
#2664=VECTOR('',#9726,10.);
#2665=VECTOR('',#9727,10.);
#2666=VECTOR('',#9728,10.);
#2667=VECTOR('',#9735,10.);
#2668=VECTOR('',#9738,10.);
#2669=VECTOR('',#9739,10.);
#2670=VECTOR('',#9740,10.);
#2671=VECTOR('',#9745,10.);
#2672=VECTOR('',#9748,10.);
#2673=VECTOR('',#9755,10.);
#2674=VECTOR('',#9758,10.);
#2675=VECTOR('',#9759,10.);
#2676=VECTOR('',#9762,10.);
#2677=VECTOR('',#9763,10.);
#2678=VECTOR('',#9768,10.);
#2679=VECTOR('',#9771,10.);
#2680=VECTOR('',#9774,10.);
#2681=VECTOR('',#9775,10.);
#2682=VECTOR('',#9776,10.);
#2683=VECTOR('',#9783,10.);
#2684=VECTOR('',#9786,10.);
#2685=VECTOR('',#9787,10.);
#2686=VECTOR('',#9788,10.);
#2687=VECTOR('',#9793,10.);
#2688=VECTOR('',#9796,10.);
#2689=VECTOR('',#9803,10.);
#2690=VECTOR('',#9806,10.);
#2691=VECTOR('',#9807,10.);
#2692=VECTOR('',#9810,10.);
#2693=VECTOR('',#9811,10.);
#2694=VECTOR('',#9814,10.);
#2695=VECTOR('',#9817,10.);
#2696=VECTOR('',#9822,10.);
#2697=VECTOR('',#9825,10.);
#2698=VECTOR('',#9828,10.);
#2699=VECTOR('',#9831,10.);
#2700=VECTOR('',#9834,10.);
#2701=VECTOR('',#9837,10.);
#2702=VECTOR('',#9840,10.);
#2703=VECTOR('',#9841,10.);
#2704=VECTOR('',#9846,10.);
#2705=VECTOR('',#9847,10.);
#2706=VECTOR('',#9850,10.);
#2707=VECTOR('',#9851,10.);
#2708=VECTOR('',#9854,10.);
#2709=VECTOR('',#9855,10.);
#2710=VECTOR('',#9868,10.);
#2711=VECTOR('',#9871,10.);
#2712=VECTOR('',#9874,10.);
#2713=VECTOR('',#9875,10.);
#2714=VECTOR('',#9876,10.);
#2715=VECTOR('',#9883,10.);
#2716=VECTOR('',#9886,10.);
#2717=VECTOR('',#9887,10.);
#2718=VECTOR('',#9892,10.);
#2719=VECTOR('',#9895,10.);
#2720=VECTOR('',#9898,10.);
#2721=VECTOR('',#9899,10.);
#2722=VECTOR('',#9900,10.);
#2723=VECTOR('',#9907,10.);
#2724=VECTOR('',#9910,10.);
#2725=VECTOR('',#9911,10.);
#2726=VECTOR('',#9916,10.);
#2727=VECTOR('',#9919,10.);
#2728=VECTOR('',#9922,10.);
#2729=VECTOR('',#9923,10.);
#2730=VECTOR('',#9924,10.);
#2731=VECTOR('',#9931,10.);
#2732=VECTOR('',#9934,10.);
#2733=VECTOR('',#9935,10.);
#2734=VECTOR('',#9940,10.);
#2735=VECTOR('',#9943,10.);
#2736=VECTOR('',#9946,10.);
#2737=VECTOR('',#9947,10.);
#2738=VECTOR('',#9948,10.);
#2739=VECTOR('',#9955,10.);
#2740=VECTOR('',#9958,10.);
#2741=VECTOR('',#9959,10.);
#2742=VECTOR('',#9964,3.1);
#2743=VECTOR('',#9975,1.7);
#2744=VECTOR('',#9980,3.5);
#2745=VECTOR('',#9989,3.1);
#2746=VECTOR('',#10000,1.7);
#2747=VECTOR('',#10005,3.5);
#2748=VECTOR('',#10014,3.1);
#2749=VECTOR('',#10025,1.7);
#2750=VECTOR('',#10030,3.5);
#2751=VECTOR('',#10039,3.1);
#2752=VECTOR('',#10050,1.7);
#2753=VECTOR('',#10055,3.5);
#2754=VECTOR('',#10062,10.);
#2755=VECTOR('',#10063,10.);
#2756=VECTOR('',#10064,10.);
#2757=VECTOR('',#10065,10.);
#2758=VECTOR('',#10068,10.);
#2759=VECTOR('',#10069,10.);
#2760=VECTOR('',#10070,10.);
#2761=VECTOR('',#10073,10.);
#2762=VECTOR('',#10074,10.);
#2763=VECTOR('',#10075,10.);
#2764=VECTOR('',#10078,10.);
#2765=VECTOR('',#10079,10.);
#2766=VECTOR('',#10082,10.);
#2767=VECTOR('',#10083,10.);
#2768=VECTOR('',#10084,10.);
#2769=VECTOR('',#10085,10.);
#2770=VECTOR('',#10088,10.);
#2771=VECTOR('',#10089,10.);
#2772=VECTOR('',#10090,10.);
#2773=VECTOR('',#10093,10.);
#2774=VECTOR('',#10094,10.);
#2775=VECTOR('',#10095,10.);
#2776=VECTOR('',#10098,10.);
#2777=VECTOR('',#10099,10.);
#2778=VECTOR('',#10102,10.);
#2779=VECTOR('',#10103,10.);
#2780=VECTOR('',#10104,10.);
#2781=VECTOR('',#10105,10.);
#2782=VECTOR('',#10108,10.);
#2783=VECTOR('',#10109,10.);
#2784=VECTOR('',#10110,10.);
#2785=VECTOR('',#10111,10.);
#2786=VECTOR('',#10114,10.);
#2787=VECTOR('',#10115,10.);
#2788=VECTOR('',#10116,10.);
#2789=VECTOR('',#10117,10.);
#2790=VECTOR('',#10120,10.);
#2791=VECTOR('',#10125,10.);
#2792=VECTOR('',#10130,10.);
#2793=VECTOR('',#10131,10.);
#2794=VECTOR('',#10132,10.);
#2795=VECTOR('',#10137,10.);
#2796=VECTOR('',#10138,10.);
#2797=VECTOR('',#10139,10.);
#2798=VECTOR('',#10144,10.);
#2799=VECTOR('',#10147,10.);
#2800=VECTOR('',#10150,10.);
#2801=VECTOR('',#10153,10.);
#2802=VECTOR('',#10158,10.);
#2803=VECTOR('',#10159,10.);
#2804=VECTOR('',#10160,10.);
#2805=VECTOR('',#10161,10.);
#2806=VECTOR('',#10162,10.);
#2807=VECTOR('',#10163,10.);
#2808=VECTOR('',#10166,10.);
#2809=VECTOR('',#10167,10.);
#2810=VECTOR('',#10170,10.);
#2811=VECTOR('',#10171,10.);
#2812=VECTOR('',#10172,10.);
#2813=VECTOR('',#10175,10.);
#2814=VECTOR('',#10180,10.);
#2815=VECTOR('',#10183,10.);
#2816=VECTOR('',#10184,10.);
#2817=VECTOR('',#10185,10.);
#2818=VECTOR('',#10186,10.);
#2819=VECTOR('',#10187,10.);
#2820=VECTOR('',#10190,10.);
#2821=VECTOR('',#10191,10.);
#2822=VECTOR('',#10192,10.);
#2823=VECTOR('',#10195,10.);
#2824=VECTOR('',#10196,10.);
#2825=VECTOR('',#10197,10.);
#2826=VECTOR('',#10198,10.);
#2827=VECTOR('',#10201,10.);
#2828=VECTOR('',#10202,10.);
#2829=VECTOR('',#10203,10.);
#2830=VECTOR('',#10204,10.);
#2831=VECTOR('',#10207,10.);
#2832=VECTOR('',#10212,10.);
#2833=VECTOR('',#10215,10.);
#2834=VECTOR('',#10226,10.);
#2835=VECTOR('',#10233,10.);
#2836=VECTOR('',#10238,10.);
#2837=VECTOR('',#10239,10.);
#2838=VECTOR('',#10242,10.);
#2839=VECTOR('',#10247,10.);
#2840=VECTOR('',#10250,10.);
#2841=VECTOR('',#10251,10.);
#2842=VECTOR('',#10256,10.);
#2843=VECTOR('',#10259,10.);
#2844=VECTOR('',#10262,10.);
#2845=VECTOR('',#10267,10.);
#2846=VECTOR('',#10272,10.);
#2847=VECTOR('',#10277,10.);
#2848=VECTOR('',#10280,10.);
#2849=VECTOR('',#10283,10.);
#2850=VECTOR('',#10292,2.75);
#2851=VECTOR('',#10307,3.5);
#2852=VECTOR('',#10310,1.3);
#2853=VECTOR('',#10321,2.75);
#2854=VECTOR('',#10336,3.5);
#2855=VECTOR('',#10339,1.3);
#2856=VECTOR('',#10348,10.);
#2857=VECTOR('',#10351,10.);
#2858=VECTOR('',#10356,10.);
#2859=VECTOR('',#10359,10.);
#2860=VECTOR('',#10362,10.);
#2861=VECTOR('',#10365,10.);
#2862=VECTOR('',#10368,10.);
#2863=VECTOR('',#10371,10.);
#2864=VECTOR('',#10374,10.);
#2865=VECTOR('',#10375,10.);
#2866=VECTOR('',#10380,10.);
#2867=VECTOR('',#10381,10.);
#2868=VECTOR('',#10384,10.);
#2869=VECTOR('',#10385,10.);
#2870=VECTOR('',#10388,10.);
#2871=VECTOR('',#10389,10.);
#2872=VECTOR('',#10400,10.);
#2873=VECTOR('',#10403,10.);
#2874=VECTOR('',#10408,10.);
#2875=VECTOR('',#10411,10.);
#2876=VECTOR('',#10414,10.);
#2877=VECTOR('',#10417,10.);
#2878=VECTOR('',#10420,10.);
#2879=VECTOR('',#10423,10.);
#2880=VECTOR('',#10426,10.);
#2881=VECTOR('',#10427,10.);
#2882=VECTOR('',#10432,10.);
#2883=VECTOR('',#10433,10.);
#2884=VECTOR('',#10436,10.);
#2885=VECTOR('',#10437,10.);
#2886=VECTOR('',#10440,10.);
#2887=VECTOR('',#10441,10.);
#2888=VECTOR('',#10452,10.);
#2889=VECTOR('',#10453,10.);
#2890=VECTOR('',#10454,10.);
#2891=VECTOR('',#10455,10.);
#2892=VECTOR('',#10458,10.);
#2893=VECTOR('',#10459,10.);
#2894=VECTOR('',#10460,10.);
#2895=VECTOR('',#10461,10.);
#2896=VECTOR('',#10464,10.);
#2897=VECTOR('',#10465,10.);
#2898=VECTOR('',#10468,10.);
#2899=VECTOR('',#10471,10.);
#2900=VECTOR('',#10478,3.);
#2901=VECTOR('',#10489,1.5);
#2902=VECTOR('',#10496,1.5);
#2903=VECTOR('',#10503,1.6);
#2904=VECTOR('',#10510,9.);
#2905=VECTOR('',#10521,1.375);
#2906=VECTOR('',#10528,1.375);
#2907=VECTOR('',#10535,1.375);
#2908=VECTOR('',#10542,1.375);
#2909=VECTOR('',#10547,10.);
#2910=VECTOR('',#10548,10.);
#2911=VECTOR('',#10549,10.);
#2912=VECTOR('',#10550,10.);
#2913=VECTOR('',#10553,10.);
#2914=VECTOR('',#10554,10.);
#2915=VECTOR('',#10555,10.);
#2916=VECTOR('',#10556,10.);
#2917=VECTOR('',#10559,10.);
#2918=VECTOR('',#10560,10.);
#2919=VECTOR('',#10563,10.);
#2920=VECTOR('',#10566,10.);
#2921=VECTOR('',#10571,10.);
#2922=VECTOR('',#10572,10.);
#2923=VECTOR('',#10573,10.);
#2924=VECTOR('',#10574,10.);
#2925=VECTOR('',#10577,10.);
#2926=VECTOR('',#10578,10.);
#2927=VECTOR('',#10579,10.);
#2928=VECTOR('',#10580,10.);
#2929=VECTOR('',#10583,10.);
#2930=VECTOR('',#10584,10.);
#2931=VECTOR('',#10587,10.);
#2932=VECTOR('',#10590,10.);
#2933=VECTOR('',#10595,10.);
#2934=VECTOR('',#10596,10.);
#2935=VECTOR('',#10597,10.);
#2936=VECTOR('',#10598,10.);
#2937=VECTOR('',#10601,10.);
#2938=VECTOR('',#10602,10.);
#2939=VECTOR('',#10603,10.);
#2940=VECTOR('',#10604,10.);
#2941=VECTOR('',#10607,10.);
#2942=VECTOR('',#10608,10.);
#2943=VECTOR('',#10611,10.);
#2944=VECTOR('',#10614,10.);
#2945=VECTOR('',#10619,10.);
#2946=VECTOR('',#10620,10.);
#2947=VECTOR('',#10621,10.);
#2948=VECTOR('',#10622,10.);
#2949=VECTOR('',#10625,10.);
#2950=VECTOR('',#10626,10.);
#2951=VECTOR('',#10627,10.);
#2952=VECTOR('',#10628,10.);
#2953=VECTOR('',#10631,10.);
#2954=VECTOR('',#10632,10.);
#2955=VECTOR('',#10635,10.);
#2956=VECTOR('',#10638,10.);
#2957=VECTOR('',#10643,10.);
#2958=VECTOR('',#10644,10.);
#2959=VECTOR('',#10645,10.);
#2960=VECTOR('',#10646,10.);
#2961=VECTOR('',#10649,10.);
#2962=VECTOR('',#10650,10.);
#2963=VECTOR('',#10651,10.);
#2964=VECTOR('',#10652,10.);
#2965=VECTOR('',#10655,10.);
#2966=VECTOR('',#10656,10.);
#2967=VECTOR('',#10659,10.);
#2968=VECTOR('',#10662,10.);
#2969=VECTOR('',#10667,10.);
#2970=VECTOR('',#10668,10.);
#2971=VECTOR('',#10669,10.);
#2972=VECTOR('',#10670,10.);
#2973=VECTOR('',#10673,10.);
#2974=VECTOR('',#10674,10.);
#2975=VECTOR('',#10675,10.);
#2976=VECTOR('',#10676,10.);
#2977=VECTOR('',#10679,10.);
#2978=VECTOR('',#10680,10.);
#2979=VECTOR('',#10683,10.);
#2980=VECTOR('',#10686,10.);
#2981=VECTOR('',#10691,10.);
#2982=VECTOR('',#10692,10.);
#2983=VECTOR('',#10693,10.);
#2984=VECTOR('',#10694,10.);
#2985=VECTOR('',#10697,10.);
#2986=VECTOR('',#10698,10.);
#2987=VECTOR('',#10699,10.);
#2988=VECTOR('',#10700,10.);
#2989=VECTOR('',#10703,10.);
#2990=VECTOR('',#10704,10.);
#2991=VECTOR('',#10707,10.);
#2992=VECTOR('',#10710,10.);
#2993=CIRCLE('',#7798,1.35);
#2994=CIRCLE('',#7799,1.35);
#2995=CIRCLE('',#7803,2.);
#2996=CIRCLE('',#7804,2.);
#2997=CIRCLE('',#7807,2.);
#2998=CIRCLE('',#7808,2.);
#2999=CIRCLE('',#7810,2.);
#3000=CIRCLE('',#7811,2.);
#3001=CIRCLE('',#7813,2.);
#3002=CIRCLE('',#7815,2.);
#3003=CIRCLE('',#7819,1.35);
#3004=CIRCLE('',#7820,1.35);
#3005=CIRCLE('',#7824,2.);
#3006=CIRCLE('',#7825,2.);
#3007=CIRCLE('',#7828,2.);
#3008=CIRCLE('',#7829,2.);
#3009=CIRCLE('',#7831,2.);
#3010=CIRCLE('',#7832,2.);
#3011=CIRCLE('',#7834,2.);
#3012=CIRCLE('',#7836,2.);
#3013=CIRCLE('',#7840,3.);
#3014=CIRCLE('',#7841,3.);
#3015=CIRCLE('',#7844,3.);
#3016=CIRCLE('',#7845,3.);
#3017=CIRCLE('',#7848,3.);
#3018=CIRCLE('',#7849,3.);
#3019=CIRCLE('',#7851,3.);
#3020=CIRCLE('',#7852,3.);
#3021=CIRCLE('',#7856,4.);
#3022=CIRCLE('',#7857,4.);
#3023=CIRCLE('',#7859,4.);
#3024=CIRCLE('',#7860,4.);
#3025=CIRCLE('',#7861,4.);
#3026=CIRCLE('',#7863,4.);
#3027=CIRCLE('',#7865,4.);
#3028=CIRCLE('',#7867,4.);
#3029=CIRCLE('',#7878,1.35);
#3030=CIRCLE('',#7879,1.35);
#3031=CIRCLE('',#7882,3.1);
#3032=CIRCLE('',#7883,3.1);
#3033=CIRCLE('',#7884,3.1);
#3034=CIRCLE('',#7885,3.1);
#3035=CIRCLE('',#7886,3.1);
#3036=CIRCLE('',#7887,3.1);
#3037=CIRCLE('',#7888,3.1);
#3038=CIRCLE('',#7889,3.1);
#3039=CIRCLE('',#7894,3.6);
#3040=CIRCLE('',#7895,3.6);
#3041=CIRCLE('',#7896,1.7);
#3042=CIRCLE('',#7897,1.7);
#3043=CIRCLE('',#7898,1.7);
#3044=CIRCLE('',#7899,1.7);
#3045=CIRCLE('',#7901,3.6);
#3046=CIRCLE('',#7902,1.35);
#3047=CIRCLE('',#7904,3.6);
#3048=CIRCLE('',#7905,1.35);
#3049=CIRCLE('',#7911,1.35);
#3050=CIRCLE('',#7912,1.35);
#3051=CIRCLE('',#7922,1.35);
#3052=CIRCLE('',#7923,1.35);
#3053=CIRCLE('',#7931,3.6);
#3054=CIRCLE('',#7932,1.7);
#3055=CIRCLE('',#7933,1.7);
#3056=CIRCLE('',#7938,1.35);
#3057=CIRCLE('',#7939,1.35);
#3058=CIRCLE('',#7947,1.7);
#3059=CIRCLE('',#7948,1.7);
#3060=CIRCLE('',#7950,1.35);
#3061=CIRCLE('',#7956,1.35);
#3062=CIRCLE('',#7959,3.6);
#3063=CIRCLE('',#7961,3.6);
#3064=CIRCLE('',#7968,3.6);
#3065=CIRCLE('',#7998,1.7);
#3066=CIRCLE('',#7999,1.7);
#3067=CIRCLE('',#8003,1.7);
#3068=CIRCLE('',#8005,1.7);
#3069=CIRCLE('',#8015,1.7);
#3070=CIRCLE('',#8016,1.7);
#3071=CIRCLE('',#8023,3.5);
#3072=CIRCLE('',#8024,1.7);
#3073=CIRCLE('',#8025,1.7);
#3074=CIRCLE('',#8026,1.7);
#3075=CIRCLE('',#8027,1.7);
#3076=CIRCLE('',#8028,3.5);
#3077=CIRCLE('',#8030,3.5);
#3078=CIRCLE('',#8032,3.5);
#3079=CIRCLE('',#8034,1.7);
#3080=CIRCLE('',#8037,1.7);
#3081=CIRCLE('',#8040,1.7);
#3082=CIRCLE('',#8043,1.7);
#3083=CIRCLE('',#8051,1.25);
#3084=CIRCLE('',#8052,1.25);
#3085=CIRCLE('',#8055,0.7);
#3086=CIRCLE('',#8056,0.7);
#3087=CIRCLE('',#8059,0.7);
#3088=CIRCLE('',#8060,0.7);
#3089=CIRCLE('',#8062,0.7);
#3090=CIRCLE('',#8063,0.7);
#3091=CIRCLE('',#8065,0.7);
#3092=CIRCLE('',#8067,0.7);
#3093=CIRCLE('',#8071,0.7);
#3094=CIRCLE('',#8072,0.7);
#3095=CIRCLE('',#8077,0.7);
#3096=CIRCLE('',#8079,0.7);
#3097=CIRCLE('',#8080,0.7);
#3098=CIRCLE('',#8082,0.7);
#3099=CIRCLE('',#8083,0.7);
#3100=CIRCLE('',#8085,0.7);
#3101=CIRCLE('',#8097,0.9);
#3102=CIRCLE('',#8098,0.9);
#3103=CIRCLE('',#8101,0.9);
#3104=CIRCLE('',#8102,0.9);
#3105=CIRCLE('',#8105,1.2);
#3106=CIRCLE('',#8106,1.2);
#3107=CIRCLE('',#8109,2.7);
#3108=CIRCLE('',#8110,2.7);
#3109=CIRCLE('',#8113,0.9);
#3110=CIRCLE('',#8114,0.9);
#3111=CIRCLE('',#8117,0.9);
#3112=CIRCLE('',#8118,0.9);
#3113=CIRCLE('',#8121,1.2);
#3114=CIRCLE('',#8122,1.2);
#3115=CIRCLE('',#8125,2.7);
#3116=CIRCLE('',#8126,2.7);
#3117=CIRCLE('',#8129,0.9);
#3118=CIRCLE('',#8130,0.9);
#3119=CIRCLE('',#8133,0.9);
#3120=CIRCLE('',#8134,0.9);
#3121=CIRCLE('',#8137,1.2);
#3122=CIRCLE('',#8138,1.2);
#3123=CIRCLE('',#8141,2.7);
#3124=CIRCLE('',#8142,2.7);
#3125=CIRCLE('',#8145,0.9);
#3126=CIRCLE('',#8146,0.9);
#3127=CIRCLE('',#8149,0.9);
#3128=CIRCLE('',#8150,0.9);
#3129=CIRCLE('',#8153,1.2);
#3130=CIRCLE('',#8154,1.2);
#3131=CIRCLE('',#8157,2.7);
#3132=CIRCLE('',#8158,2.7);
#3133=CIRCLE('',#8161,1.7);
#3134=CIRCLE('',#8162,1.7);
#3135=CIRCLE('',#8164,1.7);
#3136=CIRCLE('',#8165,1.7);
#3137=CIRCLE('',#8167,1.7);
#3138=CIRCLE('',#8168,1.7);
#3139=CIRCLE('',#8170,1.7);
#3140=CIRCLE('',#8171,1.7);
#3141=CIRCLE('',#8173,2.);
#3142=CIRCLE('',#8174,2.);
#3143=CIRCLE('',#8177,2.);
#3144=CIRCLE('',#8178,2.);
#3145=CIRCLE('',#8181,2.);
#3146=CIRCLE('',#8182,2.);
#3147=CIRCLE('',#8184,2.);
#3148=CIRCLE('',#8185,2.);
#3149=CIRCLE('',#8189,2.);
#3150=CIRCLE('',#8190,2.);
#3151=CIRCLE('',#8193,2.);
#3152=CIRCLE('',#8194,2.);
#3153=CIRCLE('',#8197,2.);
#3154=CIRCLE('',#8198,2.);
#3155=CIRCLE('',#8200,2.);
#3156=CIRCLE('',#8201,2.);
#3157=CIRCLE('',#8205,3.);
#3158=CIRCLE('',#8206,3.);
#3159=CIRCLE('',#8208,3.);
#3160=CIRCLE('',#8209,3.);
#3161=CIRCLE('',#8210,3.);
#3162=CIRCLE('',#8212,3.);
#3163=CIRCLE('',#8214,3.);
#3164=CIRCLE('',#8216,3.);
#3165=CIRCLE('',#8223,0.9);
#3166=CIRCLE('',#8224,0.9);
#3167=CIRCLE('',#8227,0.9);
#3168=CIRCLE('',#8228,0.9);
#3169=CIRCLE('',#8231,0.9);
#3170=CIRCLE('',#8232,0.9);
#3171=CIRCLE('',#8235,0.9);
#3172=CIRCLE('',#8236,0.9);
#3173=CIRCLE('',#8239,0.9);
#3174=CIRCLE('',#8240,0.9);
#3175=CIRCLE('',#8243,0.9);
#3176=CIRCLE('',#8244,0.9);
#3177=CIRCLE('',#8247,0.9);
#3178=CIRCLE('',#8248,0.9);
#3179=CIRCLE('',#8251,0.9);
#3180=CIRCLE('',#8252,0.9);
#3181=CIRCLE('',#8255,3.1);
#3182=CIRCLE('',#8256,3.1);
#3183=CIRCLE('',#8258,1.7);
#3184=CIRCLE('',#8260,1.7);
#3185=CIRCLE('',#8262,3.5);
#3186=CIRCLE('',#8263,3.5);
#3187=CIRCLE('',#8266,3.1);
#3188=CIRCLE('',#8267,3.1);
#3189=CIRCLE('',#8269,1.7);
#3190=CIRCLE('',#8271,1.7);
#3191=CIRCLE('',#8273,3.5);
#3192=CIRCLE('',#8274,3.5);
#3193=CIRCLE('',#8277,3.1);
#3194=CIRCLE('',#8278,3.1);
#3195=CIRCLE('',#8280,1.7);
#3196=CIRCLE('',#8282,1.7);
#3197=CIRCLE('',#8284,3.5);
#3198=CIRCLE('',#8285,3.5);
#3199=CIRCLE('',#8288,3.1);
#3200=CIRCLE('',#8289,3.1);
#3201=CIRCLE('',#8291,1.7);
#3202=CIRCLE('',#8293,1.7);
#3203=CIRCLE('',#8295,3.5);
#3204=CIRCLE('',#8296,3.5);
#3205=CIRCLE('',#8310,3.);
#3206=CIRCLE('',#8311,5.);
#3207=CIRCLE('',#8313,3.);
#3208=CIRCLE('',#8314,5.);
#3209=CIRCLE('',#8317,3.);
#3210=CIRCLE('',#8318,3.);
#3211=CIRCLE('',#8320,5.);
#3212=CIRCLE('',#8321,5.);
#3213=CIRCLE('',#8326,5.);
#3214=CIRCLE('',#8327,3.);
#3215=CIRCLE('',#8333,3.);
#3216=CIRCLE('',#8334,5.);
#3217=CIRCLE('',#8336,5.);
#3218=CIRCLE('',#8337,3.);
#3219=CIRCLE('',#8340,3.);
#3220=CIRCLE('',#8341,3.);
#3221=CIRCLE('',#8343,5.);
#3222=CIRCLE('',#8344,5.);
#3223=CIRCLE('',#8347,5.);
#3224=CIRCLE('',#8348,3.);
#3225=CIRCLE('',#8351,3.);
#3226=CIRCLE('',#8354,3.);
#3227=CIRCLE('',#8358,5.);
#3228=CIRCLE('',#8360,5.);
#3229=CIRCLE('',#8365,2.75);
#3230=CIRCLE('',#8366,2.75);
#3231=CIRCLE('',#8369,3.5);
#3232=CIRCLE('',#8370,1.3);
#3233=CIRCLE('',#8372,3.5);
#3234=CIRCLE('',#8374,1.3);
#3235=CIRCLE('',#8378,2.75);
#3236=CIRCLE('',#8379,2.75);
#3237=CIRCLE('',#8382,3.5);
#3238=CIRCLE('',#8383,1.3);
#3239=CIRCLE('',#8385,3.5);
#3240=CIRCLE('',#8387,1.3);
#3241=CIRCLE('',#8391,3.);
#3242=CIRCLE('',#8392,3.);
#3243=CIRCLE('',#8394,3.);
#3244=CIRCLE('',#8395,3.);
#3245=CIRCLE('',#8396,3.);
#3246=CIRCLE('',#8398,3.);
#3247=CIRCLE('',#8400,3.);
#3248=CIRCLE('',#8402,3.);
#3249=CIRCLE('',#8409,4.);
#3250=CIRCLE('',#8410,4.);
#3251=CIRCLE('',#8412,4.);
#3252=CIRCLE('',#8413,4.);
#3253=CIRCLE('',#8414,4.);
#3254=CIRCLE('',#8416,4.);
#3255=CIRCLE('',#8418,4.);
#3256=CIRCLE('',#8420,4.);
#3257=CIRCLE('',#8433,3.);
#3258=CIRCLE('',#8434,3.);
#3259=CIRCLE('',#8438,1.5);
#3260=CIRCLE('',#8439,1.5);
#3261=CIRCLE('',#8441,1.5);
#3262=CIRCLE('',#8442,1.5);
#3263=CIRCLE('',#8444,1.6);
#3264=CIRCLE('',#8445,1.6);
#3265=CIRCLE('',#8447,9.);
#3266=CIRCLE('',#8448,9.);
#3267=CIRCLE('',#8452,1.375);
#3268=CIRCLE('',#8453,1.375);
#3269=CIRCLE('',#8455,1.375);
#3270=CIRCLE('',#8456,1.375);
#3271=CIRCLE('',#8458,1.375);
#3272=CIRCLE('',#8459,1.375);
#3273=CIRCLE('',#8461,1.375);
#3274=CIRCLE('',#8462,1.375);
#3275=VERTEX_POINT('',#10715);
#3276=VERTEX_POINT('',#10717);
#3277=VERTEX_POINT('',#10722);
#3278=VERTEX_POINT('',#10723);
#3279=VERTEX_POINT('',#10725);
#3280=VERTEX_POINT('',#10727);
#3281=VERTEX_POINT('',#10731);
#3282=VERTEX_POINT('',#10733);
#3283=VERTEX_POINT('',#10737);
#3284=VERTEX_POINT('',#10739);
#3285=VERTEX_POINT('',#10743);
#3286=VERTEX_POINT('',#10745);
#3287=VERTEX_POINT('',#10749);
#3288=VERTEX_POINT('',#10751);
#3289=VERTEX_POINT('',#10755);
#3290=VERTEX_POINT('',#10757);
#3291=VERTEX_POINT('',#10761);
#3292=VERTEX_POINT('',#10762);
#3293=VERTEX_POINT('',#10771);
#3294=VERTEX_POINT('',#10773);
#3295=VERTEX_POINT('',#10778);
#3296=VERTEX_POINT('',#10779);
#3297=VERTEX_POINT('',#10781);
#3298=VERTEX_POINT('',#10783);
#3299=VERTEX_POINT('',#10787);
#3300=VERTEX_POINT('',#10789);
#3301=VERTEX_POINT('',#10793);
#3302=VERTEX_POINT('',#10795);
#3303=VERTEX_POINT('',#10799);
#3304=VERTEX_POINT('',#10801);
#3305=VERTEX_POINT('',#10805);
#3306=VERTEX_POINT('',#10807);
#3307=VERTEX_POINT('',#10811);
#3308=VERTEX_POINT('',#10813);
#3309=VERTEX_POINT('',#10817);
#3310=VERTEX_POINT('',#10818);
#3311=VERTEX_POINT('',#10827);
#3312=VERTEX_POINT('',#10828);
#3313=VERTEX_POINT('',#10830);
#3314=VERTEX_POINT('',#10832);
#3315=VERTEX_POINT('',#10836);
#3316=VERTEX_POINT('',#10838);
#3317=VERTEX_POINT('',#10842);
#3318=VERTEX_POINT('',#10844);
#3319=VERTEX_POINT('',#10848);
#3320=VERTEX_POINT('',#10850);
#3321=VERTEX_POINT('',#10854);
#3322=VERTEX_POINT('',#10855);
#3323=VERTEX_POINT('',#10857);
#3324=VERTEX_POINT('',#10859);
#3325=VERTEX_POINT('',#10863);
#3326=VERTEX_POINT('',#10865);
#3327=VERTEX_POINT('',#10875);
#3328=VERTEX_POINT('',#10876);
#3329=VERTEX_POINT('',#10878);
#3330=VERTEX_POINT('',#10880);
#3331=VERTEX_POINT('',#10884);
#3332=VERTEX_POINT('',#10886);
#3333=VERTEX_POINT('',#10888);
#3334=VERTEX_POINT('',#10890);
#3335=VERTEX_POINT('',#10892);
#3336=VERTEX_POINT('',#10894);
#3337=VERTEX_POINT('',#10898);
#3338=VERTEX_POINT('',#10900);
#3339=VERTEX_POINT('',#10904);
#3340=VERTEX_POINT('',#10906);
#3341=VERTEX_POINT('',#10911);
#3342=VERTEX_POINT('',#10913);
#3343=VERTEX_POINT('',#10925);
#3344=VERTEX_POINT('',#10926);
#3345=VERTEX_POINT('',#10928);
#3346=VERTEX_POINT('',#10930);
#3347=VERTEX_POINT('',#10934);
#3348=VERTEX_POINT('',#10936);
#3349=VERTEX_POINT('',#10940);
#3350=VERTEX_POINT('',#10942);
#3351=VERTEX_POINT('',#10944);
#3352=VERTEX_POINT('',#10946);
#3353=VERTEX_POINT('',#10948);
#3354=VERTEX_POINT('',#10952);
#3355=VERTEX_POINT('',#10954);
#3356=VERTEX_POINT('',#10956);
#3357=VERTEX_POINT('',#10958);
#3358=VERTEX_POINT('',#10960);
#3359=VERTEX_POINT('',#10962);
#3360=VERTEX_POINT('',#10964);
#3361=VERTEX_POINT('',#10966);
#3362=VERTEX_POINT('',#10968);
#3363=VERTEX_POINT('',#10972);
#3364=VERTEX_POINT('',#10974);
#3365=VERTEX_POINT('',#10979);
#3366=VERTEX_POINT('',#10981);
#3367=VERTEX_POINT('',#10983);
#3368=VERTEX_POINT('',#10985);
#3369=VERTEX_POINT('',#10987);
#3370=VERTEX_POINT('',#10989);
#3371=VERTEX_POINT('',#10991);
#3372=VERTEX_POINT('',#10993);
#3373=VERTEX_POINT('',#10995);
#3374=VERTEX_POINT('',#10997);
#3375=VERTEX_POINT('',#10999);
#3376=VERTEX_POINT('',#11001);
#3377=VERTEX_POINT('',#11008);
#3378=VERTEX_POINT('',#11010);
#3379=VERTEX_POINT('',#11012);
#3380=VERTEX_POINT('',#11014);
#3381=VERTEX_POINT('',#11018);
#3382=VERTEX_POINT('',#11020);
#3383=VERTEX_POINT('',#11022);
#3384=VERTEX_POINT('',#11024);
#3385=VERTEX_POINT('',#11026);
#3386=VERTEX_POINT('',#11028);
#3387=VERTEX_POINT('',#11031);
#3388=VERTEX_POINT('',#11033);
#3389=VERTEX_POINT('',#11035);
#3390=VERTEX_POINT('',#11037);
#3391=VERTEX_POINT('',#11039);
#3392=VERTEX_POINT('',#11041);
#3393=VERTEX_POINT('',#11043);
#3394=VERTEX_POINT('',#11045);
#3395=VERTEX_POINT('',#11047);
#3396=VERTEX_POINT('',#11049);
#3397=VERTEX_POINT('',#11051);
#3398=VERTEX_POINT('',#11053);
#3399=VERTEX_POINT('',#11055);
#3400=VERTEX_POINT('',#11057);
#3401=VERTEX_POINT('',#11059);
#3402=VERTEX_POINT('',#11061);
#3403=VERTEX_POINT('',#11063);
#3404=VERTEX_POINT('',#11065);
#3405=VERTEX_POINT('',#11067);
#3406=VERTEX_POINT('',#11069);
#3407=VERTEX_POINT('',#11071);
#3408=VERTEX_POINT('',#11075);
#3409=VERTEX_POINT('',#11076);
#3410=VERTEX_POINT('',#11078);
#3411=VERTEX_POINT('',#11080);
#3412=VERTEX_POINT('',#11083);
#3413=VERTEX_POINT('',#11084);
#3414=VERTEX_POINT('',#11086);
#3415=VERTEX_POINT('',#11088);
#3416=VERTEX_POINT('',#11093);
#3417=VERTEX_POINT('',#11095);
#3418=VERTEX_POINT('',#11097);
#3419=VERTEX_POINT('',#11099);
#3420=VERTEX_POINT('',#11101);
#3421=VERTEX_POINT('',#11104);
#3422=VERTEX_POINT('',#11107);
#3423=VERTEX_POINT('',#11109);
#3424=VERTEX_POINT('',#11111);
#3425=VERTEX_POINT('',#11113);
#3426=VERTEX_POINT('',#11115);
#3427=VERTEX_POINT('',#11118);
#3428=VERTEX_POINT('',#11125);
#3429=VERTEX_POINT('',#11130);
#3430=VERTEX_POINT('',#11132);
#3431=VERTEX_POINT('',#11137);
#3432=VERTEX_POINT('',#11139);
#3433=VERTEX_POINT('',#11141);
#3434=VERTEX_POINT('',#11143);
#3435=VERTEX_POINT('',#11147);
#3436=VERTEX_POINT('',#11149);
#3437=VERTEX_POINT('',#11153);
#3438=VERTEX_POINT('',#11159);
#3439=VERTEX_POINT('',#11163);
#3440=VERTEX_POINT('',#11167);
#3441=VERTEX_POINT('',#11171);
#3442=VERTEX_POINT('',#11173);
#3443=VERTEX_POINT('',#11178);
#3444=VERTEX_POINT('',#11179);
#3445=VERTEX_POINT('',#11182);
#3446=VERTEX_POINT('',#11184);
#3447=VERTEX_POINT('',#11188);
#3448=VERTEX_POINT('',#11190);
#3449=VERTEX_POINT('',#11194);
#3450=VERTEX_POINT('',#11195);
#3451=VERTEX_POINT('',#11202);
#3452=VERTEX_POINT('',#11204);
#3453=VERTEX_POINT('',#11208);
#3454=VERTEX_POINT('',#11210);
#3455=VERTEX_POINT('',#11212);
#3456=VERTEX_POINT('',#11214);
#3457=VERTEX_POINT('',#11217);
#3458=VERTEX_POINT('',#11219);
#3459=VERTEX_POINT('',#11222);
#3460=VERTEX_POINT('',#11223);
#3461=VERTEX_POINT('',#11225);
#3462=VERTEX_POINT('',#11227);
#3463=VERTEX_POINT('',#11231);
#3464=VERTEX_POINT('',#11233);
#3465=VERTEX_POINT('',#11235);
#3466=VERTEX_POINT('',#11237);
#3467=VERTEX_POINT('',#11246);
#3468=VERTEX_POINT('',#11248);
#3469=VERTEX_POINT('',#11253);
#3470=VERTEX_POINT('',#11257);
#3471=VERTEX_POINT('',#11261);
#3472=VERTEX_POINT('',#11267);
#3473=VERTEX_POINT('',#11273);
#3474=VERTEX_POINT('',#11275);
#3475=VERTEX_POINT('',#11277);
#3476=VERTEX_POINT('',#11280);
#3477=VERTEX_POINT('',#11281);
#3478=VERTEX_POINT('',#11283);
#3479=VERTEX_POINT('',#11285);
#3480=VERTEX_POINT('',#11289);
#3481=VERTEX_POINT('',#11299);
#3482=VERTEX_POINT('',#11301);
#3483=VERTEX_POINT('',#11307);
#3484=VERTEX_POINT('',#11312);
#3485=VERTEX_POINT('',#11313);
#3486=VERTEX_POINT('',#11315);
#3487=VERTEX_POINT('',#11317);
#3488=VERTEX_POINT('',#11321);
#3489=VERTEX_POINT('',#11322);
#3490=VERTEX_POINT('',#11324);
#3491=VERTEX_POINT('',#11326);
#3492=VERTEX_POINT('',#11330);
#3493=VERTEX_POINT('',#11332);
#3494=VERTEX_POINT('',#11336);
#3495=VERTEX_POINT('',#11340);
#3496=VERTEX_POINT('',#11342);
#3497=VERTEX_POINT('',#11346);
#3498=VERTEX_POINT('',#11352);
#3499=VERTEX_POINT('',#11360);
#3500=VERTEX_POINT('',#11364);
#3501=VERTEX_POINT('',#11369);
#3502=VERTEX_POINT('',#11375);
#3503=VERTEX_POINT('',#11411);
#3504=VERTEX_POINT('',#11412);
#3505=VERTEX_POINT('',#11414);
#3506=VERTEX_POINT('',#11416);
#3507=VERTEX_POINT('',#11420);
#3508=VERTEX_POINT('',#11421);
#3509=VERTEX_POINT('',#11423);
#3510=VERTEX_POINT('',#11425);
#3511=VERTEX_POINT('',#11432);
#3512=VERTEX_POINT('',#11434);
#3513=VERTEX_POINT('',#11436);
#3514=VERTEX_POINT('',#11438);
#3515=VERTEX_POINT('',#11441);
#3516=VERTEX_POINT('',#11442);
#3517=VERTEX_POINT('',#11444);
#3518=VERTEX_POINT('',#11446);
#3519=VERTEX_POINT('',#11449);
#3520=VERTEX_POINT('',#11451);
#3521=VERTEX_POINT('',#11454);
#3522=VERTEX_POINT('',#11458);
#3523=VERTEX_POINT('',#11462);
#3524=VERTEX_POINT('',#11466);
#3525=VERTEX_POINT('',#11470);
#3526=VERTEX_POINT('',#11471);
#3527=VERTEX_POINT('',#11476);
#3528=VERTEX_POINT('',#11480);
#3529=VERTEX_POINT('',#11486);
#3530=VERTEX_POINT('',#11488);
#3531=VERTEX_POINT('',#11497);
#3532=VERTEX_POINT('',#11499);
#3533=VERTEX_POINT('',#11503);
#3534=VERTEX_POINT('',#11504);
#3535=VERTEX_POINT('',#11506);
#3536=VERTEX_POINT('',#11508);
#3537=VERTEX_POINT('',#11510);
#3538=VERTEX_POINT('',#11512);
#3539=VERTEX_POINT('',#11516);
#3540=VERTEX_POINT('',#11517);
#3541=VERTEX_POINT('',#11520);
#3542=VERTEX_POINT('',#11522);
#3543=VERTEX_POINT('',#11524);
#3544=VERTEX_POINT('',#11526);
#3545=VERTEX_POINT('',#11530);
#3546=VERTEX_POINT('',#11532);
#3547=VERTEX_POINT('',#11538);
#3548=VERTEX_POINT('',#11540);
#3549=VERTEX_POINT('',#11544);
#3550=VERTEX_POINT('',#11545);
#3551=VERTEX_POINT('',#11547);
#3552=VERTEX_POINT('',#11549);
#3553=VERTEX_POINT('',#11553);
#3554=VERTEX_POINT('',#11554);
#3555=VERTEX_POINT('',#11556);
#3556=VERTEX_POINT('',#11558);
#3557=VERTEX_POINT('',#11561);
#3558=VERTEX_POINT('',#11562);
#3559=VERTEX_POINT('',#11564);
#3560=VERTEX_POINT('',#11566);
#3561=VERTEX_POINT('',#11575);
#3562=VERTEX_POINT('',#11576);
#3563=VERTEX_POINT('',#11581);
#3564=VERTEX_POINT('',#11585);
#3565=VERTEX_POINT('',#11591);
#3566=VERTEX_POINT('',#11592);
#3567=VERTEX_POINT('',#11597);
#3568=VERTEX_POINT('',#11601);
#3569=VERTEX_POINT('',#11607);
#3570=VERTEX_POINT('',#11609);
#3571=VERTEX_POINT('',#11613);
#3572=VERTEX_POINT('',#11615);
#3573=VERTEX_POINT('',#11624);
#3574=VERTEX_POINT('',#11626);
#3575=VERTEX_POINT('',#11631);
#3576=VERTEX_POINT('',#11632);
#3577=VERTEX_POINT('',#11634);
#3578=VERTEX_POINT('',#11636);
#3579=VERTEX_POINT('',#11640);
#3580=VERTEX_POINT('',#11641);
#3581=VERTEX_POINT('',#11643);
#3582=VERTEX_POINT('',#11645);
#3583=VERTEX_POINT('',#11649);
#3584=VERTEX_POINT('',#11651);
#3585=VERTEX_POINT('',#11655);
#3586=VERTEX_POINT('',#11658);
#3587=VERTEX_POINT('',#11660);
#3588=VERTEX_POINT('',#11664);
#3589=VERTEX_POINT('',#11668);
#3590=VERTEX_POINT('',#11669);
#3591=VERTEX_POINT('',#11674);
#3592=VERTEX_POINT('',#11675);
#3593=VERTEX_POINT('',#11677);
#3594=VERTEX_POINT('',#11680);
#3595=VERTEX_POINT('',#11686);
#3596=VERTEX_POINT('',#11688);
#3597=VERTEX_POINT('',#11690);
#3598=VERTEX_POINT('',#11692);
#3599=VERTEX_POINT('',#11696);
#3600=VERTEX_POINT('',#11698);
#3601=VERTEX_POINT('',#11700);
#3602=VERTEX_POINT('',#11702);
#3603=VERTEX_POINT('',#11704);
#3604=VERTEX_POINT('',#11706);
#3605=VERTEX_POINT('',#11708);
#3606=VERTEX_POINT('',#11710);
#3607=VERTEX_POINT('',#11712);
#3608=VERTEX_POINT('',#11717);
#3609=VERTEX_POINT('',#11721);
#3610=VERTEX_POINT('',#11723);
#3611=VERTEX_POINT('',#11725);
#3612=VERTEX_POINT('',#11727);
#3613=VERTEX_POINT('',#11729);
#3614=VERTEX_POINT('',#11731);
#3615=VERTEX_POINT('',#11733);
#3616=VERTEX_POINT('',#11735);
#3617=VERTEX_POINT('',#11739);
#3618=VERTEX_POINT('',#11743);
#3619=VERTEX_POINT('',#11745);
#3620=VERTEX_POINT('',#11749);
#3621=VERTEX_POINT('',#11751);
#3622=VERTEX_POINT('',#11756);
#3623=VERTEX_POINT('',#11777);
#3624=VERTEX_POINT('',#11778);
#3625=VERTEX_POINT('',#11780);
#3626=VERTEX_POINT('',#11782);
#3627=VERTEX_POINT('',#11786);
#3628=VERTEX_POINT('',#11788);
#3629=VERTEX_POINT('',#11792);
#3630=VERTEX_POINT('',#11794);
#3631=VERTEX_POINT('',#11801);
#3632=VERTEX_POINT('',#11803);
#3633=VERTEX_POINT('',#11808);
#3634=VERTEX_POINT('',#11810);
#3635=VERTEX_POINT('',#11815);
#3636=VERTEX_POINT('',#11816);
#3637=VERTEX_POINT('',#11818);
#3638=VERTEX_POINT('',#11820);
#3639=VERTEX_POINT('',#11824);
#3640=VERTEX_POINT('',#11826);
#3641=VERTEX_POINT('',#11830);
#3642=VERTEX_POINT('',#11832);
#3643=VERTEX_POINT('',#11839);
#3644=VERTEX_POINT('',#11841);
#3645=VERTEX_POINT('',#11846);
#3646=VERTEX_POINT('',#11848);
#3647=VERTEX_POINT('',#11853);
#3648=VERTEX_POINT('',#11854);
#3649=VERTEX_POINT('',#11856);
#3650=VERTEX_POINT('',#11858);
#3651=VERTEX_POINT('',#11862);
#3652=VERTEX_POINT('',#11864);
#3653=VERTEX_POINT('',#11868);
#3654=VERTEX_POINT('',#11870);
#3655=VERTEX_POINT('',#11877);
#3656=VERTEX_POINT('',#11879);
#3657=VERTEX_POINT('',#11884);
#3658=VERTEX_POINT('',#11886);
#3659=VERTEX_POINT('',#11891);
#3660=VERTEX_POINT('',#11892);
#3661=VERTEX_POINT('',#11894);
#3662=VERTEX_POINT('',#11896);
#3663=VERTEX_POINT('',#11900);
#3664=VERTEX_POINT('',#11902);
#3665=VERTEX_POINT('',#11906);
#3666=VERTEX_POINT('',#11908);
#3667=VERTEX_POINT('',#11915);
#3668=VERTEX_POINT('',#11917);
#3669=VERTEX_POINT('',#11922);
#3670=VERTEX_POINT('',#11924);
#3671=VERTEX_POINT('',#11929);
#3672=VERTEX_POINT('',#11931);
#3673=VERTEX_POINT('',#11935);
#3674=VERTEX_POINT('',#11937);
#3675=VERTEX_POINT('',#11941);
#3676=VERTEX_POINT('',#11943);
#3677=VERTEX_POINT('',#11947);
#3678=VERTEX_POINT('',#11949);
#3679=VERTEX_POINT('',#11953);
#3680=VERTEX_POINT('',#11954);
#3681=VERTEX_POINT('',#11956);
#3682=VERTEX_POINT('',#11958);
#3683=VERTEX_POINT('',#11962);
#3684=VERTEX_POINT('',#11964);
#3685=VERTEX_POINT('',#11968);
#3686=VERTEX_POINT('',#11970);
#3687=VERTEX_POINT('',#11974);
#3688=VERTEX_POINT('',#11976);
#3689=VERTEX_POINT('',#11980);
#3690=VERTEX_POINT('',#11981);
#3691=VERTEX_POINT('',#11983);
#3692=VERTEX_POINT('',#11985);
#3693=VERTEX_POINT('',#11989);
#3694=VERTEX_POINT('',#11991);
#3695=VERTEX_POINT('',#12001);
#3696=VERTEX_POINT('',#12002);
#3697=VERTEX_POINT('',#12004);
#3698=VERTEX_POINT('',#12006);
#3699=VERTEX_POINT('',#12010);
#3700=VERTEX_POINT('',#12012);
#3701=VERTEX_POINT('',#12016);
#3702=VERTEX_POINT('',#12018);
#3703=VERTEX_POINT('',#12022);
#3704=VERTEX_POINT('',#12024);
#3705=VERTEX_POINT('',#12028);
#3706=VERTEX_POINT('',#12029);
#3707=VERTEX_POINT('',#12031);
#3708=VERTEX_POINT('',#12033);
#3709=VERTEX_POINT('',#12037);
#3710=VERTEX_POINT('',#12039);
#3711=VERTEX_POINT('',#12049);
#3712=VERTEX_POINT('',#12050);
#3713=VERTEX_POINT('',#12052);
#3714=VERTEX_POINT('',#12054);
#3715=VERTEX_POINT('',#12058);
#3716=VERTEX_POINT('',#12060);
#3717=VERTEX_POINT('',#12062);
#3718=VERTEX_POINT('',#12064);
#3719=VERTEX_POINT('',#12066);
#3720=VERTEX_POINT('',#12068);
#3721=VERTEX_POINT('',#12072);
#3722=VERTEX_POINT('',#12074);
#3723=VERTEX_POINT('',#12078);
#3724=VERTEX_POINT('',#12080);
#3725=VERTEX_POINT('',#12085);
#3726=VERTEX_POINT('',#12087);
#3727=VERTEX_POINT('',#12099);
#3728=VERTEX_POINT('',#12100);
#3729=VERTEX_POINT('',#12102);
#3730=VERTEX_POINT('',#12104);
#3731=VERTEX_POINT('',#12108);
#3732=VERTEX_POINT('',#12110);
#3733=VERTEX_POINT('',#12114);
#3734=VERTEX_POINT('',#12116);
#3735=VERTEX_POINT('',#12123);
#3736=VERTEX_POINT('',#12124);
#3737=VERTEX_POINT('',#12126);
#3738=VERTEX_POINT('',#12128);
#3739=VERTEX_POINT('',#12132);
#3740=VERTEX_POINT('',#12134);
#3741=VERTEX_POINT('',#12138);
#3742=VERTEX_POINT('',#12140);
#3743=VERTEX_POINT('',#12147);
#3744=VERTEX_POINT('',#12148);
#3745=VERTEX_POINT('',#12150);
#3746=VERTEX_POINT('',#12152);
#3747=VERTEX_POINT('',#12156);
#3748=VERTEX_POINT('',#12158);
#3749=VERTEX_POINT('',#12162);
#3750=VERTEX_POINT('',#12164);
#3751=VERTEX_POINT('',#12171);
#3752=VERTEX_POINT('',#12172);
#3753=VERTEX_POINT('',#12174);
#3754=VERTEX_POINT('',#12176);
#3755=VERTEX_POINT('',#12180);
#3756=VERTEX_POINT('',#12182);
#3757=VERTEX_POINT('',#12186);
#3758=VERTEX_POINT('',#12188);
#3759=VERTEX_POINT('',#12195);
#3760=VERTEX_POINT('',#12197);
#3761=VERTEX_POINT('',#12201);
#3762=VERTEX_POINT('',#12204);
#3763=VERTEX_POINT('',#12208);
#3764=VERTEX_POINT('',#12210);
#3765=VERTEX_POINT('',#12215);
#3766=VERTEX_POINT('',#12217);
#3767=VERTEX_POINT('',#12221);
#3768=VERTEX_POINT('',#12224);
#3769=VERTEX_POINT('',#12228);
#3770=VERTEX_POINT('',#12230);
#3771=VERTEX_POINT('',#12235);
#3772=VERTEX_POINT('',#12237);
#3773=VERTEX_POINT('',#12241);
#3774=VERTEX_POINT('',#12244);
#3775=VERTEX_POINT('',#12248);
#3776=VERTEX_POINT('',#12250);
#3777=VERTEX_POINT('',#12255);
#3778=VERTEX_POINT('',#12257);
#3779=VERTEX_POINT('',#12261);
#3780=VERTEX_POINT('',#12264);
#3781=VERTEX_POINT('',#12268);
#3782=VERTEX_POINT('',#12270);
#3783=VERTEX_POINT('',#12275);
#3784=VERTEX_POINT('',#12276);
#3785=VERTEX_POINT('',#12278);
#3786=VERTEX_POINT('',#12280);
#3787=VERTEX_POINT('',#12284);
#3788=VERTEX_POINT('',#12286);
#3789=VERTEX_POINT('',#12290);
#3790=VERTEX_POINT('',#12292);
#3791=VERTEX_POINT('',#12299);
#3792=VERTEX_POINT('',#12300);
#3793=VERTEX_POINT('',#12302);
#3794=VERTEX_POINT('',#12304);
#3795=VERTEX_POINT('',#12308);
#3796=VERTEX_POINT('',#12310);
#3797=VERTEX_POINT('',#12314);
#3798=VERTEX_POINT('',#12316);
#3799=VERTEX_POINT('',#12323);
#3800=VERTEX_POINT('',#12324);
#3801=VERTEX_POINT('',#12326);
#3802=VERTEX_POINT('',#12328);
#3803=VERTEX_POINT('',#12332);
#3804=VERTEX_POINT('',#12333);
#3805=VERTEX_POINT('',#12335);
#3806=VERTEX_POINT('',#12337);
#3807=VERTEX_POINT('',#12341);
#3808=VERTEX_POINT('',#12342);
#3809=VERTEX_POINT('',#12344);
#3810=VERTEX_POINT('',#12346);
#3811=VERTEX_POINT('',#12350);
#3812=VERTEX_POINT('',#12353);
#3813=VERTEX_POINT('',#12357);
#3814=VERTEX_POINT('',#12359);
#3815=VERTEX_POINT('',#12361);
#3816=VERTEX_POINT('',#12363);
#3817=VERTEX_POINT('',#12367);
#3818=VERTEX_POINT('',#12369);
#3819=VERTEX_POINT('',#12373);
#3820=VERTEX_POINT('',#12375);
#3821=VERTEX_POINT('',#12377);
#3822=VERTEX_POINT('',#12381);
#3823=VERTEX_POINT('',#12383);
#3824=VERTEX_POINT('',#12385);
#3825=VERTEX_POINT('',#12389);
#3826=VERTEX_POINT('',#12391);
#3827=VERTEX_POINT('',#12393);
#3828=VERTEX_POINT('',#12395);
#3829=VERTEX_POINT('',#12397);
#3830=VERTEX_POINT('',#12401);
#3831=VERTEX_POINT('',#12405);
#3832=VERTEX_POINT('',#12407);
#3833=VERTEX_POINT('',#12411);
#3834=VERTEX_POINT('',#12414);
#3835=VERTEX_POINT('',#12418);
#3836=VERTEX_POINT('',#12420);
#3837=VERTEX_POINT('',#12422);
#3838=VERTEX_POINT('',#12424);
#3839=VERTEX_POINT('',#12428);
#3840=VERTEX_POINT('',#12430);
#3841=VERTEX_POINT('',#12434);
#3842=VERTEX_POINT('',#12435);
#3843=VERTEX_POINT('',#12437);
#3844=VERTEX_POINT('',#12439);
#3845=VERTEX_POINT('',#12443);
#3846=VERTEX_POINT('',#12444);
#3847=VERTEX_POINT('',#12446);
#3848=VERTEX_POINT('',#12448);
#3849=VERTEX_POINT('',#12452);
#3850=VERTEX_POINT('',#12455);
#3851=VERTEX_POINT('',#12464);
#3852=VERTEX_POINT('',#12466);
#3853=VERTEX_POINT('',#12470);
#3854=VERTEX_POINT('',#12472);
#3855=VERTEX_POINT('',#12476);
#3856=VERTEX_POINT('',#12480);
#3857=VERTEX_POINT('',#12483);
#3858=VERTEX_POINT('',#12487);
#3859=VERTEX_POINT('',#12491);
#3860=VERTEX_POINT('',#12497);
#3861=VERTEX_POINT('',#12504);
#3862=VERTEX_POINT('',#12509);
#3863=VERTEX_POINT('',#12517);
#3864=VERTEX_POINT('',#12519);
#3865=VERTEX_POINT('',#12524);
#3866=VERTEX_POINT('',#12526);
#3867=VERTEX_POINT('',#12529);
#3868=VERTEX_POINT('',#12533);
#3869=VERTEX_POINT('',#12539);
#3870=VERTEX_POINT('',#12541);
#3871=VERTEX_POINT('',#12546);
#3872=VERTEX_POINT('',#12548);
#3873=VERTEX_POINT('',#12551);
#3874=VERTEX_POINT('',#12555);
#3875=VERTEX_POINT('',#12561);
#3876=VERTEX_POINT('',#12562);
#3877=VERTEX_POINT('',#12564);
#3878=VERTEX_POINT('',#12566);
#3879=VERTEX_POINT('',#12570);
#3880=VERTEX_POINT('',#12572);
#3881=VERTEX_POINT('',#12574);
#3882=VERTEX_POINT('',#12576);
#3883=VERTEX_POINT('',#12578);
#3884=VERTEX_POINT('',#12580);
#3885=VERTEX_POINT('',#12584);
#3886=VERTEX_POINT('',#12586);
#3887=VERTEX_POINT('',#12590);
#3888=VERTEX_POINT('',#12592);
#3889=VERTEX_POINT('',#12597);
#3890=VERTEX_POINT('',#12599);
#3891=VERTEX_POINT('',#12611);
#3892=VERTEX_POINT('',#12612);
#3893=VERTEX_POINT('',#12614);
#3894=VERTEX_POINT('',#12616);
#3895=VERTEX_POINT('',#12620);
#3896=VERTEX_POINT('',#12622);
#3897=VERTEX_POINT('',#12624);
#3898=VERTEX_POINT('',#12626);
#3899=VERTEX_POINT('',#12628);
#3900=VERTEX_POINT('',#12630);
#3901=VERTEX_POINT('',#12634);
#3902=VERTEX_POINT('',#12636);
#3903=VERTEX_POINT('',#12640);
#3904=VERTEX_POINT('',#12642);
#3905=VERTEX_POINT('',#12647);
#3906=VERTEX_POINT('',#12649);
#3907=VERTEX_POINT('',#12661);
#3908=VERTEX_POINT('',#12662);
#3909=VERTEX_POINT('',#12664);
#3910=VERTEX_POINT('',#12666);
#3911=VERTEX_POINT('',#12670);
#3912=VERTEX_POINT('',#12671);
#3913=VERTEX_POINT('',#12673);
#3914=VERTEX_POINT('',#12675);
#3915=VERTEX_POINT('',#12687);
#3916=VERTEX_POINT('',#12689);
#3917=VERTEX_POINT('',#12695);
#3918=VERTEX_POINT('',#12697);
#3919=VERTEX_POINT('',#12701);
#3920=VERTEX_POINT('',#12703);
#3921=VERTEX_POINT('',#12707);
#3922=VERTEX_POINT('',#12709);
#3923=VERTEX_POINT('',#12713);
#3924=VERTEX_POINT('',#12715);
#3925=VERTEX_POINT('',#12721);
#3926=VERTEX_POINT('',#12723);
#3927=VERTEX_POINT('',#12727);
#3928=VERTEX_POINT('',#12729);
#3929=VERTEX_POINT('',#12733);
#3930=VERTEX_POINT('',#12735);
#3931=VERTEX_POINT('',#12739);
#3932=VERTEX_POINT('',#12741);
#3933=VERTEX_POINT('',#12745);
#3934=VERTEX_POINT('',#12746);
#3935=VERTEX_POINT('',#12748);
#3936=VERTEX_POINT('',#12750);
#3937=VERTEX_POINT('',#12754);
#3938=VERTEX_POINT('',#12755);
#3939=VERTEX_POINT('',#12757);
#3940=VERTEX_POINT('',#12759);
#3941=VERTEX_POINT('',#12771);
#3942=VERTEX_POINT('',#12772);
#3943=VERTEX_POINT('',#12774);
#3944=VERTEX_POINT('',#12776);
#3945=VERTEX_POINT('',#12780);
#3946=VERTEX_POINT('',#12781);
#3947=VERTEX_POINT('',#12783);
#3948=VERTEX_POINT('',#12785);
#3949=VERTEX_POINT('',#12797);
#3950=VERTEX_POINT('',#12798);
#3951=VERTEX_POINT('',#12800);
#3952=VERTEX_POINT('',#12802);
#3953=VERTEX_POINT('',#12806);
#3954=VERTEX_POINT('',#12807);
#3955=VERTEX_POINT('',#12809);
#3956=VERTEX_POINT('',#12811);
#3957=VERTEX_POINT('',#12823);
#3958=VERTEX_POINT('',#12824);
#3959=VERTEX_POINT('',#12826);
#3960=VERTEX_POINT('',#12828);
#3961=VERTEX_POINT('',#12832);
#3962=VERTEX_POINT('',#12833);
#3963=VERTEX_POINT('',#12835);
#3964=VERTEX_POINT('',#12837);
#3965=VERTEX_POINT('',#12849);
#3966=VERTEX_POINT('',#12850);
#3967=VERTEX_POINT('',#12852);
#3968=VERTEX_POINT('',#12854);
#3969=VERTEX_POINT('',#12858);
#3970=VERTEX_POINT('',#12859);
#3971=VERTEX_POINT('',#12861);
#3972=VERTEX_POINT('',#12863);
#3973=VERTEX_POINT('',#12875);
#3974=VERTEX_POINT('',#12876);
#3975=VERTEX_POINT('',#12878);
#3976=VERTEX_POINT('',#12880);
#3977=VERTEX_POINT('',#12884);
#3978=VERTEX_POINT('',#12885);
#3979=VERTEX_POINT('',#12887);
#3980=VERTEX_POINT('',#12889);
#3981=VERTEX_POINT('',#12901);
#3982=VERTEX_POINT('',#12902);
#3983=VERTEX_POINT('',#12904);
#3984=VERTEX_POINT('',#12906);
#3985=VERTEX_POINT('',#12910);
#3986=VERTEX_POINT('',#12911);
#3987=VERTEX_POINT('',#12913);
#3988=VERTEX_POINT('',#12915);
#3989=EDGE_CURVE('',#3275,#3275,#2993,.T.);
#3990=EDGE_CURVE('',#3275,#3276,#1413,.T.);
#3991=EDGE_CURVE('',#3276,#3276,#2994,.T.);
#3992=EDGE_CURVE('',#3277,#3278,#1414,.T.);
#3993=EDGE_CURVE('',#3279,#3277,#1415,.T.);
#3994=EDGE_CURVE('',#3280,#3279,#1416,.T.);
#3995=EDGE_CURVE('',#3280,#3278,#1417,.T.);
#3996=EDGE_CURVE('',#3281,#3277,#2995,.T.);
#3997=EDGE_CURVE('',#3282,#3281,#1418,.T.);
#3998=EDGE_CURVE('',#3279,#3282,#2996,.T.);
#3999=EDGE_CURVE('',#3283,#3281,#1419,.T.);
#4000=EDGE_CURVE('',#3284,#3283,#1420,.T.);
#4001=EDGE_CURVE('',#3282,#3284,#1421,.T.);
#4002=EDGE_CURVE('',#3285,#3283,#2997,.T.);
#4003=EDGE_CURVE('',#3286,#3285,#1422,.T.);
#4004=EDGE_CURVE('',#3284,#3286,#2998,.T.);
#4005=EDGE_CURVE('',#3278,#3287,#2999,.T.);
#4006=EDGE_CURVE('',#3288,#3280,#3000,.T.);
#4007=EDGE_CURVE('',#3288,#3287,#1423,.T.);
#4008=EDGE_CURVE('',#3286,#3289,#1424,.T.);
#4009=EDGE_CURVE('',#3289,#3290,#3001,.T.);
#4010=EDGE_CURVE('',#3290,#3288,#1425,.T.);
#4011=EDGE_CURVE('',#3291,#3292,#3002,.T.);
#4012=EDGE_CURVE('',#3290,#3291,#1426,.T.);
#4013=EDGE_CURVE('',#3289,#3292,#1427,.T.);
#4014=EDGE_CURVE('',#3287,#3291,#1428,.T.);
#4015=EDGE_CURVE('',#3292,#3285,#1429,.T.);
#4016=EDGE_CURVE('',#3293,#3293,#3003,.T.);
#4017=EDGE_CURVE('',#3293,#3294,#1430,.T.);
#4018=EDGE_CURVE('',#3294,#3294,#3004,.T.);
#4019=EDGE_CURVE('',#3295,#3296,#1431,.T.);
#4020=EDGE_CURVE('',#3297,#3295,#1432,.T.);
#4021=EDGE_CURVE('',#3298,#3297,#1433,.T.);
#4022=EDGE_CURVE('',#3298,#3296,#1434,.T.);
#4023=EDGE_CURVE('',#3299,#3295,#3005,.T.);
#4024=EDGE_CURVE('',#3300,#3299,#1435,.T.);
#4025=EDGE_CURVE('',#3297,#3300,#3006,.T.);
#4026=EDGE_CURVE('',#3301,#3299,#1436,.T.);
#4027=EDGE_CURVE('',#3302,#3301,#1437,.T.);
#4028=EDGE_CURVE('',#3300,#3302,#1438,.T.);
#4029=EDGE_CURVE('',#3303,#3301,#3007,.T.);
#4030=EDGE_CURVE('',#3304,#3303,#1439,.T.);
#4031=EDGE_CURVE('',#3302,#3304,#3008,.T.);
#4032=EDGE_CURVE('',#3296,#3305,#3009,.T.);
#4033=EDGE_CURVE('',#3306,#3298,#3010,.T.);
#4034=EDGE_CURVE('',#3306,#3305,#1440,.T.);
#4035=EDGE_CURVE('',#3304,#3307,#1441,.T.);
#4036=EDGE_CURVE('',#3307,#3308,#3011,.T.);
#4037=EDGE_CURVE('',#3308,#3306,#1442,.T.);
#4038=EDGE_CURVE('',#3309,#3310,#3012,.T.);
#4039=EDGE_CURVE('',#3308,#3309,#1443,.T.);
#4040=EDGE_CURVE('',#3307,#3310,#1444,.T.);
#4041=EDGE_CURVE('',#3305,#3309,#1445,.T.);
#4042=EDGE_CURVE('',#3310,#3303,#1446,.T.);
#4043=EDGE_CURVE('',#3311,#3312,#3013,.T.);
#4044=EDGE_CURVE('',#3311,#3313,#1447,.T.);
#4045=EDGE_CURVE('',#3314,#3313,#3014,.T.);
#4046=EDGE_CURVE('',#3312,#3314,#1448,.T.);
#4047=EDGE_CURVE('',#3312,#3315,#1449,.T.);
#4048=EDGE_CURVE('',#3316,#3314,#1450,.T.);
#4049=EDGE_CURVE('',#3315,#3316,#1451,.T.);
#4050=EDGE_CURVE('',#3315,#3317,#3015,.T.);
#4051=EDGE_CURVE('',#3318,#3316,#3016,.T.);
#4052=EDGE_CURVE('',#3317,#3318,#1452,.T.);
#4053=EDGE_CURVE('',#3317,#3319,#1453,.T.);
#4054=EDGE_CURVE('',#3320,#3318,#1454,.T.);
#4055=EDGE_CURVE('',#3319,#3320,#1455,.T.);
#4056=EDGE_CURVE('',#3321,#3322,#3017,.T.);
#4057=EDGE_CURVE('',#3321,#3323,#1456,.T.);
#4058=EDGE_CURVE('',#3324,#3323,#3018,.T.);
#4059=EDGE_CURVE('',#3322,#3324,#1457,.T.);
#4060=EDGE_CURVE('',#3319,#3325,#3019,.T.);
#4061=EDGE_CURVE('',#3326,#3320,#3020,.T.);
#4062=EDGE_CURVE('',#3325,#3326,#1458,.T.);
#4063=EDGE_CURVE('',#3325,#3321,#1459,.T.);
#4064=EDGE_CURVE('',#3323,#3326,#1460,.T.);
#4065=EDGE_CURVE('',#3322,#3311,#1461,.T.);
#4066=EDGE_CURVE('',#3313,#3324,#1462,.T.);
#4067=EDGE_CURVE('',#3327,#3328,#1463,.T.);
#4068=EDGE_CURVE('',#3329,#3328,#3021,.T.);
#4069=EDGE_CURVE('',#3330,#3329,#1464,.T.);
#4070=EDGE_CURVE('',#3327,#3330,#3022,.T.);
#4071=EDGE_CURVE('',#3330,#3331,#1465,.T.);
#4072=EDGE_CURVE('',#3331,#3332,#3023,.T.);
#4073=EDGE_CURVE('',#3332,#3333,#1466,.T.);
#4074=EDGE_CURVE('',#3333,#3334,#3024,.T.);
#4075=EDGE_CURVE('',#3334,#3335,#1467,.T.);
#4076=EDGE_CURVE('',#3335,#3336,#3025,.T.);
#4077=EDGE_CURVE('',#3336,#3327,#1468,.T.);
#4078=EDGE_CURVE('',#3335,#3337,#1469,.T.);
#4079=EDGE_CURVE('',#3338,#3337,#3026,.T.);
#4080=EDGE_CURVE('',#3336,#3338,#1470,.T.);
#4081=EDGE_CURVE('',#3332,#3339,#1471,.T.);
#4082=EDGE_CURVE('',#3331,#3340,#1472,.T.);
#4083=EDGE_CURVE('',#3339,#3340,#3027,.T.);
#4084=EDGE_CURVE('',#3328,#3338,#1473,.T.);
#4085=EDGE_CURVE('',#3337,#3341,#1474,.T.);
#4086=EDGE_CURVE('',#3341,#3342,#3028,.T.);
#4087=EDGE_CURVE('',#3342,#3339,#1475,.T.);
#4088=EDGE_CURVE('',#3340,#3329,#1476,.T.);
#4089=EDGE_CURVE('',#3334,#3341,#1477,.T.);
#4090=EDGE_CURVE('',#3333,#3342,#1478,.T.);
#4091=EDGE_CURVE('',#3343,#3344,#1479,.T.);
#4092=EDGE_CURVE('',#3345,#3343,#1480,.T.);
#4093=EDGE_CURVE('',#3346,#3345,#1481,.T.);
#4094=EDGE_CURVE('',#3344,#3346,#1482,.T.);
#4095=EDGE_CURVE('',#3347,#3343,#1483,.T.);
#4096=EDGE_CURVE('',#3348,#3347,#1484,.T.);
#4097=EDGE_CURVE('',#3345,#3348,#1485,.T.);
#4098=EDGE_CURVE('',#3349,#3344,#1486,.T.);
#4099=EDGE_CURVE('',#3350,#3349,#1487,.T.);
#4100=EDGE_CURVE('',#3350,#3351,#1488,.T.);
#4101=EDGE_CURVE('',#3352,#3351,#1489,.T.);
#4102=EDGE_CURVE('',#3353,#3352,#1490,.T.);
#4103=EDGE_CURVE('',#3347,#3353,#1491,.T.);
#4104=EDGE_CURVE('',#3354,#3346,#1492,.T.);
#4105=EDGE_CURVE('',#3355,#3354,#1493,.T.);
#4106=EDGE_CURVE('',#3356,#3355,#1494,.T.);
#4107=EDGE_CURVE('',#3357,#3356,#1495,.T.);
#4108=EDGE_CURVE('',#3358,#3357,#1496,.T.);
#4109=EDGE_CURVE('',#3359,#3358,#1497,.T.);
#4110=EDGE_CURVE('',#3359,#3360,#1498,.T.);
#4111=EDGE_CURVE('',#3361,#3360,#1499,.T.);
#4112=EDGE_CURVE('',#3361,#3362,#1500,.T.);
#4113=EDGE_CURVE('',#3349,#3362,#1501,.T.);
#4114=EDGE_CURVE('',#3363,#3363,#3029,.T.);
#4115=EDGE_CURVE('',#3363,#3364,#1502,.T.);
#4116=EDGE_CURVE('',#3364,#3364,#3030,.T.);
#4117=EDGE_CURVE('',#3365,#3365,#3031,.T.);
#4118=EDGE_CURVE('',#3365,#3366,#1503,.T.);
#4119=EDGE_CURVE('',#3366,#3367,#3032,.T.);
#4120=EDGE_CURVE('',#3368,#3367,#3033,.T.);
#4121=EDGE_CURVE('',#3369,#3368,#1504,.T.);
#4122=EDGE_CURVE('',#3370,#3369,#3034,.T.);
#4123=EDGE_CURVE('',#3371,#3370,#1505,.T.);
#4124=EDGE_CURVE('',#3372,#3371,#3035,.T.);
#4125=EDGE_CURVE('',#3373,#3372,#1506,.T.);
#4126=EDGE_CURVE('',#3374,#3373,#3036,.T.);
#4127=EDGE_CURVE('',#3375,#3374,#1507,.T.);
#4128=EDGE_CURVE('',#3376,#3375,#3037,.T.);
#4129=EDGE_CURVE('',#3376,#3366,#3038,.T.);
#4130=EDGE_CURVE('',#3376,#3367,#1508,.T.);
#4131=EDGE_CURVE('',#3377,#3376,#1509,.T.);
#4132=EDGE_CURVE('',#3377,#3378,#1510,.T.);
#4133=EDGE_CURVE('',#3379,#3378,#1511,.T.);
#4134=EDGE_CURVE('',#3379,#3380,#1512,.T.);
#4135=EDGE_CURVE('',#3367,#3380,#1513,.T.);
#4136=EDGE_CURVE('',#3371,#3381,#1514,.T.);
#4137=EDGE_CURVE('',#3381,#3382,#1515,.T.);
#4138=EDGE_CURVE('',#3382,#3383,#1516,.T.);
#4139=EDGE_CURVE('',#3383,#3384,#1517,.T.);
#4140=EDGE_CURVE('',#3384,#3385,#1518,.T.);
#4141=EDGE_CURVE('',#3385,#3386,#1519,.T.);
#4142=EDGE_CURVE('',#3386,#3355,#1520,.T.);
#4143=EDGE_CURVE('',#3354,#3387,#1521,.T.);
#4144=EDGE_CURVE('',#3387,#3388,#1522,.T.);
#4145=EDGE_CURVE('',#3388,#3389,#3039,.T.);
#4146=EDGE_CURVE('',#3390,#3389,#1523,.T.);
#4147=EDGE_CURVE('',#3390,#3391,#3040,.T.);
#4148=EDGE_CURVE('',#3391,#3392,#1524,.T.);
#4149=EDGE_CURVE('',#3392,#3393,#1525,.T.);
#4150=EDGE_CURVE('',#3393,#3394,#1526,.T.);
#4151=EDGE_CURVE('',#3394,#3395,#1527,.T.);
#4152=EDGE_CURVE('',#3395,#3396,#1528,.T.);
#4153=EDGE_CURVE('',#3396,#3397,#1529,.T.);
#4154=EDGE_CURVE('',#3397,#3398,#1530,.T.);
#4155=EDGE_CURVE('',#3398,#3399,#1531,.T.);
#4156=EDGE_CURVE('',#3399,#3400,#1532,.T.);
#4157=EDGE_CURVE('',#3400,#3401,#1533,.T.);
#4158=EDGE_CURVE('',#3401,#3402,#1534,.T.);
#4159=EDGE_CURVE('',#3402,#3403,#1535,.T.);
#4160=EDGE_CURVE('',#3403,#3404,#1536,.T.);
#4161=EDGE_CURVE('',#3404,#3405,#1537,.T.);
#4162=EDGE_CURVE('',#3405,#3406,#1538,.T.);
#4163=EDGE_CURVE('',#3406,#3407,#1539,.T.);
#4164=EDGE_CURVE('',#3407,#3350,#1540,.T.);
#4165=EDGE_CURVE('',#3362,#3372,#1541,.T.);
#4166=EDGE_CURVE('',#3408,#3409,#3041,.T.);
#4167=EDGE_CURVE('',#3409,#3410,#1542,.T.);
#4168=EDGE_CURVE('',#3410,#3411,#3042,.T.);
#4169=EDGE_CURVE('',#3411,#3408,#1543,.T.);
#4170=EDGE_CURVE('',#3412,#3413,#3043,.T.);
#4171=EDGE_CURVE('',#3413,#3414,#1544,.T.);
#4172=EDGE_CURVE('',#3414,#3415,#3044,.T.);
#4173=EDGE_CURVE('',#3415,#3412,#1545,.T.);
#4174=EDGE_CURVE('',#3375,#3359,#1546,.T.);
#4175=EDGE_CURVE('',#3358,#3416,#1547,.T.);
#4176=EDGE_CURVE('',#3416,#3417,#1548,.T.);
#4177=EDGE_CURVE('',#3417,#3418,#3045,.T.);
#4178=EDGE_CURVE('',#3418,#3419,#1549,.T.);
#4179=EDGE_CURVE('',#3419,#3420,#1550,.T.);
#4180=EDGE_CURVE('',#3420,#3377,#1551,.T.);
#4181=EDGE_CURVE('',#3421,#3421,#3046,.T.);
#4182=EDGE_CURVE('',#3380,#3422,#1552,.T.);
#4183=EDGE_CURVE('',#3422,#3423,#1553,.T.);
#4184=EDGE_CURVE('',#3423,#3424,#1554,.T.);
#4185=EDGE_CURVE('',#3424,#3425,#3047,.T.);
#4186=EDGE_CURVE('',#3425,#3426,#1555,.T.);
#4187=EDGE_CURVE('',#3426,#3368,#1556,.T.);
#4188=EDGE_CURVE('',#3427,#3427,#3048,.T.);
#4189=EDGE_CURVE('',#3373,#3361,#1557,.T.);
#4190=EDGE_CURVE('',#3360,#3374,#1558,.T.);
#4191=EDGE_CURVE('',#3426,#3428,#1559,.T.);
#4192=EDGE_CURVE('',#3369,#3428,#1560,.T.);
#4193=EDGE_CURVE('',#3429,#3429,#3049,.T.);
#4194=EDGE_CURVE('',#3429,#3430,#1561,.T.);
#4195=EDGE_CURVE('',#3430,#3430,#3050,.T.);
#4196=EDGE_CURVE('',#3431,#3403,#1562,.T.);
#4197=EDGE_CURVE('',#3432,#3431,#1563,.T.);
#4198=EDGE_CURVE('',#3433,#3432,#1564,.T.);
#4199=EDGE_CURVE('',#3434,#3433,#1565,.T.);
#4200=EDGE_CURVE('',#3434,#3404,#1566,.T.);
#4201=EDGE_CURVE('',#3435,#3432,#1567,.T.);
#4202=EDGE_CURVE('',#3436,#3435,#1568,.T.);
#4203=EDGE_CURVE('',#3433,#3436,#1569,.T.);
#4204=EDGE_CURVE('',#3436,#3437,#1570,.T.);
#4205=EDGE_CURVE('',#3437,#3434,#1571,.T.);
#4206=EDGE_CURVE('',#3437,#3405,#1572,.T.);
#4207=EDGE_CURVE('',#3406,#3438,#1573,.T.);
#4208=EDGE_CURVE('',#3438,#3435,#1574,.T.);
#4209=EDGE_CURVE('',#3439,#3438,#1575,.T.);
#4210=EDGE_CURVE('',#3439,#3407,#1576,.T.);
#4211=EDGE_CURVE('',#3440,#3402,#1577,.T.);
#4212=EDGE_CURVE('',#3431,#3440,#1578,.T.);
#4213=EDGE_CURVE('',#3441,#3441,#3051,.T.);
#4214=EDGE_CURVE('',#3441,#3442,#1579,.T.);
#4215=EDGE_CURVE('',#3442,#3442,#3052,.T.);
#4216=EDGE_CURVE('',#3443,#3444,#1580,.T.);
#4217=EDGE_CURVE('',#3396,#3443,#1581,.T.);
#4218=EDGE_CURVE('',#3445,#3395,#1582,.T.);
#4219=EDGE_CURVE('',#3446,#3445,#1583,.T.);
#4220=EDGE_CURVE('',#3446,#3444,#1584,.T.);
#4221=EDGE_CURVE('',#3445,#3447,#1585,.T.);
#4222=EDGE_CURVE('',#3447,#3448,#1586,.T.);
#4223=EDGE_CURVE('',#3448,#3446,#1587,.T.);
#4224=EDGE_CURVE('',#3449,#3450,#1588,.T.);
#4225=EDGE_CURVE('',#3448,#3449,#1589,.T.);
#4226=EDGE_CURVE('',#3447,#3394,#1590,.T.);
#4227=EDGE_CURVE('',#3450,#3393,#1591,.T.);
#4228=EDGE_CURVE('',#3444,#3451,#1592,.T.);
#4229=EDGE_CURVE('',#3451,#3452,#1593,.T.);
#4230=EDGE_CURVE('',#3452,#3443,#1594,.T.);
#4231=EDGE_CURVE('',#3450,#3453,#1595,.T.);
#4232=EDGE_CURVE('',#3453,#3454,#1596,.T.);
#4233=EDGE_CURVE('',#3454,#3455,#3053,.T.);
#4234=EDGE_CURVE('',#3455,#3456,#1597,.T.);
#4235=EDGE_CURVE('',#3456,#3357,#1598,.T.);
#4236=EDGE_CURVE('',#3356,#3457,#1599,.T.);
#4237=EDGE_CURVE('',#3457,#3458,#1600,.T.);
#4238=EDGE_CURVE('',#3458,#3449,#1601,.T.);
#4239=EDGE_CURVE('',#3459,#3460,#3054,.T.);
#4240=EDGE_CURVE('',#3460,#3461,#1602,.T.);
#4241=EDGE_CURVE('',#3461,#3462,#3055,.T.);
#4242=EDGE_CURVE('',#3462,#3459,#1603,.T.);
#4243=EDGE_CURVE('',#3463,#3384,#1604,.T.);
#4244=EDGE_CURVE('',#3464,#3463,#1605,.T.);
#4245=EDGE_CURVE('',#3465,#3464,#1606,.T.);
#4246=EDGE_CURVE('',#3466,#3465,#1607,.T.);
#4247=EDGE_CURVE('',#3466,#3451,#1608,.T.);
#4248=EDGE_CURVE('',#3458,#3385,#1609,.T.);
#4249=EDGE_CURVE('',#3452,#3397,#1610,.T.);
#4250=EDGE_CURVE('',#3453,#3392,#1611,.T.);
#4251=EDGE_CURVE('',#3467,#3467,#3056,.T.);
#4252=EDGE_CURVE('',#3467,#3468,#1612,.T.);
#4253=EDGE_CURVE('',#3468,#3468,#3057,.T.);
#4254=EDGE_CURVE('',#3469,#3466,#1613,.T.);
#4255=EDGE_CURVE('',#3469,#3398,#1614,.T.);
#4256=EDGE_CURVE('',#3470,#3469,#1615,.T.);
#4257=EDGE_CURVE('',#3465,#3470,#1616,.T.);
#4258=EDGE_CURVE('',#3400,#3471,#1617,.T.);
#4259=EDGE_CURVE('',#3470,#3399,#1618,.T.);
#4260=EDGE_CURVE('',#3471,#3464,#1619,.T.);
#4261=EDGE_CURVE('',#3472,#3471,#1620,.T.);
#4262=EDGE_CURVE('',#3401,#3472,#1621,.T.);
#4263=EDGE_CURVE('',#3428,#3439,#1622,.T.);
#4264=EDGE_CURVE('',#3440,#3472,#1623,.T.);
#4265=EDGE_CURVE('',#3463,#3473,#1624,.T.);
#4266=EDGE_CURVE('',#3473,#3474,#1625,.T.);
#4267=EDGE_CURVE('',#3474,#3475,#1626,.T.);
#4268=EDGE_CURVE('',#3475,#3370,#1627,.T.);
#4269=EDGE_CURVE('',#3476,#3477,#3058,.T.);
#4270=EDGE_CURVE('',#3477,#3478,#1628,.T.);
#4271=EDGE_CURVE('',#3478,#3479,#3059,.T.);
#4272=EDGE_CURVE('',#3479,#3476,#1629,.T.);
#4273=EDGE_CURVE('',#3480,#3480,#3060,.T.);
#4274=EDGE_CURVE('',#3480,#3421,#1630,.T.);
#4275=EDGE_CURVE('',#3418,#3390,#1631,.T.);
#4276=EDGE_CURVE('',#3389,#3417,#1632,.T.);
#4277=EDGE_CURVE('',#3455,#3388,#1633,.T.);
#4278=EDGE_CURVE('',#3391,#3454,#1634,.T.);
#4279=EDGE_CURVE('',#3481,#3416,#1635,.T.);
#4280=EDGE_CURVE('',#3482,#3481,#1636,.T.);
#4281=EDGE_CURVE('',#3419,#3482,#1637,.T.);
#4282=EDGE_CURVE('',#3387,#3456,#1638,.T.);
#4283=EDGE_CURVE('',#3483,#3483,#3061,.T.);
#4284=EDGE_CURVE('',#3483,#3427,#1639,.T.);
#4285=EDGE_CURVE('',#3484,#3485,#1640,.T.);
#4286=EDGE_CURVE('',#3484,#3486,#1641,.T.);
#4287=EDGE_CURVE('',#3486,#3487,#1642,.T.);
#4288=EDGE_CURVE('',#3485,#3487,#3062,.T.);
#4289=EDGE_CURVE('',#3488,#3489,#1643,.T.);
#4290=EDGE_CURVE('',#3490,#3488,#3063,.T.);
#4291=EDGE_CURVE('',#3490,#3491,#1644,.T.);
#4292=EDGE_CURVE('',#3491,#3489,#1645,.T.);
#4293=EDGE_CURVE('',#3492,#3484,#1646,.T.);
#4294=EDGE_CURVE('',#3493,#3492,#1647,.T.);
#4295=EDGE_CURVE('',#3486,#3493,#1648,.T.);
#4296=EDGE_CURVE('',#3487,#3494,#1649,.T.);
#4297=EDGE_CURVE('',#3494,#3493,#1650,.T.);
#4298=EDGE_CURVE('',#3495,#3490,#1651,.T.);
#4299=EDGE_CURVE('',#3496,#3495,#1652,.T.);
#4300=EDGE_CURVE('',#3491,#3496,#1653,.T.);
#4301=EDGE_CURVE('',#3489,#3497,#1654,.T.);
#4302=EDGE_CURVE('',#3497,#3496,#1655,.T.);
#4303=EDGE_CURVE('',#3497,#3492,#1656,.T.);
#4304=EDGE_CURVE('',#3485,#3424,#1657,.T.);
#4305=EDGE_CURVE('',#3423,#3498,#1658,.T.);
#4306=EDGE_CURVE('',#3351,#3498,#1659,.T.);
#4307=EDGE_CURVE('',#3425,#3488,#1660,.T.);
#4308=EDGE_CURVE('',#3495,#3494,#3064,.T.);
#4309=EDGE_CURVE('',#3420,#3499,#1661,.T.);
#4310=EDGE_CURVE('',#3378,#3499,#1662,.T.);
#4311=EDGE_CURVE('',#3353,#3500,#1663,.T.);
#4312=EDGE_CURVE('',#3500,#3482,#1664,.T.);
#4313=EDGE_CURVE('',#3481,#3348,#1665,.T.);
#4314=EDGE_CURVE('',#3499,#3501,#1666,.T.);
#4315=EDGE_CURVE('',#3501,#3379,#1667,.T.);
#4316=EDGE_CURVE('',#3422,#3501,#1668,.T.);
#4317=EDGE_CURVE('',#3498,#3502,#1669,.T.);
#4318=EDGE_CURVE('',#3502,#3352,#1670,.T.);
#4319=EDGE_CURVE('',#3500,#3502,#1671,.T.);
#4320=EDGE_CURVE('',#3462,#3410,#1672,.T.);
#4321=EDGE_CURVE('',#3461,#3411,#1673,.T.);
#4322=EDGE_CURVE('',#3460,#3408,#1674,.T.);
#4323=EDGE_CURVE('',#3459,#3409,#1675,.T.);
#4324=EDGE_CURVE('',#3479,#3414,#1676,.T.);
#4325=EDGE_CURVE('',#3478,#3415,#1677,.T.);
#4326=EDGE_CURVE('',#3477,#3412,#1678,.T.);
#4327=EDGE_CURVE('',#3476,#3413,#1679,.T.);
#4328=EDGE_CURVE('',#3382,#3474,#1680,.T.);
#4329=EDGE_CURVE('',#3475,#3381,#1681,.T.);
#4330=EDGE_CURVE('',#3457,#3386,#1682,.T.);
#4331=EDGE_CURVE('',#3473,#3383,#1683,.T.);
#4332=EDGE_CURVE('',#3503,#3504,#1684,.T.);
#4333=EDGE_CURVE('',#3503,#3505,#1685,.T.);
#4334=EDGE_CURVE('',#3506,#3505,#1686,.T.);
#4335=EDGE_CURVE('',#3504,#3506,#1687,.T.);
#4336=EDGE_CURVE('',#3507,#3508,#1688,.T.);
#4337=EDGE_CURVE('',#3509,#3507,#1689,.T.);
#4338=EDGE_CURVE('',#3510,#3509,#1690,.T.);
#4339=EDGE_CURVE('',#3508,#3510,#1691,.T.);
#4340=EDGE_CURVE('',#3508,#3503,#1692,.T.);
#4341=EDGE_CURVE('',#3505,#3510,#1693,.T.);
#4342=EDGE_CURVE('',#3509,#3511,#1694,.T.);
#4343=EDGE_CURVE('',#3511,#3512,#1695,.T.);
#4344=EDGE_CURVE('',#3512,#3513,#1696,.T.);
#4345=EDGE_CURVE('',#3513,#3514,#1697,.T.);
#4346=EDGE_CURVE('',#3514,#3506,#1698,.T.);
#4347=EDGE_CURVE('',#3515,#3516,#1699,.T.);
#4348=EDGE_CURVE('',#3516,#3517,#1700,.T.);
#4349=EDGE_CURVE('',#3517,#3518,#1701,.T.);
#4350=EDGE_CURVE('',#3518,#3515,#1702,.T.);
#4351=EDGE_CURVE('',#3519,#3519,#3065,.T.);
#4352=EDGE_CURVE('',#3520,#3520,#3066,.T.);
#4353=EDGE_CURVE('',#3521,#3507,#1703,.T.);
#4354=EDGE_CURVE('',#3521,#3511,#1704,.T.);
#4355=EDGE_CURVE('',#3522,#3514,#1705,.T.);
#4356=EDGE_CURVE('',#3504,#3522,#1706,.T.);
#4357=EDGE_CURVE('',#3520,#3523,#1707,.T.);
#4358=EDGE_CURVE('',#3523,#3523,#3067,.T.);
#4359=EDGE_CURVE('',#3519,#3524,#1708,.T.);
#4360=EDGE_CURVE('',#3524,#3524,#3068,.T.);
#4361=EDGE_CURVE('',#3525,#3526,#1709,.T.);
#4362=EDGE_CURVE('',#3525,#3518,#1710,.T.);
#4363=EDGE_CURVE('',#3526,#3517,#1711,.T.);
#4364=EDGE_CURVE('',#3526,#3527,#1712,.T.);
#4365=EDGE_CURVE('',#3527,#3516,#1713,.T.);
#4366=EDGE_CURVE('',#3527,#3528,#1714,.T.);
#4367=EDGE_CURVE('',#3528,#3515,#1715,.T.);
#4368=EDGE_CURVE('',#3528,#3525,#1716,.T.);
#4369=EDGE_CURVE('',#3522,#3529,#1717,.T.);
#4370=EDGE_CURVE('',#3529,#3530,#1718,.T.);
#4371=EDGE_CURVE('',#3530,#3521,#1719,.T.);
#4372=EDGE_CURVE('',#3530,#3512,#1720,.T.);
#4373=EDGE_CURVE('',#3529,#3513,#1721,.T.);
#4374=EDGE_CURVE('',#3531,#3531,#3069,.T.);
#4375=EDGE_CURVE('',#3531,#3532,#1722,.T.);
#4376=EDGE_CURVE('',#3532,#3532,#3070,.T.);
#4377=EDGE_CURVE('',#3533,#3534,#1723,.T.);
#4378=EDGE_CURVE('',#3535,#3533,#1724,.T.);
#4379=EDGE_CURVE('',#3536,#3535,#1725,.T.);
#4380=EDGE_CURVE('',#3537,#3536,#1726,.T.);
#4381=EDGE_CURVE('',#3537,#3538,#1727,.T.);
#4382=EDGE_CURVE('',#3534,#3538,#1728,.T.);
#4383=EDGE_CURVE('',#3539,#3540,#1729,.T.);
#4384=EDGE_CURVE('',#3534,#3539,#1730,.T.);
#4385=EDGE_CURVE('',#3538,#3541,#1731,.T.);
#4386=EDGE_CURVE('',#3541,#3542,#1732,.T.);
#4387=EDGE_CURVE('',#3543,#3542,#1733,.T.);
#4388=EDGE_CURVE('',#3544,#3543,#1734,.T.);
#4389=EDGE_CURVE('',#3544,#3540,#1735,.T.);
#4390=EDGE_CURVE('',#3536,#3545,#1736,.T.);
#4391=EDGE_CURVE('',#3545,#3546,#1737,.T.);
#4392=EDGE_CURVE('',#3546,#3537,#1738,.T.);
#4393=EDGE_CURVE('',#3546,#3541,#1739,.T.);
#4394=EDGE_CURVE('',#3542,#3547,#1740,.T.);
#4395=EDGE_CURVE('',#3545,#3548,#1741,.T.);
#4396=EDGE_CURVE('',#3547,#3548,#1742,.T.);
#4397=EDGE_CURVE('',#3549,#3550,#1743,.T.);
#4398=EDGE_CURVE('',#3551,#3550,#1744,.T.);
#4399=EDGE_CURVE('',#3552,#3551,#1745,.T.);
#4400=EDGE_CURVE('',#3549,#3552,#1746,.T.);
#4401=EDGE_CURVE('',#3535,#3548,#3071,.T.);
#4402=EDGE_CURVE('',#3553,#3554,#3072,.T.);
#4403=EDGE_CURVE('',#3554,#3555,#1747,.T.);
#4404=EDGE_CURVE('',#3555,#3556,#3073,.T.);
#4405=EDGE_CURVE('',#3556,#3553,#1748,.T.);
#4406=EDGE_CURVE('',#3557,#3558,#3074,.T.);
#4407=EDGE_CURVE('',#3558,#3559,#1749,.T.);
#4408=EDGE_CURVE('',#3559,#3560,#3075,.T.);
#4409=EDGE_CURVE('',#3560,#3557,#1750,.T.);
#4410=EDGE_CURVE('',#3544,#3540,#3076,.T.);
#4411=EDGE_CURVE('',#3547,#3533,#3077,.T.);
#4412=EDGE_CURVE('',#3539,#3543,#3078,.T.);
#4413=EDGE_CURVE('',#3561,#3562,#3079,.T.);
#4414=EDGE_CURVE('',#3561,#3560,#1751,.T.);
#4415=EDGE_CURVE('',#3559,#3562,#1752,.T.);
#4416=EDGE_CURVE('',#3562,#3563,#1753,.T.);
#4417=EDGE_CURVE('',#3563,#3558,#1754,.T.);
#4418=EDGE_CURVE('',#3563,#3564,#3080,.T.);
#4419=EDGE_CURVE('',#3557,#3564,#1755,.T.);
#4420=EDGE_CURVE('',#3564,#3561,#1756,.T.);
#4421=EDGE_CURVE('',#3565,#3566,#3081,.T.);
#4422=EDGE_CURVE('',#3565,#3556,#1757,.T.);
#4423=EDGE_CURVE('',#3555,#3566,#1758,.T.);
#4424=EDGE_CURVE('',#3566,#3567,#1759,.T.);
#4425=EDGE_CURVE('',#3567,#3554,#1760,.T.);
#4426=EDGE_CURVE('',#3567,#3568,#3082,.T.);
#4427=EDGE_CURVE('',#3553,#3568,#1761,.T.);
#4428=EDGE_CURVE('',#3568,#3565,#1762,.T.);
#4429=EDGE_CURVE('',#3552,#3569,#1763,.T.);
#4430=EDGE_CURVE('',#3569,#3570,#1764,.T.);
#4431=EDGE_CURVE('',#3570,#3549,#1765,.T.);
#4432=EDGE_CURVE('',#3550,#3571,#1766,.T.);
#4433=EDGE_CURVE('',#3571,#3572,#1767,.T.);
#4434=EDGE_CURVE('',#3572,#3551,#1768,.T.);
#4435=EDGE_CURVE('',#3570,#3571,#1769,.T.);
#4436=EDGE_CURVE('',#3569,#3572,#1770,.T.);
#4437=EDGE_CURVE('',#3573,#3573,#3083,.T.);
#4438=EDGE_CURVE('',#3573,#3574,#1771,.T.);
#4439=EDGE_CURVE('',#3574,#3574,#3084,.T.);
#4440=EDGE_CURVE('',#3575,#3576,#3085,.T.);
#4441=EDGE_CURVE('',#3575,#3577,#1772,.T.);
#4442=EDGE_CURVE('',#3578,#3577,#3086,.T.);
#4443=EDGE_CURVE('',#3576,#3578,#1773,.T.);
#4444=EDGE_CURVE('',#3579,#3580,#1774,.T.);
#4445=EDGE_CURVE('',#3579,#3581,#1775,.T.);
#4446=EDGE_CURVE('',#3582,#3581,#1776,.T.);
#4447=EDGE_CURVE('',#3580,#3582,#1777,.T.);
#4448=EDGE_CURVE('',#3583,#3579,#3087,.T.);
#4449=EDGE_CURVE('',#3583,#3584,#1778,.T.);
#4450=EDGE_CURVE('',#3581,#3584,#3088,.T.);
#4451=EDGE_CURVE('',#3577,#3585,#1779,.T.);
#4452=EDGE_CURVE('',#3585,#3582,#3089,.T.);
#4453=EDGE_CURVE('',#3584,#3586,#1780,.T.);
#4454=EDGE_CURVE('',#3586,#3587,#3090,.T.);
#4455=EDGE_CURVE('',#3587,#3578,#1781,.T.);
#4456=EDGE_CURVE('',#3580,#3588,#3091,.T.);
#4457=EDGE_CURVE('',#3588,#3585,#1782,.T.);
#4458=EDGE_CURVE('',#3589,#3590,#3092,.T.);
#4459=EDGE_CURVE('',#3589,#3587,#1783,.T.);
#4460=EDGE_CURVE('',#3590,#3586,#1784,.T.);
#4461=EDGE_CURVE('',#3591,#3592,#1785,.T.);
#4462=EDGE_CURVE('',#3591,#3593,#1786,.T.);
#4463=EDGE_CURVE('',#3576,#3593,#1787,.T.);
#4464=EDGE_CURVE('',#3594,#3589,#1788,.T.);
#4465=EDGE_CURVE('',#3592,#3594,#1789,.T.);
#4466=EDGE_CURVE('',#3590,#3594,#1790,.T.);
#4467=EDGE_CURVE('',#3588,#3595,#1791,.T.);
#4468=EDGE_CURVE('',#3595,#3596,#3093,.T.);
#4469=EDGE_CURVE('',#3596,#3597,#1792,.T.);
#4470=EDGE_CURVE('',#3597,#3598,#3094,.T.);
#4471=EDGE_CURVE('',#3598,#3583,#1793,.T.);
#4472=EDGE_CURVE('',#3599,#3591,#1794,.T.);
#4473=EDGE_CURVE('',#3600,#3599,#1795,.T.);
#4474=EDGE_CURVE('',#3601,#3600,#1796,.T.);
#4475=EDGE_CURVE('',#3601,#3602,#1797,.T.);
#4476=EDGE_CURVE('',#3603,#3602,#1798,.T.);
#4477=EDGE_CURVE('',#3603,#3604,#1799,.T.);
#4478=EDGE_CURVE('',#3605,#3604,#1800,.T.);
#4479=EDGE_CURVE('',#3605,#3606,#1801,.T.);
#4480=EDGE_CURVE('',#3607,#3606,#1802,.T.);
#4481=EDGE_CURVE('',#3595,#3607,#1803,.T.);
#4482=EDGE_CURVE('',#3593,#3575,#1804,.T.);
#4483=EDGE_CURVE('',#3592,#3608,#1805,.T.);
#4484=EDGE_CURVE('',#3599,#3608,#1806,.T.);
#4485=EDGE_CURVE('',#3598,#3609,#1807,.T.);
#4486=EDGE_CURVE('',#3610,#3609,#1808,.T.);
#4487=EDGE_CURVE('',#3611,#3610,#1809,.T.);
#4488=EDGE_CURVE('',#3612,#3611,#1810,.T.);
#4489=EDGE_CURVE('',#3613,#3612,#1811,.T.);
#4490=EDGE_CURVE('',#3614,#3613,#1812,.T.);
#4491=EDGE_CURVE('',#3615,#3614,#1813,.T.);
#4492=EDGE_CURVE('',#3616,#3615,#1814,.T.);
#4493=EDGE_CURVE('',#3616,#3608,#1815,.T.);
#4494=EDGE_CURVE('',#3617,#3607,#3095,.T.);
#4495=EDGE_CURVE('',#3596,#3617,#1816,.T.);
#4496=EDGE_CURVE('',#3618,#3605,#3096,.T.);
#4497=EDGE_CURVE('',#3618,#3619,#1817,.T.);
#4498=EDGE_CURVE('',#3606,#3619,#3097,.T.);
#4499=EDGE_CURVE('',#3611,#3620,#3098,.T.);
#4500=EDGE_CURVE('',#3621,#3610,#3099,.T.);
#4501=EDGE_CURVE('',#3620,#3621,#1818,.T.);
#4502=EDGE_CURVE('',#3619,#3621,#1819,.T.);
#4503=EDGE_CURVE('',#3609,#3622,#3100,.T.);
#4504=EDGE_CURVE('',#3622,#3617,#1820,.T.);
#4505=EDGE_CURVE('',#3597,#3622,#1821,.T.);
#4506=EDGE_CURVE('',#3613,#3603,#1822,.T.);
#4507=EDGE_CURVE('',#3620,#3612,#1823,.T.);
#4508=EDGE_CURVE('',#3604,#3618,#1824,.T.);
#4509=EDGE_CURVE('',#3614,#3602,#1825,.T.);
#4510=EDGE_CURVE('',#3615,#3601,#1826,.T.);
#4511=EDGE_CURVE('',#3600,#3616,#1827,.T.);
#4512=EDGE_CURVE('',#3623,#3624,#3101,.T.);
#4513=EDGE_CURVE('',#3623,#3625,#1828,.T.);
#4514=EDGE_CURVE('',#3626,#3625,#3102,.T.);
#4515=EDGE_CURVE('',#3624,#3626,#1829,.T.);
#4516=EDGE_CURVE('',#3624,#3627,#1830,.T.);
#4517=EDGE_CURVE('',#3628,#3626,#1831,.T.);
#4518=EDGE_CURVE('',#3627,#3628,#1832,.T.);
#4519=EDGE_CURVE('',#3627,#3629,#3103,.T.);
#4520=EDGE_CURVE('',#3630,#3628,#3104,.T.);
#4521=EDGE_CURVE('',#3629,#3630,#1833,.T.);
#4522=EDGE_CURVE('',#3629,#3623,#1834,.T.);
#4523=EDGE_CURVE('',#3625,#3630,#1835,.T.);
#4524=EDGE_CURVE('',#3631,#3631,#3105,.T.);
#4525=EDGE_CURVE('',#3631,#3632,#1836,.T.);
#4526=EDGE_CURVE('',#3632,#3632,#3106,.T.);
#4527=EDGE_CURVE('',#3633,#3633,#3107,.T.);
#4528=EDGE_CURVE('',#3633,#3634,#1837,.T.);
#4529=EDGE_CURVE('',#3634,#3634,#3108,.T.);
#4530=EDGE_CURVE('',#3635,#3636,#3109,.T.);
#4531=EDGE_CURVE('',#3635,#3637,#1838,.T.);
#4532=EDGE_CURVE('',#3638,#3637,#3110,.T.);
#4533=EDGE_CURVE('',#3636,#3638,#1839,.T.);
#4534=EDGE_CURVE('',#3636,#3639,#1840,.T.);
#4535=EDGE_CURVE('',#3640,#3638,#1841,.T.);
#4536=EDGE_CURVE('',#3639,#3640,#1842,.T.);
#4537=EDGE_CURVE('',#3639,#3641,#3111,.T.);
#4538=EDGE_CURVE('',#3642,#3640,#3112,.T.);
#4539=EDGE_CURVE('',#3641,#3642,#1843,.T.);
#4540=EDGE_CURVE('',#3641,#3635,#1844,.T.);
#4541=EDGE_CURVE('',#3637,#3642,#1845,.T.);
#4542=EDGE_CURVE('',#3643,#3643,#3113,.T.);
#4543=EDGE_CURVE('',#3643,#3644,#1846,.T.);
#4544=EDGE_CURVE('',#3644,#3644,#3114,.T.);
#4545=EDGE_CURVE('',#3645,#3645,#3115,.T.);
#4546=EDGE_CURVE('',#3645,#3646,#1847,.T.);
#4547=EDGE_CURVE('',#3646,#3646,#3116,.T.);
#4548=EDGE_CURVE('',#3647,#3648,#3117,.T.);
#4549=EDGE_CURVE('',#3647,#3649,#1848,.T.);
#4550=EDGE_CURVE('',#3650,#3649,#3118,.T.);
#4551=EDGE_CURVE('',#3648,#3650,#1849,.T.);
#4552=EDGE_CURVE('',#3648,#3651,#1850,.T.);
#4553=EDGE_CURVE('',#3652,#3650,#1851,.T.);
#4554=EDGE_CURVE('',#3651,#3652,#1852,.T.);
#4555=EDGE_CURVE('',#3651,#3653,#3119,.T.);
#4556=EDGE_CURVE('',#3654,#3652,#3120,.T.);
#4557=EDGE_CURVE('',#3653,#3654,#1853,.T.);
#4558=EDGE_CURVE('',#3653,#3647,#1854,.T.);
#4559=EDGE_CURVE('',#3649,#3654,#1855,.T.);
#4560=EDGE_CURVE('',#3655,#3655,#3121,.T.);
#4561=EDGE_CURVE('',#3655,#3656,#1856,.T.);
#4562=EDGE_CURVE('',#3656,#3656,#3122,.T.);
#4563=EDGE_CURVE('',#3657,#3657,#3123,.T.);
#4564=EDGE_CURVE('',#3657,#3658,#1857,.T.);
#4565=EDGE_CURVE('',#3658,#3658,#3124,.T.);
#4566=EDGE_CURVE('',#3659,#3660,#3125,.T.);
#4567=EDGE_CURVE('',#3659,#3661,#1858,.T.);
#4568=EDGE_CURVE('',#3662,#3661,#3126,.T.);
#4569=EDGE_CURVE('',#3660,#3662,#1859,.T.);
#4570=EDGE_CURVE('',#3660,#3663,#1860,.T.);
#4571=EDGE_CURVE('',#3664,#3662,#1861,.T.);
#4572=EDGE_CURVE('',#3663,#3664,#1862,.T.);
#4573=EDGE_CURVE('',#3663,#3665,#3127,.T.);
#4574=EDGE_CURVE('',#3666,#3664,#3128,.T.);
#4575=EDGE_CURVE('',#3665,#3666,#1863,.T.);
#4576=EDGE_CURVE('',#3665,#3659,#1864,.T.);
#4577=EDGE_CURVE('',#3661,#3666,#1865,.T.);
#4578=EDGE_CURVE('',#3667,#3667,#3129,.T.);
#4579=EDGE_CURVE('',#3667,#3668,#1866,.T.);
#4580=EDGE_CURVE('',#3668,#3668,#3130,.T.);
#4581=EDGE_CURVE('',#3669,#3669,#3131,.T.);
#4582=EDGE_CURVE('',#3669,#3670,#1867,.T.);
#4583=EDGE_CURVE('',#3670,#3670,#3132,.T.);
#4584=EDGE_CURVE('',#3671,#3671,#3133,.T.);
#4585=EDGE_CURVE('',#3671,#3672,#1868,.T.);
#4586=EDGE_CURVE('',#3672,#3672,#3134,.T.);
#4587=EDGE_CURVE('',#3673,#3673,#3135,.T.);
#4588=EDGE_CURVE('',#3673,#3674,#1869,.T.);
#4589=EDGE_CURVE('',#3674,#3674,#3136,.T.);
#4590=EDGE_CURVE('',#3675,#3675,#3137,.T.);
#4591=EDGE_CURVE('',#3675,#3676,#1870,.T.);
#4592=EDGE_CURVE('',#3676,#3676,#3138,.T.);
#4593=EDGE_CURVE('',#3677,#3677,#3139,.T.);
#4594=EDGE_CURVE('',#3677,#3678,#1871,.T.);
#4595=EDGE_CURVE('',#3678,#3678,#3140,.T.);
#4596=EDGE_CURVE('',#3679,#3680,#3141,.T.);
#4597=EDGE_CURVE('',#3679,#3681,#1872,.T.);
#4598=EDGE_CURVE('',#3682,#3681,#3142,.T.);
#4599=EDGE_CURVE('',#3680,#3682,#1873,.T.);
#4600=EDGE_CURVE('',#3680,#3683,#1874,.T.);
#4601=EDGE_CURVE('',#3684,#3682,#1875,.T.);
#4602=EDGE_CURVE('',#3683,#3684,#1876,.T.);
#4603=EDGE_CURVE('',#3683,#3685,#3143,.T.);
#4604=EDGE_CURVE('',#3686,#3684,#3144,.T.);
#4605=EDGE_CURVE('',#3685,#3686,#1877,.T.);
#4606=EDGE_CURVE('',#3685,#3687,#1878,.T.);
#4607=EDGE_CURVE('',#3688,#3686,#1879,.T.);
#4608=EDGE_CURVE('',#3687,#3688,#1880,.T.);
#4609=EDGE_CURVE('',#3689,#3690,#3145,.T.);
#4610=EDGE_CURVE('',#3689,#3691,#1881,.T.);
#4611=EDGE_CURVE('',#3692,#3691,#3146,.T.);
#4612=EDGE_CURVE('',#3690,#3692,#1882,.T.);
#4613=EDGE_CURVE('',#3687,#3693,#3147,.T.);
#4614=EDGE_CURVE('',#3694,#3688,#3148,.T.);
#4615=EDGE_CURVE('',#3693,#3694,#1883,.T.);
#4616=EDGE_CURVE('',#3693,#3689,#1884,.T.);
#4617=EDGE_CURVE('',#3691,#3694,#1885,.T.);
#4618=EDGE_CURVE('',#3690,#3679,#1886,.T.);
#4619=EDGE_CURVE('',#3681,#3692,#1887,.T.);
#4620=EDGE_CURVE('',#3695,#3696,#3149,.T.);
#4621=EDGE_CURVE('',#3695,#3697,#1888,.T.);
#4622=EDGE_CURVE('',#3698,#3697,#3150,.T.);
#4623=EDGE_CURVE('',#3696,#3698,#1889,.T.);
#4624=EDGE_CURVE('',#3696,#3699,#1890,.T.);
#4625=EDGE_CURVE('',#3700,#3698,#1891,.T.);
#4626=EDGE_CURVE('',#3699,#3700,#1892,.T.);
#4627=EDGE_CURVE('',#3699,#3701,#3151,.T.);
#4628=EDGE_CURVE('',#3702,#3700,#3152,.T.);
#4629=EDGE_CURVE('',#3701,#3702,#1893,.T.);
#4630=EDGE_CURVE('',#3701,#3703,#1894,.T.);
#4631=EDGE_CURVE('',#3704,#3702,#1895,.T.);
#4632=EDGE_CURVE('',#3703,#3704,#1896,.T.);
#4633=EDGE_CURVE('',#3705,#3706,#3153,.T.);
#4634=EDGE_CURVE('',#3705,#3707,#1897,.T.);
#4635=EDGE_CURVE('',#3708,#3707,#3154,.T.);
#4636=EDGE_CURVE('',#3706,#3708,#1898,.T.);
#4637=EDGE_CURVE('',#3703,#3709,#3155,.T.);
#4638=EDGE_CURVE('',#3710,#3704,#3156,.T.);
#4639=EDGE_CURVE('',#3709,#3710,#1899,.T.);
#4640=EDGE_CURVE('',#3709,#3705,#1900,.T.);
#4641=EDGE_CURVE('',#3707,#3710,#1901,.T.);
#4642=EDGE_CURVE('',#3706,#3695,#1902,.T.);
#4643=EDGE_CURVE('',#3697,#3708,#1903,.T.);
#4644=EDGE_CURVE('',#3711,#3712,#1904,.T.);
#4645=EDGE_CURVE('',#3713,#3712,#3157,.T.);
#4646=EDGE_CURVE('',#3714,#3713,#1905,.T.);
#4647=EDGE_CURVE('',#3711,#3714,#3158,.T.);
#4648=EDGE_CURVE('',#3714,#3715,#1906,.T.);
#4649=EDGE_CURVE('',#3715,#3716,#3159,.T.);
#4650=EDGE_CURVE('',#3716,#3717,#1907,.T.);
#4651=EDGE_CURVE('',#3717,#3718,#3160,.T.);
#4652=EDGE_CURVE('',#3718,#3719,#1908,.T.);
#4653=EDGE_CURVE('',#3719,#3720,#3161,.T.);
#4654=EDGE_CURVE('',#3720,#3711,#1909,.T.);
#4655=EDGE_CURVE('',#3719,#3721,#1910,.T.);
#4656=EDGE_CURVE('',#3722,#3721,#3162,.T.);
#4657=EDGE_CURVE('',#3720,#3722,#1911,.T.);
#4658=EDGE_CURVE('',#3716,#3723,#1912,.T.);
#4659=EDGE_CURVE('',#3715,#3724,#1913,.T.);
#4660=EDGE_CURVE('',#3723,#3724,#3163,.T.);
#4661=EDGE_CURVE('',#3712,#3722,#1914,.T.);
#4662=EDGE_CURVE('',#3721,#3725,#1915,.T.);
#4663=EDGE_CURVE('',#3725,#3726,#3164,.T.);
#4664=EDGE_CURVE('',#3726,#3723,#1916,.T.);
#4665=EDGE_CURVE('',#3724,#3713,#1917,.T.);
#4666=EDGE_CURVE('',#3718,#3725,#1918,.T.);
#4667=EDGE_CURVE('',#3717,#3726,#1919,.T.);
#4668=EDGE_CURVE('',#3727,#3728,#3165,.T.);
#4669=EDGE_CURVE('',#3729,#3727,#1920,.T.);
#4670=EDGE_CURVE('',#3730,#3729,#3166,.T.);
#4671=EDGE_CURVE('',#3730,#3728,#1921,.T.);
#4672=EDGE_CURVE('',#3728,#3731,#1922,.T.);
#4673=EDGE_CURVE('',#3732,#3730,#1923,.T.);
#4674=EDGE_CURVE('',#3732,#3731,#1924,.T.);
#4675=EDGE_CURVE('',#3731,#3733,#3167,.T.);
#4676=EDGE_CURVE('',#3734,#3732,#3168,.T.);
#4677=EDGE_CURVE('',#3734,#3733,#1925,.T.);
#4678=EDGE_CURVE('',#3733,#3727,#1926,.T.);
#4679=EDGE_CURVE('',#3729,#3734,#1927,.T.);
#4680=EDGE_CURVE('',#3735,#3736,#3169,.T.);
#4681=EDGE_CURVE('',#3737,#3735,#1928,.T.);
#4682=EDGE_CURVE('',#3738,#3737,#3170,.T.);
#4683=EDGE_CURVE('',#3738,#3736,#1929,.T.);
#4684=EDGE_CURVE('',#3736,#3739,#1930,.T.);
#4685=EDGE_CURVE('',#3740,#3738,#1931,.T.);
#4686=EDGE_CURVE('',#3740,#3739,#1932,.T.);
#4687=EDGE_CURVE('',#3739,#3741,#3171,.T.);
#4688=EDGE_CURVE('',#3742,#3740,#3172,.T.);
#4689=EDGE_CURVE('',#3742,#3741,#1933,.T.);
#4690=EDGE_CURVE('',#3741,#3735,#1934,.T.);
#4691=EDGE_CURVE('',#3737,#3742,#1935,.T.);
#4692=EDGE_CURVE('',#3743,#3744,#3173,.T.);
#4693=EDGE_CURVE('',#3745,#3743,#1936,.T.);
#4694=EDGE_CURVE('',#3746,#3745,#3174,.T.);
#4695=EDGE_CURVE('',#3746,#3744,#1937,.T.);
#4696=EDGE_CURVE('',#3744,#3747,#1938,.T.);
#4697=EDGE_CURVE('',#3748,#3746,#1939,.T.);
#4698=EDGE_CURVE('',#3748,#3747,#1940,.T.);
#4699=EDGE_CURVE('',#3747,#3749,#3175,.T.);
#4700=EDGE_CURVE('',#3750,#3748,#3176,.T.);
#4701=EDGE_CURVE('',#3750,#3749,#1941,.T.);
#4702=EDGE_CURVE('',#3749,#3743,#1942,.T.);
#4703=EDGE_CURVE('',#3745,#3750,#1943,.T.);
#4704=EDGE_CURVE('',#3751,#3752,#3177,.T.);
#4705=EDGE_CURVE('',#3753,#3751,#1944,.T.);
#4706=EDGE_CURVE('',#3754,#3753,#3178,.T.);
#4707=EDGE_CURVE('',#3754,#3752,#1945,.T.);
#4708=EDGE_CURVE('',#3752,#3755,#1946,.T.);
#4709=EDGE_CURVE('',#3756,#3754,#1947,.T.);
#4710=EDGE_CURVE('',#3756,#3755,#1948,.T.);
#4711=EDGE_CURVE('',#3755,#3757,#3179,.T.);
#4712=EDGE_CURVE('',#3758,#3756,#3180,.T.);
#4713=EDGE_CURVE('',#3758,#3757,#1949,.T.);
#4714=EDGE_CURVE('',#3757,#3751,#1950,.T.);
#4715=EDGE_CURVE('',#3753,#3758,#1951,.T.);
#4716=EDGE_CURVE('',#3759,#3759,#3181,.T.);
#4717=EDGE_CURVE('',#3759,#3760,#1952,.T.);
#4718=EDGE_CURVE('',#3760,#3760,#3182,.T.);
#4719=EDGE_CURVE('',#3761,#3761,#3183,.T.);
#4720=EDGE_CURVE('',#3762,#3762,#3184,.T.);
#4721=EDGE_CURVE('',#3762,#3761,#1953,.T.);
#4722=EDGE_CURVE('',#3763,#3763,#3185,.T.);
#4723=EDGE_CURVE('',#3763,#3764,#1954,.T.);
#4724=EDGE_CURVE('',#3764,#3764,#3186,.T.);
#4725=EDGE_CURVE('',#3765,#3765,#3187,.T.);
#4726=EDGE_CURVE('',#3765,#3766,#1955,.T.);
#4727=EDGE_CURVE('',#3766,#3766,#3188,.T.);
#4728=EDGE_CURVE('',#3767,#3767,#3189,.T.);
#4729=EDGE_CURVE('',#3768,#3768,#3190,.T.);
#4730=EDGE_CURVE('',#3768,#3767,#1956,.T.);
#4731=EDGE_CURVE('',#3769,#3769,#3191,.T.);
#4732=EDGE_CURVE('',#3769,#3770,#1957,.T.);
#4733=EDGE_CURVE('',#3770,#3770,#3192,.T.);
#4734=EDGE_CURVE('',#3771,#3771,#3193,.T.);
#4735=EDGE_CURVE('',#3771,#3772,#1958,.T.);
#4736=EDGE_CURVE('',#3772,#3772,#3194,.T.);
#4737=EDGE_CURVE('',#3773,#3773,#3195,.T.);
#4738=EDGE_CURVE('',#3774,#3774,#3196,.T.);
#4739=EDGE_CURVE('',#3774,#3773,#1959,.T.);
#4740=EDGE_CURVE('',#3775,#3775,#3197,.T.);
#4741=EDGE_CURVE('',#3775,#3776,#1960,.T.);
#4742=EDGE_CURVE('',#3776,#3776,#3198,.T.);
#4743=EDGE_CURVE('',#3777,#3777,#3199,.T.);
#4744=EDGE_CURVE('',#3777,#3778,#1961,.T.);
#4745=EDGE_CURVE('',#3778,#3778,#3200,.T.);
#4746=EDGE_CURVE('',#3779,#3779,#3201,.T.);
#4747=EDGE_CURVE('',#3780,#3780,#3202,.T.);
#4748=EDGE_CURVE('',#3780,#3779,#1962,.T.);
#4749=EDGE_CURVE('',#3781,#3781,#3203,.T.);
#4750=EDGE_CURVE('',#3781,#3782,#1963,.T.);
#4751=EDGE_CURVE('',#3782,#3782,#3204,.T.);
#4752=EDGE_CURVE('',#3783,#3784,#1964,.T.);
#4753=EDGE_CURVE('',#3785,#3783,#1965,.T.);
#4754=EDGE_CURVE('',#3786,#3785,#1966,.T.);
#4755=EDGE_CURVE('',#3784,#3786,#1967,.T.);
#4756=EDGE_CURVE('',#3784,#3787,#1968,.T.);
#4757=EDGE_CURVE('',#3788,#3786,#1969,.T.);
#4758=EDGE_CURVE('',#3788,#3787,#1970,.T.);
#4759=EDGE_CURVE('',#3787,#3789,#1971,.T.);
#4760=EDGE_CURVE('',#3790,#3788,#1972,.T.);
#4761=EDGE_CURVE('',#3789,#3790,#1973,.T.);
#4762=EDGE_CURVE('',#3789,#3783,#1974,.T.);
#4763=EDGE_CURVE('',#3785,#3790,#1975,.T.);
#4764=EDGE_CURVE('',#3791,#3792,#1976,.T.);
#4765=EDGE_CURVE('',#3793,#3791,#1977,.T.);
#4766=EDGE_CURVE('',#3794,#3793,#1978,.T.);
#4767=EDGE_CURVE('',#3792,#3794,#1979,.T.);
#4768=EDGE_CURVE('',#3792,#3795,#1980,.T.);
#4769=EDGE_CURVE('',#3796,#3794,#1981,.T.);
#4770=EDGE_CURVE('',#3796,#3795,#1982,.T.);
#4771=EDGE_CURVE('',#3795,#3797,#1983,.T.);
#4772=EDGE_CURVE('',#3798,#3796,#1984,.T.);
#4773=EDGE_CURVE('',#3797,#3798,#1985,.T.);
#4774=EDGE_CURVE('',#3797,#3791,#1986,.T.);
#4775=EDGE_CURVE('',#3793,#3798,#1987,.T.);
#4776=EDGE_CURVE('',#3799,#3800,#1988,.T.);
#4777=EDGE_CURVE('',#3799,#3801,#1989,.T.);
#4778=EDGE_CURVE('',#3802,#3801,#1990,.T.);
#4779=EDGE_CURVE('',#3800,#3802,#1991,.T.);
#4780=EDGE_CURVE('',#3803,#3804,#1992,.T.);
#4781=EDGE_CURVE('',#3805,#3803,#1993,.T.);
#4782=EDGE_CURVE('',#3806,#3805,#1994,.T.);
#4783=EDGE_CURVE('',#3806,#3804,#1995,.T.);
#4784=EDGE_CURVE('',#3807,#3808,#1996,.T.);
#4785=EDGE_CURVE('',#3807,#3809,#1997,.T.);
#4786=EDGE_CURVE('',#3810,#3809,#1998,.T.);
#4787=EDGE_CURVE('',#3808,#3810,#1999,.T.);
#4788=EDGE_CURVE('',#3811,#3799,#2000,.T.);
#4789=EDGE_CURVE('',#3804,#3811,#3205,.T.);
#4790=EDGE_CURVE('',#3812,#3806,#3206,.T.);
#4791=EDGE_CURVE('',#3801,#3812,#2001,.T.);
#4792=EDGE_CURVE('',#3813,#3807,#3207,.T.);
#4793=EDGE_CURVE('',#3814,#3813,#2002,.T.);
#4794=EDGE_CURVE('',#3815,#3814,#2003,.T.);
#4795=EDGE_CURVE('',#3816,#3815,#2004,.T.);
#4796=EDGE_CURVE('',#3809,#3816,#3208,.T.);
#4797=EDGE_CURVE('',#3817,#3814,#2005,.T.);
#4798=EDGE_CURVE('',#3818,#3817,#2006,.T.);
#4799=EDGE_CURVE('',#3815,#3818,#2007,.T.);
#4800=EDGE_CURVE('',#3819,#3808,#3209,.T.);
#4801=EDGE_CURVE('',#3820,#3819,#2008,.T.);
#4802=EDGE_CURVE('',#3820,#3821,#3210,.T.);
#4803=EDGE_CURVE('',#3821,#3813,#2009,.T.);
#4804=EDGE_CURVE('',#3822,#3816,#2010,.T.);
#4805=EDGE_CURVE('',#3823,#3822,#3211,.T.);
#4806=EDGE_CURVE('',#3823,#3824,#2011,.T.);
#4807=EDGE_CURVE('',#3810,#3824,#3212,.T.);
#4808=EDGE_CURVE('',#3825,#3800,#2012,.T.);
#4809=EDGE_CURVE('',#3825,#3826,#2013,.T.);
#4810=EDGE_CURVE('',#3826,#3827,#2014,.T.);
#4811=EDGE_CURVE('',#3828,#3827,#2015,.T.);
#4812=EDGE_CURVE('',#3828,#3829,#2016,.T.);
#4813=EDGE_CURVE('',#3829,#3811,#2017,.T.);
#4814=EDGE_CURVE('',#3802,#3830,#2018,.T.);
#4815=EDGE_CURVE('',#3830,#3825,#2019,.T.);
#4816=EDGE_CURVE('',#3817,#3831,#2020,.T.);
#4817=EDGE_CURVE('',#3831,#3832,#2021,.T.);
#4818=EDGE_CURVE('',#3832,#3818,#2022,.T.);
#4819=EDGE_CURVE('',#3824,#3833,#2023,.T.);
#4820=EDGE_CURVE('',#3833,#3805,#3213,.T.);
#4821=EDGE_CURVE('',#3803,#3834,#3214,.T.);
#4822=EDGE_CURVE('',#3834,#3819,#2024,.T.);
#4823=EDGE_CURVE('',#3835,#3812,#2025,.T.);
#4824=EDGE_CURVE('',#3836,#3835,#2026,.T.);
#4825=EDGE_CURVE('',#3836,#3837,#2027,.T.);
#4826=EDGE_CURVE('',#3837,#3838,#2028,.T.);
#4827=EDGE_CURVE('',#3838,#3830,#2029,.T.);
#4828=EDGE_CURVE('',#3839,#3831,#2030,.T.);
#4829=EDGE_CURVE('',#3839,#3840,#2031,.T.);
#4830=EDGE_CURVE('',#3832,#3840,#2032,.T.);
#4831=EDGE_CURVE('',#3841,#3842,#2033,.T.);
#4832=EDGE_CURVE('',#3843,#3841,#2034,.T.);
#4833=EDGE_CURVE('',#3844,#3843,#2035,.T.);
#4834=EDGE_CURVE('',#3844,#3842,#2036,.T.);
#4835=EDGE_CURVE('',#3845,#3846,#2037,.T.);
#4836=EDGE_CURVE('',#3845,#3847,#2038,.T.);
#4837=EDGE_CURVE('',#3848,#3847,#2039,.T.);
#4838=EDGE_CURVE('',#3846,#3848,#2040,.T.);
#4839=EDGE_CURVE('',#3849,#3839,#2041,.T.);
#4840=EDGE_CURVE('',#3842,#3849,#3215,.T.);
#4841=EDGE_CURVE('',#3850,#3844,#3216,.T.);
#4842=EDGE_CURVE('',#3840,#3850,#2042,.T.);
#4843=EDGE_CURVE('',#3838,#3826,#2043,.T.);
#4844=EDGE_CURVE('',#3847,#3837,#3217,.T.);
#4845=EDGE_CURVE('',#3827,#3845,#3218,.T.);
#4846=EDGE_CURVE('',#3851,#3846,#3219,.T.);
#4847=EDGE_CURVE('',#3852,#3851,#2044,.T.);
#4848=EDGE_CURVE('',#3852,#3828,#3220,.T.);
#4849=EDGE_CURVE('',#3853,#3836,#3221,.T.);
#4850=EDGE_CURVE('',#3853,#3854,#2045,.T.);
#4851=EDGE_CURVE('',#3848,#3854,#3222,.T.);
#4852=EDGE_CURVE('',#3821,#3855,#2046,.T.);
#4853=EDGE_CURVE('',#3855,#3849,#2047,.T.);
#4854=EDGE_CURVE('',#3854,#3856,#2048,.T.);
#4855=EDGE_CURVE('',#3856,#3843,#3223,.T.);
#4856=EDGE_CURVE('',#3841,#3857,#3224,.T.);
#4857=EDGE_CURVE('',#3857,#3851,#2049,.T.);
#4858=EDGE_CURVE('',#3858,#3850,#2050,.T.);
#4859=EDGE_CURVE('',#3822,#3858,#2051,.T.);
#4860=EDGE_CURVE('',#3829,#3859,#3225,.T.);
#4861=EDGE_CURVE('',#3859,#3834,#2052,.T.);
#4862=EDGE_CURVE('',#3859,#3820,#2053,.T.);
#4863=EDGE_CURVE('',#3860,#3852,#2054,.T.);
#4864=EDGE_CURVE('',#3855,#3860,#3226,.T.);
#4865=EDGE_CURVE('',#3860,#3857,#2055,.T.);
#4866=EDGE_CURVE('',#3861,#3833,#2056,.T.);
#4867=EDGE_CURVE('',#3835,#3861,#3227,.T.);
#4868=EDGE_CURVE('',#3861,#3823,#2057,.T.);
#4869=EDGE_CURVE('',#3858,#3862,#3228,.T.);
#4870=EDGE_CURVE('',#3862,#3853,#2058,.T.);
#4871=EDGE_CURVE('',#3862,#3856,#2059,.T.);
#4872=EDGE_CURVE('',#3863,#3863,#3229,.T.);
#4873=EDGE_CURVE('',#3863,#3864,#2060,.T.);
#4874=EDGE_CURVE('',#3864,#3864,#3230,.T.);
#4875=EDGE_CURVE('',#3865,#3865,#3231,.T.);
#4876=EDGE_CURVE('',#3866,#3866,#3232,.T.);
#4877=EDGE_CURVE('',#3867,#3867,#3233,.T.);
#4878=EDGE_CURVE('',#3867,#3865,#2061,.T.);
#4879=EDGE_CURVE('',#3866,#3868,#2062,.T.);
#4880=EDGE_CURVE('',#3868,#3868,#3234,.T.);
#4881=EDGE_CURVE('',#3869,#3869,#3235,.T.);
#4882=EDGE_CURVE('',#3869,#3870,#2063,.T.);
#4883=EDGE_CURVE('',#3870,#3870,#3236,.T.);
#4884=EDGE_CURVE('',#3871,#3871,#3237,.T.);
#4885=EDGE_CURVE('',#3872,#3872,#3238,.T.);
#4886=EDGE_CURVE('',#3873,#3873,#3239,.T.);
#4887=EDGE_CURVE('',#3873,#3871,#2064,.T.);
#4888=EDGE_CURVE('',#3872,#3874,#2065,.T.);
#4889=EDGE_CURVE('',#3874,#3874,#3240,.T.);
#4890=EDGE_CURVE('',#3875,#3876,#2066,.T.);
#4891=EDGE_CURVE('',#3877,#3876,#3241,.T.);
#4892=EDGE_CURVE('',#3878,#3877,#2067,.T.);
#4893=EDGE_CURVE('',#3875,#3878,#3242,.T.);
#4894=EDGE_CURVE('',#3878,#3879,#2068,.T.);
#4895=EDGE_CURVE('',#3879,#3880,#3243,.T.);
#4896=EDGE_CURVE('',#3880,#3881,#2069,.T.);
#4897=EDGE_CURVE('',#3881,#3882,#3244,.T.);
#4898=EDGE_CURVE('',#3882,#3883,#2070,.T.);
#4899=EDGE_CURVE('',#3883,#3884,#3245,.T.);
#4900=EDGE_CURVE('',#3884,#3875,#2071,.T.);
#4901=EDGE_CURVE('',#3883,#3885,#2072,.T.);
#4902=EDGE_CURVE('',#3886,#3885,#3246,.T.);
#4903=EDGE_CURVE('',#3884,#3886,#2073,.T.);
#4904=EDGE_CURVE('',#3880,#3887,#2074,.T.);
#4905=EDGE_CURVE('',#3879,#3888,#2075,.T.);
#4906=EDGE_CURVE('',#3887,#3888,#3247,.T.);
#4907=EDGE_CURVE('',#3876,#3886,#2076,.T.);
#4908=EDGE_CURVE('',#3885,#3889,#2077,.T.);
#4909=EDGE_CURVE('',#3889,#3890,#3248,.T.);
#4910=EDGE_CURVE('',#3890,#3887,#2078,.T.);
#4911=EDGE_CURVE('',#3888,#3877,#2079,.T.);
#4912=EDGE_CURVE('',#3882,#3889,#2080,.T.);
#4913=EDGE_CURVE('',#3881,#3890,#2081,.T.);
#4914=EDGE_CURVE('',#3891,#3892,#2082,.T.);
#4915=EDGE_CURVE('',#3893,#3892,#3249,.T.);
#4916=EDGE_CURVE('',#3894,#3893,#2083,.T.);
#4917=EDGE_CURVE('',#3891,#3894,#3250,.T.);
#4918=EDGE_CURVE('',#3894,#3895,#2084,.T.);
#4919=EDGE_CURVE('',#3895,#3896,#3251,.T.);
#4920=EDGE_CURVE('',#3896,#3897,#2085,.T.);
#4921=EDGE_CURVE('',#3897,#3898,#3252,.T.);
#4922=EDGE_CURVE('',#3898,#3899,#2086,.T.);
#4923=EDGE_CURVE('',#3899,#3900,#3253,.T.);
#4924=EDGE_CURVE('',#3900,#3891,#2087,.T.);
#4925=EDGE_CURVE('',#3899,#3901,#2088,.T.);
#4926=EDGE_CURVE('',#3902,#3901,#3254,.T.);
#4927=EDGE_CURVE('',#3900,#3902,#2089,.T.);
#4928=EDGE_CURVE('',#3896,#3903,#2090,.T.);
#4929=EDGE_CURVE('',#3895,#3904,#2091,.T.);
#4930=EDGE_CURVE('',#3903,#3904,#3255,.T.);
#4931=EDGE_CURVE('',#3892,#3902,#2092,.T.);
#4932=EDGE_CURVE('',#3901,#3905,#2093,.T.);
#4933=EDGE_CURVE('',#3905,#3906,#3256,.T.);
#4934=EDGE_CURVE('',#3906,#3903,#2094,.T.);
#4935=EDGE_CURVE('',#3904,#3893,#2095,.T.);
#4936=EDGE_CURVE('',#3898,#3905,#2096,.T.);
#4937=EDGE_CURVE('',#3897,#3906,#2097,.T.);
#4938=EDGE_CURVE('',#3907,#3908,#2098,.T.);
#4939=EDGE_CURVE('',#3908,#3909,#2099,.T.);
#4940=EDGE_CURVE('',#3909,#3910,#2100,.T.);
#4941=EDGE_CURVE('',#3910,#3907,#2101,.T.);
#4942=EDGE_CURVE('',#3911,#3912,#2102,.T.);
#4943=EDGE_CURVE('',#3912,#3913,#2103,.T.);
#4944=EDGE_CURVE('',#3913,#3914,#2104,.T.);
#4945=EDGE_CURVE('',#3914,#3911,#2105,.T.);
#4946=EDGE_CURVE('',#3910,#3913,#2106,.T.);
#4947=EDGE_CURVE('',#3907,#3912,#2107,.T.);
#4948=EDGE_CURVE('',#3909,#3914,#2108,.T.);
#4949=EDGE_CURVE('',#3908,#3911,#2109,.T.);
#4950=EDGE_CURVE('',#3915,#3915,#3257,.T.);
#4951=EDGE_CURVE('',#3915,#3916,#2110,.T.);
#4952=EDGE_CURVE('',#3916,#3916,#3258,.T.);
#4953=EDGE_CURVE('',#3917,#3917,#3259,.T.);
#4954=EDGE_CURVE('',#3917,#3918,#2111,.T.);
#4955=EDGE_CURVE('',#3918,#3918,#3260,.T.);
#4956=EDGE_CURVE('',#3919,#3919,#3261,.T.);
#4957=EDGE_CURVE('',#3919,#3920,#2112,.T.);
#4958=EDGE_CURVE('',#3920,#3920,#3262,.T.);
#4959=EDGE_CURVE('',#3921,#3921,#3263,.T.);
#4960=EDGE_CURVE('',#3921,#3922,#2113,.T.);
#4961=EDGE_CURVE('',#3922,#3922,#3264,.T.);
#4962=EDGE_CURVE('',#3923,#3923,#3265,.T.);
#4963=EDGE_CURVE('',#3923,#3924,#2114,.T.);
#4964=EDGE_CURVE('',#3924,#3924,#3266,.T.);
#4965=EDGE_CURVE('',#3925,#3925,#3267,.T.);
#4966=EDGE_CURVE('',#3925,#3926,#2115,.T.);
#4967=EDGE_CURVE('',#3926,#3926,#3268,.T.);
#4968=EDGE_CURVE('',#3927,#3927,#3269,.T.);
#4969=EDGE_CURVE('',#3927,#3928,#2116,.T.);
#4970=EDGE_CURVE('',#3928,#3928,#3270,.T.);
#4971=EDGE_CURVE('',#3929,#3929,#3271,.T.);
#4972=EDGE_CURVE('',#3929,#3930,#2117,.T.);
#4973=EDGE_CURVE('',#3930,#3930,#3272,.T.);
#4974=EDGE_CURVE('',#3931,#3931,#3273,.T.);
#4975=EDGE_CURVE('',#3931,#3932,#2118,.T.);
#4976=EDGE_CURVE('',#3932,#3932,#3274,.T.);
#4977=EDGE_CURVE('',#3933,#3934,#2119,.T.);
#4978=EDGE_CURVE('',#3934,#3935,#2120,.T.);
#4979=EDGE_CURVE('',#3935,#3936,#2121,.T.);
#4980=EDGE_CURVE('',#3936,#3933,#2122,.T.);
#4981=EDGE_CURVE('',#3937,#3938,#2123,.T.);
#4982=EDGE_CURVE('',#3938,#3939,#2124,.T.);
#4983=EDGE_CURVE('',#3939,#3940,#2125,.T.);
#4984=EDGE_CURVE('',#3940,#3937,#2126,.T.);
#4985=EDGE_CURVE('',#3936,#3939,#2127,.T.);
#4986=EDGE_CURVE('',#3933,#3938,#2128,.T.);
#4987=EDGE_CURVE('',#3935,#3940,#2129,.T.);
#4988=EDGE_CURVE('',#3934,#3937,#2130,.T.);
#4989=EDGE_CURVE('',#3941,#3942,#2131,.T.);
#4990=EDGE_CURVE('',#3942,#3943,#2132,.T.);
#4991=EDGE_CURVE('',#3943,#3944,#2133,.T.);
#4992=EDGE_CURVE('',#3944,#3941,#2134,.T.);
#4993=EDGE_CURVE('',#3945,#3946,#2135,.T.);
#4994=EDGE_CURVE('',#3946,#3947,#2136,.T.);
#4995=EDGE_CURVE('',#3947,#3948,#2137,.T.);
#4996=EDGE_CURVE('',#3948,#3945,#2138,.T.);
#4997=EDGE_CURVE('',#3944,#3947,#2139,.T.);
#4998=EDGE_CURVE('',#3941,#3946,#2140,.T.);
#4999=EDGE_CURVE('',#3943,#3948,#2141,.T.);
#5000=EDGE_CURVE('',#3942,#3945,#2142,.T.);
#5001=EDGE_CURVE('',#3949,#3950,#2143,.T.);
#5002=EDGE_CURVE('',#3950,#3951,#2144,.T.);
#5003=EDGE_CURVE('',#3951,#3952,#2145,.T.);
#5004=EDGE_CURVE('',#3952,#3949,#2146,.T.);
#5005=EDGE_CURVE('',#3953,#3954,#2147,.T.);
#5006=EDGE_CURVE('',#3954,#3955,#2148,.T.);
#5007=EDGE_CURVE('',#3955,#3956,#2149,.T.);
#5008=EDGE_CURVE('',#3956,#3953,#2150,.T.);
#5009=EDGE_CURVE('',#3952,#3955,#2151,.T.);
#5010=EDGE_CURVE('',#3949,#3954,#2152,.T.);
#5011=EDGE_CURVE('',#3951,#3956,#2153,.T.);
#5012=EDGE_CURVE('',#3950,#3953,#2154,.T.);
#5013=EDGE_CURVE('',#3957,#3958,#2155,.T.);
#5014=EDGE_CURVE('',#3958,#3959,#2156,.T.);
#5015=EDGE_CURVE('',#3959,#3960,#2157,.T.);
#5016=EDGE_CURVE('',#3960,#3957,#2158,.T.);
#5017=EDGE_CURVE('',#3961,#3962,#2159,.T.);
#5018=EDGE_CURVE('',#3962,#3963,#2160,.T.);
#5019=EDGE_CURVE('',#3963,#3964,#2161,.T.);
#5020=EDGE_CURVE('',#3964,#3961,#2162,.T.);
#5021=EDGE_CURVE('',#3960,#3963,#2163,.T.);
#5022=EDGE_CURVE('',#3957,#3962,#2164,.T.);
#5023=EDGE_CURVE('',#3959,#3964,#2165,.T.);
#5024=EDGE_CURVE('',#3958,#3961,#2166,.T.);
#5025=EDGE_CURVE('',#3965,#3966,#2167,.T.);
#5026=EDGE_CURVE('',#3966,#3967,#2168,.T.);
#5027=EDGE_CURVE('',#3967,#3968,#2169,.T.);
#5028=EDGE_CURVE('',#3968,#3965,#2170,.T.);
#5029=EDGE_CURVE('',#3969,#3970,#2171,.T.);
#5030=EDGE_CURVE('',#3970,#3971,#2172,.T.);
#5031=EDGE_CURVE('',#3971,#3972,#2173,.T.);
#5032=EDGE_CURVE('',#3972,#3969,#2174,.T.);
#5033=EDGE_CURVE('',#3968,#3971,#2175,.T.);
#5034=EDGE_CURVE('',#3965,#3970,#2176,.T.);
#5035=EDGE_CURVE('',#3967,#3972,#2177,.T.);
#5036=EDGE_CURVE('',#3966,#3969,#2178,.T.);
#5037=EDGE_CURVE('',#3973,#3974,#2179,.T.);
#5038=EDGE_CURVE('',#3974,#3975,#2180,.T.);
#5039=EDGE_CURVE('',#3975,#3976,#2181,.T.);
#5040=EDGE_CURVE('',#3976,#3973,#2182,.T.);
#5041=EDGE_CURVE('',#3977,#3978,#2183,.T.);
#5042=EDGE_CURVE('',#3978,#3979,#2184,.T.);
#5043=EDGE_CURVE('',#3979,#3980,#2185,.T.);
#5044=EDGE_CURVE('',#3980,#3977,#2186,.T.);
#5045=EDGE_CURVE('',#3976,#3979,#2187,.T.);
#5046=EDGE_CURVE('',#3973,#3978,#2188,.T.);
#5047=EDGE_CURVE('',#3975,#3980,#2189,.T.);
#5048=EDGE_CURVE('',#3974,#3977,#2190,.T.);
#5049=EDGE_CURVE('',#3981,#3982,#2191,.T.);
#5050=EDGE_CURVE('',#3982,#3983,#2192,.T.);
#5051=EDGE_CURVE('',#3983,#3984,#2193,.T.);
#5052=EDGE_CURVE('',#3984,#3981,#2194,.T.);
#5053=EDGE_CURVE('',#3985,#3986,#2195,.T.);
#5054=EDGE_CURVE('',#3986,#3987,#2196,.T.);
#5055=EDGE_CURVE('',#3987,#3988,#2197,.T.);
#5056=EDGE_CURVE('',#3988,#3985,#2198,.T.);
#5057=EDGE_CURVE('',#3984,#3987,#2199,.T.);
#5058=EDGE_CURVE('',#3981,#3986,#2200,.T.);
#5059=EDGE_CURVE('',#3983,#3988,#2201,.T.);
#5060=EDGE_CURVE('',#3982,#3985,#2202,.T.);
#5061=ORIENTED_EDGE('',*,*,#3989,.T.);
#5062=ORIENTED_EDGE('',*,*,#3990,.T.);
#5063=ORIENTED_EDGE('',*,*,#3991,.F.);
#5064=ORIENTED_EDGE('',*,*,#3990,.F.);
#5065=ORIENTED_EDGE('',*,*,#3989,.F.);
#5066=ORIENTED_EDGE('',*,*,#3992,.F.);
#5067=ORIENTED_EDGE('',*,*,#3993,.F.);
#5068=ORIENTED_EDGE('',*,*,#3994,.F.);
#5069=ORIENTED_EDGE('',*,*,#3995,.T.);
#5070=ORIENTED_EDGE('',*,*,#3996,.F.);
#5071=ORIENTED_EDGE('',*,*,#3997,.F.);
#5072=ORIENTED_EDGE('',*,*,#3998,.F.);
#5073=ORIENTED_EDGE('',*,*,#3993,.T.);
#5074=ORIENTED_EDGE('',*,*,#3999,.F.);
#5075=ORIENTED_EDGE('',*,*,#4000,.F.);
#5076=ORIENTED_EDGE('',*,*,#4001,.F.);
#5077=ORIENTED_EDGE('',*,*,#3997,.T.);
#5078=ORIENTED_EDGE('',*,*,#4002,.F.);
#5079=ORIENTED_EDGE('',*,*,#4003,.F.);
#5080=ORIENTED_EDGE('',*,*,#4004,.F.);
#5081=ORIENTED_EDGE('',*,*,#4000,.T.);
#5082=ORIENTED_EDGE('',*,*,#4005,.F.);
#5083=ORIENTED_EDGE('',*,*,#3995,.F.);
#5084=ORIENTED_EDGE('',*,*,#4006,.F.);
#5085=ORIENTED_EDGE('',*,*,#4007,.T.);
#5086=ORIENTED_EDGE('',*,*,#3994,.T.);
#5087=ORIENTED_EDGE('',*,*,#3998,.T.);
#5088=ORIENTED_EDGE('',*,*,#4001,.T.);
#5089=ORIENTED_EDGE('',*,*,#4004,.T.);
#5090=ORIENTED_EDGE('',*,*,#4008,.T.);
#5091=ORIENTED_EDGE('',*,*,#4009,.T.);
#5092=ORIENTED_EDGE('',*,*,#4010,.T.);
#5093=ORIENTED_EDGE('',*,*,#4006,.T.);
#5094=ORIENTED_EDGE('',*,*,#3991,.T.);
#5095=ORIENTED_EDGE('',*,*,#4011,.F.);
#5096=ORIENTED_EDGE('',*,*,#4012,.F.);
#5097=ORIENTED_EDGE('',*,*,#4009,.F.);
#5098=ORIENTED_EDGE('',*,*,#4013,.T.);
#5099=ORIENTED_EDGE('',*,*,#4014,.F.);
#5100=ORIENTED_EDGE('',*,*,#4007,.F.);
#5101=ORIENTED_EDGE('',*,*,#4010,.F.);
#5102=ORIENTED_EDGE('',*,*,#4012,.T.);
#5103=ORIENTED_EDGE('',*,*,#4015,.F.);
#5104=ORIENTED_EDGE('',*,*,#4013,.F.);
#5105=ORIENTED_EDGE('',*,*,#4008,.F.);
#5106=ORIENTED_EDGE('',*,*,#4003,.T.);
#5107=ORIENTED_EDGE('',*,*,#4016,.T.);
#5108=ORIENTED_EDGE('',*,*,#4017,.T.);
#5109=ORIENTED_EDGE('',*,*,#4018,.F.);
#5110=ORIENTED_EDGE('',*,*,#4017,.F.);
#5111=ORIENTED_EDGE('',*,*,#4016,.F.);
#5112=ORIENTED_EDGE('',*,*,#4019,.F.);
#5113=ORIENTED_EDGE('',*,*,#4020,.F.);
#5114=ORIENTED_EDGE('',*,*,#4021,.F.);
#5115=ORIENTED_EDGE('',*,*,#4022,.T.);
#5116=ORIENTED_EDGE('',*,*,#4023,.F.);
#5117=ORIENTED_EDGE('',*,*,#4024,.F.);
#5118=ORIENTED_EDGE('',*,*,#4025,.F.);
#5119=ORIENTED_EDGE('',*,*,#4020,.T.);
#5120=ORIENTED_EDGE('',*,*,#4026,.F.);
#5121=ORIENTED_EDGE('',*,*,#4027,.F.);
#5122=ORIENTED_EDGE('',*,*,#4028,.F.);
#5123=ORIENTED_EDGE('',*,*,#4024,.T.);
#5124=ORIENTED_EDGE('',*,*,#4029,.F.);
#5125=ORIENTED_EDGE('',*,*,#4030,.F.);
#5126=ORIENTED_EDGE('',*,*,#4031,.F.);
#5127=ORIENTED_EDGE('',*,*,#4027,.T.);
#5128=ORIENTED_EDGE('',*,*,#4032,.F.);
#5129=ORIENTED_EDGE('',*,*,#4022,.F.);
#5130=ORIENTED_EDGE('',*,*,#4033,.F.);
#5131=ORIENTED_EDGE('',*,*,#4034,.T.);
#5132=ORIENTED_EDGE('',*,*,#4021,.T.);
#5133=ORIENTED_EDGE('',*,*,#4025,.T.);
#5134=ORIENTED_EDGE('',*,*,#4028,.T.);
#5135=ORIENTED_EDGE('',*,*,#4031,.T.);
#5136=ORIENTED_EDGE('',*,*,#4035,.T.);
#5137=ORIENTED_EDGE('',*,*,#4036,.T.);
#5138=ORIENTED_EDGE('',*,*,#4037,.T.);
#5139=ORIENTED_EDGE('',*,*,#4033,.T.);
#5140=ORIENTED_EDGE('',*,*,#4018,.T.);
#5141=ORIENTED_EDGE('',*,*,#4038,.F.);
#5142=ORIENTED_EDGE('',*,*,#4039,.F.);
#5143=ORIENTED_EDGE('',*,*,#4036,.F.);
#5144=ORIENTED_EDGE('',*,*,#4040,.T.);
#5145=ORIENTED_EDGE('',*,*,#4041,.F.);
#5146=ORIENTED_EDGE('',*,*,#4034,.F.);
#5147=ORIENTED_EDGE('',*,*,#4037,.F.);
#5148=ORIENTED_EDGE('',*,*,#4039,.T.);
#5149=ORIENTED_EDGE('',*,*,#4042,.F.);
#5150=ORIENTED_EDGE('',*,*,#4040,.F.);
#5151=ORIENTED_EDGE('',*,*,#4035,.F.);
#5152=ORIENTED_EDGE('',*,*,#4030,.T.);
#5153=ORIENTED_EDGE('',*,*,#4043,.F.);
#5154=ORIENTED_EDGE('',*,*,#4044,.T.);
#5155=ORIENTED_EDGE('',*,*,#4045,.F.);
#5156=ORIENTED_EDGE('',*,*,#4046,.F.);
#5157=ORIENTED_EDGE('',*,*,#4047,.F.);
#5158=ORIENTED_EDGE('',*,*,#4046,.T.);
#5159=ORIENTED_EDGE('',*,*,#4048,.F.);
#5160=ORIENTED_EDGE('',*,*,#4049,.F.);
#5161=ORIENTED_EDGE('',*,*,#4050,.F.);
#5162=ORIENTED_EDGE('',*,*,#4049,.T.);
#5163=ORIENTED_EDGE('',*,*,#4051,.F.);
#5164=ORIENTED_EDGE('',*,*,#4052,.F.);
#5165=ORIENTED_EDGE('',*,*,#4053,.F.);
#5166=ORIENTED_EDGE('',*,*,#4052,.T.);
#5167=ORIENTED_EDGE('',*,*,#4054,.F.);
#5168=ORIENTED_EDGE('',*,*,#4055,.F.);
#5169=ORIENTED_EDGE('',*,*,#4056,.F.);
#5170=ORIENTED_EDGE('',*,*,#4057,.T.);
#5171=ORIENTED_EDGE('',*,*,#4058,.F.);
#5172=ORIENTED_EDGE('',*,*,#4059,.F.);
#5173=ORIENTED_EDGE('',*,*,#4060,.F.);
#5174=ORIENTED_EDGE('',*,*,#4055,.T.);
#5175=ORIENTED_EDGE('',*,*,#4061,.F.);
#5176=ORIENTED_EDGE('',*,*,#4062,.F.);
#5177=ORIENTED_EDGE('',*,*,#4063,.F.);
#5178=ORIENTED_EDGE('',*,*,#4062,.T.);
#5179=ORIENTED_EDGE('',*,*,#4064,.F.);
#5180=ORIENTED_EDGE('',*,*,#4057,.F.);
#5181=ORIENTED_EDGE('',*,*,#4065,.F.);
#5182=ORIENTED_EDGE('',*,*,#4059,.T.);
#5183=ORIENTED_EDGE('',*,*,#4066,.F.);
#5184=ORIENTED_EDGE('',*,*,#4044,.F.);
#5185=ORIENTED_EDGE('',*,*,#4067,.T.);
#5186=ORIENTED_EDGE('',*,*,#4068,.F.);
#5187=ORIENTED_EDGE('',*,*,#4069,.F.);
#5188=ORIENTED_EDGE('',*,*,#4070,.F.);
#5189=ORIENTED_EDGE('',*,*,#4071,.T.);
#5190=ORIENTED_EDGE('',*,*,#4072,.T.);
#5191=ORIENTED_EDGE('',*,*,#4073,.T.);
#5192=ORIENTED_EDGE('',*,*,#4074,.T.);
#5193=ORIENTED_EDGE('',*,*,#4075,.T.);
#5194=ORIENTED_EDGE('',*,*,#4076,.T.);
#5195=ORIENTED_EDGE('',*,*,#4077,.T.);
#5196=ORIENTED_EDGE('',*,*,#4070,.T.);
#5197=ORIENTED_EDGE('',*,*,#4002,.T.);
#5198=ORIENTED_EDGE('',*,*,#3999,.T.);
#5199=ORIENTED_EDGE('',*,*,#3996,.T.);
#5200=ORIENTED_EDGE('',*,*,#3992,.T.);
#5201=ORIENTED_EDGE('',*,*,#4005,.T.);
#5202=ORIENTED_EDGE('',*,*,#4014,.T.);
#5203=ORIENTED_EDGE('',*,*,#4011,.T.);
#5204=ORIENTED_EDGE('',*,*,#4015,.T.);
#5205=ORIENTED_EDGE('',*,*,#4029,.T.);
#5206=ORIENTED_EDGE('',*,*,#4026,.T.);
#5207=ORIENTED_EDGE('',*,*,#4023,.T.);
#5208=ORIENTED_EDGE('',*,*,#4019,.T.);
#5209=ORIENTED_EDGE('',*,*,#4032,.T.);
#5210=ORIENTED_EDGE('',*,*,#4041,.T.);
#5211=ORIENTED_EDGE('',*,*,#4038,.T.);
#5212=ORIENTED_EDGE('',*,*,#4042,.T.);
#5213=ORIENTED_EDGE('',*,*,#4060,.T.);
#5214=ORIENTED_EDGE('',*,*,#4063,.T.);
#5215=ORIENTED_EDGE('',*,*,#4056,.T.);
#5216=ORIENTED_EDGE('',*,*,#4065,.T.);
#5217=ORIENTED_EDGE('',*,*,#4043,.T.);
#5218=ORIENTED_EDGE('',*,*,#4047,.T.);
#5219=ORIENTED_EDGE('',*,*,#4050,.T.);
#5220=ORIENTED_EDGE('',*,*,#4053,.T.);
#5221=ORIENTED_EDGE('',*,*,#4078,.T.);
#5222=ORIENTED_EDGE('',*,*,#4079,.F.);
#5223=ORIENTED_EDGE('',*,*,#4080,.F.);
#5224=ORIENTED_EDGE('',*,*,#4076,.F.);
#5225=ORIENTED_EDGE('',*,*,#4081,.F.);
#5226=ORIENTED_EDGE('',*,*,#4072,.F.);
#5227=ORIENTED_EDGE('',*,*,#4082,.T.);
#5228=ORIENTED_EDGE('',*,*,#4083,.F.);
#5229=ORIENTED_EDGE('',*,*,#4084,.T.);
#5230=ORIENTED_EDGE('',*,*,#4079,.T.);
#5231=ORIENTED_EDGE('',*,*,#4085,.T.);
#5232=ORIENTED_EDGE('',*,*,#4086,.T.);
#5233=ORIENTED_EDGE('',*,*,#4087,.T.);
#5234=ORIENTED_EDGE('',*,*,#4083,.T.);
#5235=ORIENTED_EDGE('',*,*,#4088,.T.);
#5236=ORIENTED_EDGE('',*,*,#4068,.T.);
#5237=ORIENTED_EDGE('',*,*,#4061,.T.);
#5238=ORIENTED_EDGE('',*,*,#4054,.T.);
#5239=ORIENTED_EDGE('',*,*,#4051,.T.);
#5240=ORIENTED_EDGE('',*,*,#4048,.T.);
#5241=ORIENTED_EDGE('',*,*,#4045,.T.);
#5242=ORIENTED_EDGE('',*,*,#4066,.T.);
#5243=ORIENTED_EDGE('',*,*,#4058,.T.);
#5244=ORIENTED_EDGE('',*,*,#4064,.T.);
#5245=ORIENTED_EDGE('',*,*,#4089,.F.);
#5246=ORIENTED_EDGE('',*,*,#4074,.F.);
#5247=ORIENTED_EDGE('',*,*,#4090,.T.);
#5248=ORIENTED_EDGE('',*,*,#4086,.F.);
#5249=ORIENTED_EDGE('',*,*,#4081,.T.);
#5250=ORIENTED_EDGE('',*,*,#4087,.F.);
#5251=ORIENTED_EDGE('',*,*,#4090,.F.);
#5252=ORIENTED_EDGE('',*,*,#4073,.F.);
#5253=ORIENTED_EDGE('',*,*,#4080,.T.);
#5254=ORIENTED_EDGE('',*,*,#4084,.F.);
#5255=ORIENTED_EDGE('',*,*,#4067,.F.);
#5256=ORIENTED_EDGE('',*,*,#4077,.F.);
#5257=ORIENTED_EDGE('',*,*,#4089,.T.);
#5258=ORIENTED_EDGE('',*,*,#4085,.F.);
#5259=ORIENTED_EDGE('',*,*,#4078,.F.);
#5260=ORIENTED_EDGE('',*,*,#4075,.F.);
#5261=ORIENTED_EDGE('',*,*,#4069,.T.);
#5262=ORIENTED_EDGE('',*,*,#4088,.F.);
#5263=ORIENTED_EDGE('',*,*,#4082,.F.);
#5264=ORIENTED_EDGE('',*,*,#4071,.F.);
#5265=ORIENTED_EDGE('',*,*,#4091,.F.);
#5266=ORIENTED_EDGE('',*,*,#4092,.F.);
#5267=ORIENTED_EDGE('',*,*,#4093,.F.);
#5268=ORIENTED_EDGE('',*,*,#4094,.F.);
#5269=ORIENTED_EDGE('',*,*,#4095,.F.);
#5270=ORIENTED_EDGE('',*,*,#4096,.F.);
#5271=ORIENTED_EDGE('',*,*,#4097,.F.);
#5272=ORIENTED_EDGE('',*,*,#4092,.T.);
#5273=ORIENTED_EDGE('',*,*,#4095,.T.);
#5274=ORIENTED_EDGE('',*,*,#4091,.T.);
#5275=ORIENTED_EDGE('',*,*,#4098,.F.);
#5276=ORIENTED_EDGE('',*,*,#4099,.F.);
#5277=ORIENTED_EDGE('',*,*,#4100,.T.);
#5278=ORIENTED_EDGE('',*,*,#4101,.F.);
#5279=ORIENTED_EDGE('',*,*,#4102,.F.);
#5280=ORIENTED_EDGE('',*,*,#4103,.F.);
#5281=ORIENTED_EDGE('',*,*,#4094,.T.);
#5282=ORIENTED_EDGE('',*,*,#4104,.F.);
#5283=ORIENTED_EDGE('',*,*,#4105,.F.);
#5284=ORIENTED_EDGE('',*,*,#4106,.F.);
#5285=ORIENTED_EDGE('',*,*,#4107,.F.);
#5286=ORIENTED_EDGE('',*,*,#4108,.F.);
#5287=ORIENTED_EDGE('',*,*,#4109,.F.);
#5288=ORIENTED_EDGE('',*,*,#4110,.T.);
#5289=ORIENTED_EDGE('',*,*,#4111,.F.);
#5290=ORIENTED_EDGE('',*,*,#4112,.T.);
#5291=ORIENTED_EDGE('',*,*,#4113,.F.);
#5292=ORIENTED_EDGE('',*,*,#4098,.T.);
#5293=ORIENTED_EDGE('',*,*,#4114,.T.);
#5294=ORIENTED_EDGE('',*,*,#4115,.T.);
#5295=ORIENTED_EDGE('',*,*,#4116,.F.);
#5296=ORIENTED_EDGE('',*,*,#4115,.F.);
#5297=ORIENTED_EDGE('',*,*,#4114,.F.);
#5298=ORIENTED_EDGE('',*,*,#4117,.F.);
#5299=ORIENTED_EDGE('',*,*,#4118,.T.);
#5300=ORIENTED_EDGE('',*,*,#4119,.T.);
#5301=ORIENTED_EDGE('',*,*,#4120,.F.);
#5302=ORIENTED_EDGE('',*,*,#4121,.F.);
#5303=ORIENTED_EDGE('',*,*,#4122,.F.);
#5304=ORIENTED_EDGE('',*,*,#4123,.F.);
#5305=ORIENTED_EDGE('',*,*,#4124,.F.);
#5306=ORIENTED_EDGE('',*,*,#4125,.F.);
#5307=ORIENTED_EDGE('',*,*,#4126,.F.);
#5308=ORIENTED_EDGE('',*,*,#4127,.F.);
#5309=ORIENTED_EDGE('',*,*,#4128,.F.);
#5310=ORIENTED_EDGE('',*,*,#4129,.T.);
#5311=ORIENTED_EDGE('',*,*,#4118,.F.);
#5312=ORIENTED_EDGE('',*,*,#4129,.F.);
#5313=ORIENTED_EDGE('',*,*,#4130,.T.);
#5314=ORIENTED_EDGE('',*,*,#4119,.F.);
#5315=ORIENTED_EDGE('',*,*,#4117,.T.);
#5316=ORIENTED_EDGE('',*,*,#4116,.T.);
#5317=ORIENTED_EDGE('',*,*,#4130,.F.);
#5318=ORIENTED_EDGE('',*,*,#4131,.F.);
#5319=ORIENTED_EDGE('',*,*,#4132,.T.);
#5320=ORIENTED_EDGE('',*,*,#4133,.F.);
#5321=ORIENTED_EDGE('',*,*,#4134,.T.);
#5322=ORIENTED_EDGE('',*,*,#4135,.F.);
#5323=ORIENTED_EDGE('',*,*,#4136,.T.);
#5324=ORIENTED_EDGE('',*,*,#4137,.T.);
#5325=ORIENTED_EDGE('',*,*,#4138,.T.);
#5326=ORIENTED_EDGE('',*,*,#4139,.T.);
#5327=ORIENTED_EDGE('',*,*,#4140,.T.);
#5328=ORIENTED_EDGE('',*,*,#4141,.T.);
#5329=ORIENTED_EDGE('',*,*,#4142,.T.);
#5330=ORIENTED_EDGE('',*,*,#4105,.T.);
#5331=ORIENTED_EDGE('',*,*,#4143,.T.);
#5332=ORIENTED_EDGE('',*,*,#4144,.T.);
#5333=ORIENTED_EDGE('',*,*,#4145,.T.);
#5334=ORIENTED_EDGE('',*,*,#4146,.F.);
#5335=ORIENTED_EDGE('',*,*,#4147,.T.);
#5336=ORIENTED_EDGE('',*,*,#4148,.T.);
#5337=ORIENTED_EDGE('',*,*,#4149,.T.);
#5338=ORIENTED_EDGE('',*,*,#4150,.T.);
#5339=ORIENTED_EDGE('',*,*,#4151,.T.);
#5340=ORIENTED_EDGE('',*,*,#4152,.T.);
#5341=ORIENTED_EDGE('',*,*,#4153,.T.);
#5342=ORIENTED_EDGE('',*,*,#4154,.T.);
#5343=ORIENTED_EDGE('',*,*,#4155,.T.);
#5344=ORIENTED_EDGE('',*,*,#4156,.T.);
#5345=ORIENTED_EDGE('',*,*,#4157,.T.);
#5346=ORIENTED_EDGE('',*,*,#4158,.T.);
#5347=ORIENTED_EDGE('',*,*,#4159,.T.);
#5348=ORIENTED_EDGE('',*,*,#4160,.T.);
#5349=ORIENTED_EDGE('',*,*,#4161,.T.);
#5350=ORIENTED_EDGE('',*,*,#4162,.T.);
#5351=ORIENTED_EDGE('',*,*,#4163,.T.);
#5352=ORIENTED_EDGE('',*,*,#4164,.T.);
#5353=ORIENTED_EDGE('',*,*,#4099,.T.);
#5354=ORIENTED_EDGE('',*,*,#4113,.T.);
#5355=ORIENTED_EDGE('',*,*,#4165,.T.);
#5356=ORIENTED_EDGE('',*,*,#4124,.T.);
#5357=ORIENTED_EDGE('',*,*,#4166,.T.);
#5358=ORIENTED_EDGE('',*,*,#4167,.T.);
#5359=ORIENTED_EDGE('',*,*,#4168,.T.);
#5360=ORIENTED_EDGE('',*,*,#4169,.T.);
#5361=ORIENTED_EDGE('',*,*,#4170,.T.);
#5362=ORIENTED_EDGE('',*,*,#4171,.T.);
#5363=ORIENTED_EDGE('',*,*,#4172,.T.);
#5364=ORIENTED_EDGE('',*,*,#4173,.T.);
#5365=ORIENTED_EDGE('',*,*,#4128,.T.);
#5366=ORIENTED_EDGE('',*,*,#4174,.T.);
#5367=ORIENTED_EDGE('',*,*,#4109,.T.);
#5368=ORIENTED_EDGE('',*,*,#4175,.T.);
#5369=ORIENTED_EDGE('',*,*,#4176,.T.);
#5370=ORIENTED_EDGE('',*,*,#4177,.T.);
#5371=ORIENTED_EDGE('',*,*,#4178,.T.);
#5372=ORIENTED_EDGE('',*,*,#4179,.T.);
#5373=ORIENTED_EDGE('',*,*,#4180,.T.);
#5374=ORIENTED_EDGE('',*,*,#4131,.T.);
#5375=ORIENTED_EDGE('',*,*,#4181,.T.);
#5376=ORIENTED_EDGE('',*,*,#4120,.T.);
#5377=ORIENTED_EDGE('',*,*,#4135,.T.);
#5378=ORIENTED_EDGE('',*,*,#4182,.T.);
#5379=ORIENTED_EDGE('',*,*,#4183,.T.);
#5380=ORIENTED_EDGE('',*,*,#4184,.T.);
#5381=ORIENTED_EDGE('',*,*,#4185,.T.);
#5382=ORIENTED_EDGE('',*,*,#4186,.T.);
#5383=ORIENTED_EDGE('',*,*,#4187,.T.);
#5384=ORIENTED_EDGE('',*,*,#4188,.T.);
#5385=ORIENTED_EDGE('',*,*,#4125,.T.);
#5386=ORIENTED_EDGE('',*,*,#4165,.F.);
#5387=ORIENTED_EDGE('',*,*,#4112,.F.);
#5388=ORIENTED_EDGE('',*,*,#4189,.F.);
#5389=ORIENTED_EDGE('',*,*,#4127,.T.);
#5390=ORIENTED_EDGE('',*,*,#4190,.F.);
#5391=ORIENTED_EDGE('',*,*,#4110,.F.);
#5392=ORIENTED_EDGE('',*,*,#4174,.F.);
#5393=ORIENTED_EDGE('',*,*,#4121,.T.);
#5394=ORIENTED_EDGE('',*,*,#4187,.F.);
#5395=ORIENTED_EDGE('',*,*,#4191,.T.);
#5396=ORIENTED_EDGE('',*,*,#4192,.F.);
#5397=ORIENTED_EDGE('',*,*,#4126,.T.);
#5398=ORIENTED_EDGE('',*,*,#4189,.T.);
#5399=ORIENTED_EDGE('',*,*,#4111,.T.);
#5400=ORIENTED_EDGE('',*,*,#4190,.T.);
#5401=ORIENTED_EDGE('',*,*,#4193,.T.);
#5402=ORIENTED_EDGE('',*,*,#4194,.T.);
#5403=ORIENTED_EDGE('',*,*,#4195,.F.);
#5404=ORIENTED_EDGE('',*,*,#4194,.F.);
#5405=ORIENTED_EDGE('',*,*,#4193,.F.);
#5406=ORIENTED_EDGE('',*,*,#4196,.F.);
#5407=ORIENTED_EDGE('',*,*,#4197,.F.);
#5408=ORIENTED_EDGE('',*,*,#4198,.F.);
#5409=ORIENTED_EDGE('',*,*,#4199,.F.);
#5410=ORIENTED_EDGE('',*,*,#4200,.T.);
#5411=ORIENTED_EDGE('',*,*,#4160,.F.);
#5412=ORIENTED_EDGE('',*,*,#4201,.F.);
#5413=ORIENTED_EDGE('',*,*,#4202,.F.);
#5414=ORIENTED_EDGE('',*,*,#4203,.F.);
#5415=ORIENTED_EDGE('',*,*,#4198,.T.);
#5416=ORIENTED_EDGE('',*,*,#4203,.T.);
#5417=ORIENTED_EDGE('',*,*,#4204,.T.);
#5418=ORIENTED_EDGE('',*,*,#4205,.T.);
#5419=ORIENTED_EDGE('',*,*,#4199,.T.);
#5420=ORIENTED_EDGE('',*,*,#4195,.T.);
#5421=ORIENTED_EDGE('',*,*,#4206,.T.);
#5422=ORIENTED_EDGE('',*,*,#4161,.F.);
#5423=ORIENTED_EDGE('',*,*,#4200,.F.);
#5424=ORIENTED_EDGE('',*,*,#4205,.F.);
#5425=ORIENTED_EDGE('',*,*,#4207,.F.);
#5426=ORIENTED_EDGE('',*,*,#4162,.F.);
#5427=ORIENTED_EDGE('',*,*,#4206,.F.);
#5428=ORIENTED_EDGE('',*,*,#4204,.F.);
#5429=ORIENTED_EDGE('',*,*,#4202,.T.);
#5430=ORIENTED_EDGE('',*,*,#4208,.F.);
#5431=ORIENTED_EDGE('',*,*,#4207,.T.);
#5432=ORIENTED_EDGE('',*,*,#4209,.F.);
#5433=ORIENTED_EDGE('',*,*,#4210,.T.);
#5434=ORIENTED_EDGE('',*,*,#4163,.F.);
#5435=ORIENTED_EDGE('',*,*,#4196,.T.);
#5436=ORIENTED_EDGE('',*,*,#4159,.F.);
#5437=ORIENTED_EDGE('',*,*,#4211,.F.);
#5438=ORIENTED_EDGE('',*,*,#4212,.F.);
#5439=ORIENTED_EDGE('',*,*,#4213,.T.);
#5440=ORIENTED_EDGE('',*,*,#4214,.T.);
#5441=ORIENTED_EDGE('',*,*,#4215,.F.);
#5442=ORIENTED_EDGE('',*,*,#4214,.F.);
#5443=ORIENTED_EDGE('',*,*,#4213,.F.);
#5444=ORIENTED_EDGE('',*,*,#4216,.F.);
#5445=ORIENTED_EDGE('',*,*,#4217,.F.);
#5446=ORIENTED_EDGE('',*,*,#4152,.F.);
#5447=ORIENTED_EDGE('',*,*,#4218,.F.);
#5448=ORIENTED_EDGE('',*,*,#4219,.F.);
#5449=ORIENTED_EDGE('',*,*,#4220,.T.);
#5450=ORIENTED_EDGE('',*,*,#4221,.T.);
#5451=ORIENTED_EDGE('',*,*,#4222,.T.);
#5452=ORIENTED_EDGE('',*,*,#4223,.T.);
#5453=ORIENTED_EDGE('',*,*,#4219,.T.);
#5454=ORIENTED_EDGE('',*,*,#4215,.T.);
#5455=ORIENTED_EDGE('',*,*,#4224,.F.);
#5456=ORIENTED_EDGE('',*,*,#4225,.F.);
#5457=ORIENTED_EDGE('',*,*,#4222,.F.);
#5458=ORIENTED_EDGE('',*,*,#4226,.T.);
#5459=ORIENTED_EDGE('',*,*,#4150,.F.);
#5460=ORIENTED_EDGE('',*,*,#4227,.F.);
#5461=ORIENTED_EDGE('',*,*,#4218,.T.);
#5462=ORIENTED_EDGE('',*,*,#4151,.F.);
#5463=ORIENTED_EDGE('',*,*,#4226,.F.);
#5464=ORIENTED_EDGE('',*,*,#4221,.F.);
#5465=ORIENTED_EDGE('',*,*,#4216,.T.);
#5466=ORIENTED_EDGE('',*,*,#4228,.T.);
#5467=ORIENTED_EDGE('',*,*,#4229,.T.);
#5468=ORIENTED_EDGE('',*,*,#4230,.T.);
#5469=ORIENTED_EDGE('',*,*,#4224,.T.);
#5470=ORIENTED_EDGE('',*,*,#4231,.T.);
#5471=ORIENTED_EDGE('',*,*,#4232,.T.);
#5472=ORIENTED_EDGE('',*,*,#4233,.T.);
#5473=ORIENTED_EDGE('',*,*,#4234,.T.);
#5474=ORIENTED_EDGE('',*,*,#4235,.T.);
#5475=ORIENTED_EDGE('',*,*,#4107,.T.);
#5476=ORIENTED_EDGE('',*,*,#4236,.T.);
#5477=ORIENTED_EDGE('',*,*,#4237,.T.);
#5478=ORIENTED_EDGE('',*,*,#4238,.T.);
#5479=ORIENTED_EDGE('',*,*,#4239,.T.);
#5480=ORIENTED_EDGE('',*,*,#4240,.T.);
#5481=ORIENTED_EDGE('',*,*,#4241,.T.);
#5482=ORIENTED_EDGE('',*,*,#4242,.T.);
#5483=ORIENTED_EDGE('',*,*,#4140,.F.);
#5484=ORIENTED_EDGE('',*,*,#4243,.F.);
#5485=ORIENTED_EDGE('',*,*,#4244,.F.);
#5486=ORIENTED_EDGE('',*,*,#4245,.F.);
#5487=ORIENTED_EDGE('',*,*,#4246,.F.);
#5488=ORIENTED_EDGE('',*,*,#4247,.T.);
#5489=ORIENTED_EDGE('',*,*,#4228,.F.);
#5490=ORIENTED_EDGE('',*,*,#4220,.F.);
#5491=ORIENTED_EDGE('',*,*,#4223,.F.);
#5492=ORIENTED_EDGE('',*,*,#4225,.T.);
#5493=ORIENTED_EDGE('',*,*,#4238,.F.);
#5494=ORIENTED_EDGE('',*,*,#4248,.T.);
#5495=ORIENTED_EDGE('',*,*,#4217,.T.);
#5496=ORIENTED_EDGE('',*,*,#4230,.F.);
#5497=ORIENTED_EDGE('',*,*,#4249,.T.);
#5498=ORIENTED_EDGE('',*,*,#4153,.F.);
#5499=ORIENTED_EDGE('',*,*,#4227,.T.);
#5500=ORIENTED_EDGE('',*,*,#4149,.F.);
#5501=ORIENTED_EDGE('',*,*,#4250,.F.);
#5502=ORIENTED_EDGE('',*,*,#4231,.F.);
#5503=ORIENTED_EDGE('',*,*,#4251,.T.);
#5504=ORIENTED_EDGE('',*,*,#4252,.T.);
#5505=ORIENTED_EDGE('',*,*,#4253,.F.);
#5506=ORIENTED_EDGE('',*,*,#4252,.F.);
#5507=ORIENTED_EDGE('',*,*,#4251,.F.);
#5508=ORIENTED_EDGE('',*,*,#4249,.F.);
#5509=ORIENTED_EDGE('',*,*,#4229,.F.);
#5510=ORIENTED_EDGE('',*,*,#4247,.F.);
#5511=ORIENTED_EDGE('',*,*,#4254,.F.);
#5512=ORIENTED_EDGE('',*,*,#4255,.T.);
#5513=ORIENTED_EDGE('',*,*,#4154,.F.);
#5514=ORIENTED_EDGE('',*,*,#4256,.T.);
#5515=ORIENTED_EDGE('',*,*,#4254,.T.);
#5516=ORIENTED_EDGE('',*,*,#4246,.T.);
#5517=ORIENTED_EDGE('',*,*,#4257,.T.);
#5518=ORIENTED_EDGE('',*,*,#4253,.T.);
#5519=ORIENTED_EDGE('',*,*,#4258,.F.);
#5520=ORIENTED_EDGE('',*,*,#4156,.F.);
#5521=ORIENTED_EDGE('',*,*,#4259,.F.);
#5522=ORIENTED_EDGE('',*,*,#4257,.F.);
#5523=ORIENTED_EDGE('',*,*,#4245,.T.);
#5524=ORIENTED_EDGE('',*,*,#4260,.F.);
#5525=ORIENTED_EDGE('',*,*,#4259,.T.);
#5526=ORIENTED_EDGE('',*,*,#4155,.F.);
#5527=ORIENTED_EDGE('',*,*,#4255,.F.);
#5528=ORIENTED_EDGE('',*,*,#4256,.F.);
#5529=ORIENTED_EDGE('',*,*,#4258,.T.);
#5530=ORIENTED_EDGE('',*,*,#4261,.F.);
#5531=ORIENTED_EDGE('',*,*,#4262,.F.);
#5532=ORIENTED_EDGE('',*,*,#4157,.F.);
#5533=ORIENTED_EDGE('',*,*,#4122,.T.);
#5534=ORIENTED_EDGE('',*,*,#4192,.T.);
#5535=ORIENTED_EDGE('',*,*,#4263,.T.);
#5536=ORIENTED_EDGE('',*,*,#4209,.T.);
#5537=ORIENTED_EDGE('',*,*,#4208,.T.);
#5538=ORIENTED_EDGE('',*,*,#4201,.T.);
#5539=ORIENTED_EDGE('',*,*,#4197,.T.);
#5540=ORIENTED_EDGE('',*,*,#4212,.T.);
#5541=ORIENTED_EDGE('',*,*,#4264,.T.);
#5542=ORIENTED_EDGE('',*,*,#4261,.T.);
#5543=ORIENTED_EDGE('',*,*,#4260,.T.);
#5544=ORIENTED_EDGE('',*,*,#4244,.T.);
#5545=ORIENTED_EDGE('',*,*,#4265,.T.);
#5546=ORIENTED_EDGE('',*,*,#4266,.T.);
#5547=ORIENTED_EDGE('',*,*,#4267,.T.);
#5548=ORIENTED_EDGE('',*,*,#4268,.T.);
#5549=ORIENTED_EDGE('',*,*,#4269,.T.);
#5550=ORIENTED_EDGE('',*,*,#4270,.T.);
#5551=ORIENTED_EDGE('',*,*,#4271,.T.);
#5552=ORIENTED_EDGE('',*,*,#4272,.T.);
#5553=ORIENTED_EDGE('',*,*,#4273,.T.);
#5554=ORIENTED_EDGE('',*,*,#4274,.T.);
#5555=ORIENTED_EDGE('',*,*,#4181,.F.);
#5556=ORIENTED_EDGE('',*,*,#4274,.F.);
#5557=ORIENTED_EDGE('',*,*,#4273,.F.);
#5558=ORIENTED_EDGE('',*,*,#4275,.F.);
#5559=ORIENTED_EDGE('',*,*,#4177,.F.);
#5560=ORIENTED_EDGE('',*,*,#4276,.F.);
#5561=ORIENTED_EDGE('',*,*,#4145,.F.);
#5562=ORIENTED_EDGE('',*,*,#4277,.F.);
#5563=ORIENTED_EDGE('',*,*,#4233,.F.);
#5564=ORIENTED_EDGE('',*,*,#4278,.F.);
#5565=ORIENTED_EDGE('',*,*,#4147,.F.);
#5566=ORIENTED_EDGE('',*,*,#4275,.T.);
#5567=ORIENTED_EDGE('',*,*,#4146,.T.);
#5568=ORIENTED_EDGE('',*,*,#4276,.T.);
#5569=ORIENTED_EDGE('',*,*,#4176,.F.);
#5570=ORIENTED_EDGE('',*,*,#4279,.F.);
#5571=ORIENTED_EDGE('',*,*,#4280,.F.);
#5572=ORIENTED_EDGE('',*,*,#4281,.F.);
#5573=ORIENTED_EDGE('',*,*,#4178,.F.);
#5574=ORIENTED_EDGE('',*,*,#4277,.T.);
#5575=ORIENTED_EDGE('',*,*,#4144,.F.);
#5576=ORIENTED_EDGE('',*,*,#4282,.T.);
#5577=ORIENTED_EDGE('',*,*,#4234,.F.);
#5578=ORIENTED_EDGE('',*,*,#4283,.T.);
#5579=ORIENTED_EDGE('',*,*,#4284,.T.);
#5580=ORIENTED_EDGE('',*,*,#4188,.F.);
#5581=ORIENTED_EDGE('',*,*,#4284,.F.);
#5582=ORIENTED_EDGE('',*,*,#4283,.F.);
#5583=ORIENTED_EDGE('',*,*,#4285,.F.);
#5584=ORIENTED_EDGE('',*,*,#4286,.T.);
#5585=ORIENTED_EDGE('',*,*,#4287,.T.);
#5586=ORIENTED_EDGE('',*,*,#4288,.F.);
#5587=ORIENTED_EDGE('',*,*,#4289,.F.);
#5588=ORIENTED_EDGE('',*,*,#4290,.F.);
#5589=ORIENTED_EDGE('',*,*,#4291,.T.);
#5590=ORIENTED_EDGE('',*,*,#4292,.T.);
#5591=ORIENTED_EDGE('',*,*,#4293,.F.);
#5592=ORIENTED_EDGE('',*,*,#4294,.F.);
#5593=ORIENTED_EDGE('',*,*,#4295,.F.);
#5594=ORIENTED_EDGE('',*,*,#4286,.F.);
#5595=ORIENTED_EDGE('',*,*,#4296,.F.);
#5596=ORIENTED_EDGE('',*,*,#4287,.F.);
#5597=ORIENTED_EDGE('',*,*,#4295,.T.);
#5598=ORIENTED_EDGE('',*,*,#4297,.F.);
#5599=ORIENTED_EDGE('',*,*,#4298,.F.);
#5600=ORIENTED_EDGE('',*,*,#4299,.F.);
#5601=ORIENTED_EDGE('',*,*,#4300,.F.);
#5602=ORIENTED_EDGE('',*,*,#4291,.F.);
#5603=ORIENTED_EDGE('',*,*,#4301,.F.);
#5604=ORIENTED_EDGE('',*,*,#4292,.F.);
#5605=ORIENTED_EDGE('',*,*,#4300,.T.);
#5606=ORIENTED_EDGE('',*,*,#4302,.F.);
#5607=ORIENTED_EDGE('',*,*,#4289,.T.);
#5608=ORIENTED_EDGE('',*,*,#4301,.T.);
#5609=ORIENTED_EDGE('',*,*,#4303,.T.);
#5610=ORIENTED_EDGE('',*,*,#4293,.T.);
#5611=ORIENTED_EDGE('',*,*,#4285,.T.);
#5612=ORIENTED_EDGE('',*,*,#4304,.T.);
#5613=ORIENTED_EDGE('',*,*,#4184,.F.);
#5614=ORIENTED_EDGE('',*,*,#4305,.T.);
#5615=ORIENTED_EDGE('',*,*,#4306,.F.);
#5616=ORIENTED_EDGE('',*,*,#4100,.F.);
#5617=ORIENTED_EDGE('',*,*,#4164,.F.);
#5618=ORIENTED_EDGE('',*,*,#4210,.F.);
#5619=ORIENTED_EDGE('',*,*,#4263,.F.);
#5620=ORIENTED_EDGE('',*,*,#4191,.F.);
#5621=ORIENTED_EDGE('',*,*,#4186,.F.);
#5622=ORIENTED_EDGE('',*,*,#4307,.T.);
#5623=ORIENTED_EDGE('',*,*,#4308,.T.);
#5624=ORIENTED_EDGE('',*,*,#4297,.T.);
#5625=ORIENTED_EDGE('',*,*,#4294,.T.);
#5626=ORIENTED_EDGE('',*,*,#4303,.F.);
#5627=ORIENTED_EDGE('',*,*,#4302,.T.);
#5628=ORIENTED_EDGE('',*,*,#4299,.T.);
#5629=ORIENTED_EDGE('',*,*,#4290,.T.);
#5630=ORIENTED_EDGE('',*,*,#4307,.F.);
#5631=ORIENTED_EDGE('',*,*,#4185,.F.);
#5632=ORIENTED_EDGE('',*,*,#4304,.F.);
#5633=ORIENTED_EDGE('',*,*,#4288,.T.);
#5634=ORIENTED_EDGE('',*,*,#4296,.T.);
#5635=ORIENTED_EDGE('',*,*,#4308,.F.);
#5636=ORIENTED_EDGE('',*,*,#4298,.T.);
#5637=ORIENTED_EDGE('',*,*,#4132,.F.);
#5638=ORIENTED_EDGE('',*,*,#4180,.F.);
#5639=ORIENTED_EDGE('',*,*,#4309,.T.);
#5640=ORIENTED_EDGE('',*,*,#4310,.F.);
#5641=ORIENTED_EDGE('',*,*,#4096,.T.);
#5642=ORIENTED_EDGE('',*,*,#4103,.T.);
#5643=ORIENTED_EDGE('',*,*,#4311,.T.);
#5644=ORIENTED_EDGE('',*,*,#4312,.T.);
#5645=ORIENTED_EDGE('',*,*,#4280,.T.);
#5646=ORIENTED_EDGE('',*,*,#4313,.T.);
#5647=ORIENTED_EDGE('',*,*,#4310,.T.);
#5648=ORIENTED_EDGE('',*,*,#4314,.T.);
#5649=ORIENTED_EDGE('',*,*,#4315,.T.);
#5650=ORIENTED_EDGE('',*,*,#4133,.T.);
#5651=ORIENTED_EDGE('',*,*,#4134,.F.);
#5652=ORIENTED_EDGE('',*,*,#4315,.F.);
#5653=ORIENTED_EDGE('',*,*,#4316,.F.);
#5654=ORIENTED_EDGE('',*,*,#4182,.F.);
#5655=ORIENTED_EDGE('',*,*,#4101,.T.);
#5656=ORIENTED_EDGE('',*,*,#4306,.T.);
#5657=ORIENTED_EDGE('',*,*,#4317,.T.);
#5658=ORIENTED_EDGE('',*,*,#4318,.T.);
#5659=ORIENTED_EDGE('',*,*,#4319,.T.);
#5660=ORIENTED_EDGE('',*,*,#4317,.F.);
#5661=ORIENTED_EDGE('',*,*,#4305,.F.);
#5662=ORIENTED_EDGE('',*,*,#4183,.F.);
#5663=ORIENTED_EDGE('',*,*,#4316,.T.);
#5664=ORIENTED_EDGE('',*,*,#4314,.F.);
#5665=ORIENTED_EDGE('',*,*,#4309,.F.);
#5666=ORIENTED_EDGE('',*,*,#4179,.F.);
#5667=ORIENTED_EDGE('',*,*,#4281,.T.);
#5668=ORIENTED_EDGE('',*,*,#4312,.F.);
#5669=ORIENTED_EDGE('',*,*,#4102,.T.);
#5670=ORIENTED_EDGE('',*,*,#4318,.F.);
#5671=ORIENTED_EDGE('',*,*,#4319,.F.);
#5672=ORIENTED_EDGE('',*,*,#4311,.F.);
#5673=ORIENTED_EDGE('',*,*,#4168,.F.);
#5674=ORIENTED_EDGE('',*,*,#4320,.F.);
#5675=ORIENTED_EDGE('',*,*,#4241,.F.);
#5676=ORIENTED_EDGE('',*,*,#4321,.T.);
#5677=ORIENTED_EDGE('',*,*,#4169,.F.);
#5678=ORIENTED_EDGE('',*,*,#4321,.F.);
#5679=ORIENTED_EDGE('',*,*,#4240,.F.);
#5680=ORIENTED_EDGE('',*,*,#4322,.T.);
#5681=ORIENTED_EDGE('',*,*,#4166,.F.);
#5682=ORIENTED_EDGE('',*,*,#4322,.F.);
#5683=ORIENTED_EDGE('',*,*,#4239,.F.);
#5684=ORIENTED_EDGE('',*,*,#4323,.T.);
#5685=ORIENTED_EDGE('',*,*,#4167,.F.);
#5686=ORIENTED_EDGE('',*,*,#4323,.F.);
#5687=ORIENTED_EDGE('',*,*,#4242,.F.);
#5688=ORIENTED_EDGE('',*,*,#4320,.T.);
#5689=ORIENTED_EDGE('',*,*,#4172,.F.);
#5690=ORIENTED_EDGE('',*,*,#4324,.F.);
#5691=ORIENTED_EDGE('',*,*,#4271,.F.);
#5692=ORIENTED_EDGE('',*,*,#4325,.T.);
#5693=ORIENTED_EDGE('',*,*,#4173,.F.);
#5694=ORIENTED_EDGE('',*,*,#4325,.F.);
#5695=ORIENTED_EDGE('',*,*,#4270,.F.);
#5696=ORIENTED_EDGE('',*,*,#4326,.T.);
#5697=ORIENTED_EDGE('',*,*,#4170,.F.);
#5698=ORIENTED_EDGE('',*,*,#4326,.F.);
#5699=ORIENTED_EDGE('',*,*,#4269,.F.);
#5700=ORIENTED_EDGE('',*,*,#4327,.T.);
#5701=ORIENTED_EDGE('',*,*,#4171,.F.);
#5702=ORIENTED_EDGE('',*,*,#4327,.F.);
#5703=ORIENTED_EDGE('',*,*,#4272,.F.);
#5704=ORIENTED_EDGE('',*,*,#4324,.T.);
#5705=ORIENTED_EDGE('',*,*,#4328,.F.);
#5706=ORIENTED_EDGE('',*,*,#4137,.F.);
#5707=ORIENTED_EDGE('',*,*,#4329,.F.);
#5708=ORIENTED_EDGE('',*,*,#4267,.F.);
#5709=ORIENTED_EDGE('',*,*,#4097,.T.);
#5710=ORIENTED_EDGE('',*,*,#4313,.F.);
#5711=ORIENTED_EDGE('',*,*,#4279,.T.);
#5712=ORIENTED_EDGE('',*,*,#4175,.F.);
#5713=ORIENTED_EDGE('',*,*,#4108,.T.);
#5714=ORIENTED_EDGE('',*,*,#4235,.F.);
#5715=ORIENTED_EDGE('',*,*,#4282,.F.);
#5716=ORIENTED_EDGE('',*,*,#4143,.F.);
#5717=ORIENTED_EDGE('',*,*,#4104,.T.);
#5718=ORIENTED_EDGE('',*,*,#4093,.T.);
#5719=ORIENTED_EDGE('',*,*,#4123,.T.);
#5720=ORIENTED_EDGE('',*,*,#4268,.F.);
#5721=ORIENTED_EDGE('',*,*,#4329,.T.);
#5722=ORIENTED_EDGE('',*,*,#4136,.F.);
#5723=ORIENTED_EDGE('',*,*,#4106,.T.);
#5724=ORIENTED_EDGE('',*,*,#4142,.F.);
#5725=ORIENTED_EDGE('',*,*,#4330,.F.);
#5726=ORIENTED_EDGE('',*,*,#4236,.F.);
#5727=ORIENTED_EDGE('',*,*,#4211,.T.);
#5728=ORIENTED_EDGE('',*,*,#4158,.F.);
#5729=ORIENTED_EDGE('',*,*,#4262,.T.);
#5730=ORIENTED_EDGE('',*,*,#4264,.F.);
#5731=ORIENTED_EDGE('',*,*,#4278,.T.);
#5732=ORIENTED_EDGE('',*,*,#4232,.F.);
#5733=ORIENTED_EDGE('',*,*,#4250,.T.);
#5734=ORIENTED_EDGE('',*,*,#4148,.F.);
#5735=ORIENTED_EDGE('',*,*,#4330,.T.);
#5736=ORIENTED_EDGE('',*,*,#4141,.F.);
#5737=ORIENTED_EDGE('',*,*,#4248,.F.);
#5738=ORIENTED_EDGE('',*,*,#4237,.F.);
#5739=ORIENTED_EDGE('',*,*,#4243,.T.);
#5740=ORIENTED_EDGE('',*,*,#4139,.F.);
#5741=ORIENTED_EDGE('',*,*,#4331,.F.);
#5742=ORIENTED_EDGE('',*,*,#4265,.F.);
#5743=ORIENTED_EDGE('',*,*,#4328,.T.);
#5744=ORIENTED_EDGE('',*,*,#4266,.F.);
#5745=ORIENTED_EDGE('',*,*,#4331,.T.);
#5746=ORIENTED_EDGE('',*,*,#4138,.F.);
#5747=ORIENTED_EDGE('',*,*,#4332,.F.);
#5748=ORIENTED_EDGE('',*,*,#4333,.T.);
#5749=ORIENTED_EDGE('',*,*,#4334,.F.);
#5750=ORIENTED_EDGE('',*,*,#4335,.F.);
#5751=ORIENTED_EDGE('',*,*,#4336,.F.);
#5752=ORIENTED_EDGE('',*,*,#4337,.F.);
#5753=ORIENTED_EDGE('',*,*,#4338,.F.);
#5754=ORIENTED_EDGE('',*,*,#4339,.F.);
#5755=ORIENTED_EDGE('',*,*,#4340,.F.);
#5756=ORIENTED_EDGE('',*,*,#4339,.T.);
#5757=ORIENTED_EDGE('',*,*,#4341,.F.);
#5758=ORIENTED_EDGE('',*,*,#4333,.F.);
#5759=ORIENTED_EDGE('',*,*,#4334,.T.);
#5760=ORIENTED_EDGE('',*,*,#4341,.T.);
#5761=ORIENTED_EDGE('',*,*,#4338,.T.);
#5762=ORIENTED_EDGE('',*,*,#4342,.T.);
#5763=ORIENTED_EDGE('',*,*,#4343,.T.);
#5764=ORIENTED_EDGE('',*,*,#4344,.T.);
#5765=ORIENTED_EDGE('',*,*,#4345,.T.);
#5766=ORIENTED_EDGE('',*,*,#4346,.T.);
#5767=ORIENTED_EDGE('',*,*,#4347,.T.);
#5768=ORIENTED_EDGE('',*,*,#4348,.T.);
#5769=ORIENTED_EDGE('',*,*,#4349,.T.);
#5770=ORIENTED_EDGE('',*,*,#4350,.T.);
#5771=ORIENTED_EDGE('',*,*,#4351,.T.);
#5772=ORIENTED_EDGE('',*,*,#4352,.T.);
#5773=ORIENTED_EDGE('',*,*,#4337,.T.);
#5774=ORIENTED_EDGE('',*,*,#4353,.F.);
#5775=ORIENTED_EDGE('',*,*,#4354,.T.);
#5776=ORIENTED_EDGE('',*,*,#4342,.F.);
#5777=ORIENTED_EDGE('',*,*,#4335,.T.);
#5778=ORIENTED_EDGE('',*,*,#4346,.F.);
#5779=ORIENTED_EDGE('',*,*,#4355,.F.);
#5780=ORIENTED_EDGE('',*,*,#4356,.F.);
#5781=ORIENTED_EDGE('',*,*,#4352,.F.);
#5782=ORIENTED_EDGE('',*,*,#4357,.T.);
#5783=ORIENTED_EDGE('',*,*,#4358,.F.);
#5784=ORIENTED_EDGE('',*,*,#4357,.F.);
#5785=ORIENTED_EDGE('',*,*,#4351,.F.);
#5786=ORIENTED_EDGE('',*,*,#4359,.T.);
#5787=ORIENTED_EDGE('',*,*,#4360,.F.);
#5788=ORIENTED_EDGE('',*,*,#4359,.F.);
#5789=ORIENTED_EDGE('',*,*,#4361,.F.);
#5790=ORIENTED_EDGE('',*,*,#4362,.T.);
#5791=ORIENTED_EDGE('',*,*,#4349,.F.);
#5792=ORIENTED_EDGE('',*,*,#4363,.F.);
#5793=ORIENTED_EDGE('',*,*,#4364,.F.);
#5794=ORIENTED_EDGE('',*,*,#4363,.T.);
#5795=ORIENTED_EDGE('',*,*,#4348,.F.);
#5796=ORIENTED_EDGE('',*,*,#4365,.F.);
#5797=ORIENTED_EDGE('',*,*,#4366,.F.);
#5798=ORIENTED_EDGE('',*,*,#4365,.T.);
#5799=ORIENTED_EDGE('',*,*,#4347,.F.);
#5800=ORIENTED_EDGE('',*,*,#4367,.F.);
#5801=ORIENTED_EDGE('',*,*,#4368,.F.);
#5802=ORIENTED_EDGE('',*,*,#4367,.T.);
#5803=ORIENTED_EDGE('',*,*,#4350,.F.);
#5804=ORIENTED_EDGE('',*,*,#4362,.F.);
#5805=ORIENTED_EDGE('',*,*,#4332,.T.);
#5806=ORIENTED_EDGE('',*,*,#4356,.T.);
#5807=ORIENTED_EDGE('',*,*,#4369,.T.);
#5808=ORIENTED_EDGE('',*,*,#4370,.T.);
#5809=ORIENTED_EDGE('',*,*,#4371,.T.);
#5810=ORIENTED_EDGE('',*,*,#4353,.T.);
#5811=ORIENTED_EDGE('',*,*,#4336,.T.);
#5812=ORIENTED_EDGE('',*,*,#4340,.T.);
#5813=ORIENTED_EDGE('',*,*,#4358,.T.);
#5814=ORIENTED_EDGE('',*,*,#4360,.T.);
#5815=ORIENTED_EDGE('',*,*,#4366,.T.);
#5816=ORIENTED_EDGE('',*,*,#4368,.T.);
#5817=ORIENTED_EDGE('',*,*,#4361,.T.);
#5818=ORIENTED_EDGE('',*,*,#4364,.T.);
#5819=ORIENTED_EDGE('',*,*,#4372,.T.);
#5820=ORIENTED_EDGE('',*,*,#4343,.F.);
#5821=ORIENTED_EDGE('',*,*,#4354,.F.);
#5822=ORIENTED_EDGE('',*,*,#4371,.F.);
#5823=ORIENTED_EDGE('',*,*,#4373,.T.);
#5824=ORIENTED_EDGE('',*,*,#4344,.F.);
#5825=ORIENTED_EDGE('',*,*,#4372,.F.);
#5826=ORIENTED_EDGE('',*,*,#4370,.F.);
#5827=ORIENTED_EDGE('',*,*,#4355,.T.);
#5828=ORIENTED_EDGE('',*,*,#4345,.F.);
#5829=ORIENTED_EDGE('',*,*,#4373,.F.);
#5830=ORIENTED_EDGE('',*,*,#4369,.F.);
#5831=ORIENTED_EDGE('',*,*,#4374,.F.);
#5832=ORIENTED_EDGE('',*,*,#4375,.T.);
#5833=ORIENTED_EDGE('',*,*,#4376,.F.);
#5834=ORIENTED_EDGE('',*,*,#4375,.F.);
#5835=ORIENTED_EDGE('',*,*,#4377,.F.);
#5836=ORIENTED_EDGE('',*,*,#4378,.F.);
#5837=ORIENTED_EDGE('',*,*,#4379,.F.);
#5838=ORIENTED_EDGE('',*,*,#4380,.F.);
#5839=ORIENTED_EDGE('',*,*,#4381,.T.);
#5840=ORIENTED_EDGE('',*,*,#4382,.F.);
#5841=ORIENTED_EDGE('',*,*,#4383,.F.);
#5842=ORIENTED_EDGE('',*,*,#4384,.F.);
#5843=ORIENTED_EDGE('',*,*,#4382,.T.);
#5844=ORIENTED_EDGE('',*,*,#4385,.T.);
#5845=ORIENTED_EDGE('',*,*,#4386,.T.);
#5846=ORIENTED_EDGE('',*,*,#4387,.F.);
#5847=ORIENTED_EDGE('',*,*,#4388,.F.);
#5848=ORIENTED_EDGE('',*,*,#4389,.T.);
#5849=ORIENTED_EDGE('',*,*,#4374,.T.);
#5850=ORIENTED_EDGE('',*,*,#4390,.T.);
#5851=ORIENTED_EDGE('',*,*,#4391,.T.);
#5852=ORIENTED_EDGE('',*,*,#4392,.T.);
#5853=ORIENTED_EDGE('',*,*,#4380,.T.);
#5854=ORIENTED_EDGE('',*,*,#4376,.T.);
#5855=ORIENTED_EDGE('',*,*,#4393,.T.);
#5856=ORIENTED_EDGE('',*,*,#4385,.F.);
#5857=ORIENTED_EDGE('',*,*,#4381,.F.);
#5858=ORIENTED_EDGE('',*,*,#4392,.F.);
#5859=ORIENTED_EDGE('',*,*,#4394,.F.);
#5860=ORIENTED_EDGE('',*,*,#4386,.F.);
#5861=ORIENTED_EDGE('',*,*,#4393,.F.);
#5862=ORIENTED_EDGE('',*,*,#4391,.F.);
#5863=ORIENTED_EDGE('',*,*,#4395,.T.);
#5864=ORIENTED_EDGE('',*,*,#4396,.F.);
#5865=ORIENTED_EDGE('',*,*,#4397,.T.);
#5866=ORIENTED_EDGE('',*,*,#4398,.F.);
#5867=ORIENTED_EDGE('',*,*,#4399,.F.);
#5868=ORIENTED_EDGE('',*,*,#4400,.F.);
#5869=ORIENTED_EDGE('',*,*,#4401,.T.);
#5870=ORIENTED_EDGE('',*,*,#4395,.F.);
#5871=ORIENTED_EDGE('',*,*,#4390,.F.);
#5872=ORIENTED_EDGE('',*,*,#4379,.T.);
#5873=ORIENTED_EDGE('',*,*,#4402,.T.);
#5874=ORIENTED_EDGE('',*,*,#4403,.T.);
#5875=ORIENTED_EDGE('',*,*,#4404,.T.);
#5876=ORIENTED_EDGE('',*,*,#4405,.T.);
#5877=ORIENTED_EDGE('',*,*,#4406,.T.);
#5878=ORIENTED_EDGE('',*,*,#4407,.T.);
#5879=ORIENTED_EDGE('',*,*,#4408,.T.);
#5880=ORIENTED_EDGE('',*,*,#4409,.T.);
#5881=ORIENTED_EDGE('',*,*,#4389,.F.);
#5882=ORIENTED_EDGE('',*,*,#4410,.T.);
#5883=ORIENTED_EDGE('',*,*,#4378,.T.);
#5884=ORIENTED_EDGE('',*,*,#4411,.F.);
#5885=ORIENTED_EDGE('',*,*,#4396,.T.);
#5886=ORIENTED_EDGE('',*,*,#4401,.F.);
#5887=ORIENTED_EDGE('',*,*,#4383,.T.);
#5888=ORIENTED_EDGE('',*,*,#4410,.F.);
#5889=ORIENTED_EDGE('',*,*,#4388,.T.);
#5890=ORIENTED_EDGE('',*,*,#4412,.F.);
#5891=ORIENTED_EDGE('',*,*,#4413,.F.);
#5892=ORIENTED_EDGE('',*,*,#4414,.T.);
#5893=ORIENTED_EDGE('',*,*,#4408,.F.);
#5894=ORIENTED_EDGE('',*,*,#4415,.T.);
#5895=ORIENTED_EDGE('',*,*,#4416,.F.);
#5896=ORIENTED_EDGE('',*,*,#4415,.F.);
#5897=ORIENTED_EDGE('',*,*,#4407,.F.);
#5898=ORIENTED_EDGE('',*,*,#4417,.F.);
#5899=ORIENTED_EDGE('',*,*,#4418,.F.);
#5900=ORIENTED_EDGE('',*,*,#4417,.T.);
#5901=ORIENTED_EDGE('',*,*,#4406,.F.);
#5902=ORIENTED_EDGE('',*,*,#4419,.T.);
#5903=ORIENTED_EDGE('',*,*,#4420,.F.);
#5904=ORIENTED_EDGE('',*,*,#4419,.F.);
#5905=ORIENTED_EDGE('',*,*,#4409,.F.);
#5906=ORIENTED_EDGE('',*,*,#4414,.F.);
#5907=ORIENTED_EDGE('',*,*,#4421,.F.);
#5908=ORIENTED_EDGE('',*,*,#4422,.T.);
#5909=ORIENTED_EDGE('',*,*,#4404,.F.);
#5910=ORIENTED_EDGE('',*,*,#4423,.T.);
#5911=ORIENTED_EDGE('',*,*,#4424,.F.);
#5912=ORIENTED_EDGE('',*,*,#4423,.F.);
#5913=ORIENTED_EDGE('',*,*,#4403,.F.);
#5914=ORIENTED_EDGE('',*,*,#4425,.F.);
#5915=ORIENTED_EDGE('',*,*,#4426,.F.);
#5916=ORIENTED_EDGE('',*,*,#4425,.T.);
#5917=ORIENTED_EDGE('',*,*,#4402,.F.);
#5918=ORIENTED_EDGE('',*,*,#4427,.T.);
#5919=ORIENTED_EDGE('',*,*,#4428,.F.);
#5920=ORIENTED_EDGE('',*,*,#4427,.F.);
#5921=ORIENTED_EDGE('',*,*,#4405,.F.);
#5922=ORIENTED_EDGE('',*,*,#4422,.F.);
#5923=ORIENTED_EDGE('',*,*,#4400,.T.);
#5924=ORIENTED_EDGE('',*,*,#4429,.T.);
#5925=ORIENTED_EDGE('',*,*,#4430,.T.);
#5926=ORIENTED_EDGE('',*,*,#4431,.T.);
#5927=ORIENTED_EDGE('',*,*,#4398,.T.);
#5928=ORIENTED_EDGE('',*,*,#4432,.T.);
#5929=ORIENTED_EDGE('',*,*,#4433,.T.);
#5930=ORIENTED_EDGE('',*,*,#4434,.T.);
#5931=ORIENTED_EDGE('',*,*,#4435,.T.);
#5932=ORIENTED_EDGE('',*,*,#4432,.F.);
#5933=ORIENTED_EDGE('',*,*,#4397,.F.);
#5934=ORIENTED_EDGE('',*,*,#4431,.F.);
#5935=ORIENTED_EDGE('',*,*,#4436,.T.);
#5936=ORIENTED_EDGE('',*,*,#4433,.F.);
#5937=ORIENTED_EDGE('',*,*,#4435,.F.);
#5938=ORIENTED_EDGE('',*,*,#4430,.F.);
#5939=ORIENTED_EDGE('',*,*,#4384,.T.);
#5940=ORIENTED_EDGE('',*,*,#4412,.T.);
#5941=ORIENTED_EDGE('',*,*,#4387,.T.);
#5942=ORIENTED_EDGE('',*,*,#4394,.T.);
#5943=ORIENTED_EDGE('',*,*,#4411,.T.);
#5944=ORIENTED_EDGE('',*,*,#4377,.T.);
#5945=ORIENTED_EDGE('',*,*,#4418,.T.);
#5946=ORIENTED_EDGE('',*,*,#4420,.T.);
#5947=ORIENTED_EDGE('',*,*,#4413,.T.);
#5948=ORIENTED_EDGE('',*,*,#4416,.T.);
#5949=ORIENTED_EDGE('',*,*,#4426,.T.);
#5950=ORIENTED_EDGE('',*,*,#4428,.T.);
#5951=ORIENTED_EDGE('',*,*,#4421,.T.);
#5952=ORIENTED_EDGE('',*,*,#4424,.T.);
#5953=ORIENTED_EDGE('',*,*,#4399,.T.);
#5954=ORIENTED_EDGE('',*,*,#4434,.F.);
#5955=ORIENTED_EDGE('',*,*,#4436,.F.);
#5956=ORIENTED_EDGE('',*,*,#4429,.F.);
#5957=ORIENTED_EDGE('',*,*,#4437,.T.);
#5958=ORIENTED_EDGE('',*,*,#4438,.T.);
#5959=ORIENTED_EDGE('',*,*,#4439,.F.);
#5960=ORIENTED_EDGE('',*,*,#4438,.F.);
#5961=ORIENTED_EDGE('',*,*,#4437,.F.);
#5962=ORIENTED_EDGE('',*,*,#4440,.F.);
#5963=ORIENTED_EDGE('',*,*,#4441,.T.);
#5964=ORIENTED_EDGE('',*,*,#4442,.F.);
#5965=ORIENTED_EDGE('',*,*,#4443,.F.);
#5966=ORIENTED_EDGE('',*,*,#4444,.F.);
#5967=ORIENTED_EDGE('',*,*,#4445,.T.);
#5968=ORIENTED_EDGE('',*,*,#4446,.F.);
#5969=ORIENTED_EDGE('',*,*,#4447,.F.);
#5970=ORIENTED_EDGE('',*,*,#4448,.F.);
#5971=ORIENTED_EDGE('',*,*,#4449,.T.);
#5972=ORIENTED_EDGE('',*,*,#4450,.F.);
#5973=ORIENTED_EDGE('',*,*,#4445,.F.);
#5974=ORIENTED_EDGE('',*,*,#4442,.T.);
#5975=ORIENTED_EDGE('',*,*,#4451,.T.);
#5976=ORIENTED_EDGE('',*,*,#4452,.T.);
#5977=ORIENTED_EDGE('',*,*,#4446,.T.);
#5978=ORIENTED_EDGE('',*,*,#4450,.T.);
#5979=ORIENTED_EDGE('',*,*,#4453,.T.);
#5980=ORIENTED_EDGE('',*,*,#4454,.T.);
#5981=ORIENTED_EDGE('',*,*,#4455,.T.);
#5982=ORIENTED_EDGE('',*,*,#4456,.F.);
#5983=ORIENTED_EDGE('',*,*,#4447,.T.);
#5984=ORIENTED_EDGE('',*,*,#4452,.F.);
#5985=ORIENTED_EDGE('',*,*,#4457,.F.);
#5986=ORIENTED_EDGE('',*,*,#4458,.F.);
#5987=ORIENTED_EDGE('',*,*,#4459,.T.);
#5988=ORIENTED_EDGE('',*,*,#4454,.F.);
#5989=ORIENTED_EDGE('',*,*,#4460,.F.);
#5990=ORIENTED_EDGE('',*,*,#4461,.F.);
#5991=ORIENTED_EDGE('',*,*,#4462,.T.);
#5992=ORIENTED_EDGE('',*,*,#4463,.F.);
#5993=ORIENTED_EDGE('',*,*,#4443,.T.);
#5994=ORIENTED_EDGE('',*,*,#4455,.F.);
#5995=ORIENTED_EDGE('',*,*,#4459,.F.);
#5996=ORIENTED_EDGE('',*,*,#4464,.F.);
#5997=ORIENTED_EDGE('',*,*,#4465,.F.);
#5998=ORIENTED_EDGE('',*,*,#4458,.T.);
#5999=ORIENTED_EDGE('',*,*,#4466,.T.);
#6000=ORIENTED_EDGE('',*,*,#4464,.T.);
#6001=ORIENTED_EDGE('',*,*,#4456,.T.);
#6002=ORIENTED_EDGE('',*,*,#4467,.T.);
#6003=ORIENTED_EDGE('',*,*,#4468,.T.);
#6004=ORIENTED_EDGE('',*,*,#4469,.T.);
#6005=ORIENTED_EDGE('',*,*,#4470,.T.);
#6006=ORIENTED_EDGE('',*,*,#4471,.T.);
#6007=ORIENTED_EDGE('',*,*,#4448,.T.);
#6008=ORIENTED_EDGE('',*,*,#4444,.T.);
#6009=ORIENTED_EDGE('',*,*,#4472,.F.);
#6010=ORIENTED_EDGE('',*,*,#4473,.F.);
#6011=ORIENTED_EDGE('',*,*,#4474,.F.);
#6012=ORIENTED_EDGE('',*,*,#4475,.T.);
#6013=ORIENTED_EDGE('',*,*,#4476,.F.);
#6014=ORIENTED_EDGE('',*,*,#4477,.T.);
#6015=ORIENTED_EDGE('',*,*,#4478,.F.);
#6016=ORIENTED_EDGE('',*,*,#4479,.T.);
#6017=ORIENTED_EDGE('',*,*,#4480,.F.);
#6018=ORIENTED_EDGE('',*,*,#4481,.F.);
#6019=ORIENTED_EDGE('',*,*,#4467,.F.);
#6020=ORIENTED_EDGE('',*,*,#4457,.T.);
#6021=ORIENTED_EDGE('',*,*,#4451,.F.);
#6022=ORIENTED_EDGE('',*,*,#4441,.F.);
#6023=ORIENTED_EDGE('',*,*,#4482,.F.);
#6024=ORIENTED_EDGE('',*,*,#4462,.F.);
#6025=ORIENTED_EDGE('',*,*,#4472,.T.);
#6026=ORIENTED_EDGE('',*,*,#4461,.T.);
#6027=ORIENTED_EDGE('',*,*,#4483,.T.);
#6028=ORIENTED_EDGE('',*,*,#4484,.F.);
#6029=ORIENTED_EDGE('',*,*,#4483,.F.);
#6030=ORIENTED_EDGE('',*,*,#4465,.T.);
#6031=ORIENTED_EDGE('',*,*,#4466,.F.);
#6032=ORIENTED_EDGE('',*,*,#4460,.T.);
#6033=ORIENTED_EDGE('',*,*,#4453,.F.);
#6034=ORIENTED_EDGE('',*,*,#4449,.F.);
#6035=ORIENTED_EDGE('',*,*,#4471,.F.);
#6036=ORIENTED_EDGE('',*,*,#4485,.T.);
#6037=ORIENTED_EDGE('',*,*,#4486,.F.);
#6038=ORIENTED_EDGE('',*,*,#4487,.F.);
#6039=ORIENTED_EDGE('',*,*,#4488,.F.);
#6040=ORIENTED_EDGE('',*,*,#4489,.F.);
#6041=ORIENTED_EDGE('',*,*,#4490,.F.);
#6042=ORIENTED_EDGE('',*,*,#4491,.F.);
#6043=ORIENTED_EDGE('',*,*,#4492,.F.);
#6044=ORIENTED_EDGE('',*,*,#4493,.T.);
#6045=ORIENTED_EDGE('',*,*,#4468,.F.);
#6046=ORIENTED_EDGE('',*,*,#4481,.T.);
#6047=ORIENTED_EDGE('',*,*,#4494,.F.);
#6048=ORIENTED_EDGE('',*,*,#4495,.F.);
#6049=ORIENTED_EDGE('',*,*,#4496,.F.);
#6050=ORIENTED_EDGE('',*,*,#4497,.T.);
#6051=ORIENTED_EDGE('',*,*,#4498,.F.);
#6052=ORIENTED_EDGE('',*,*,#4479,.F.);
#6053=ORIENTED_EDGE('',*,*,#4499,.F.);
#6054=ORIENTED_EDGE('',*,*,#4487,.T.);
#6055=ORIENTED_EDGE('',*,*,#4500,.F.);
#6056=ORIENTED_EDGE('',*,*,#4501,.F.);
#6057=ORIENTED_EDGE('',*,*,#4494,.T.);
#6058=ORIENTED_EDGE('',*,*,#4480,.T.);
#6059=ORIENTED_EDGE('',*,*,#4498,.T.);
#6060=ORIENTED_EDGE('',*,*,#4502,.T.);
#6061=ORIENTED_EDGE('',*,*,#4500,.T.);
#6062=ORIENTED_EDGE('',*,*,#4486,.T.);
#6063=ORIENTED_EDGE('',*,*,#4503,.T.);
#6064=ORIENTED_EDGE('',*,*,#4504,.T.);
#6065=ORIENTED_EDGE('',*,*,#4470,.F.);
#6066=ORIENTED_EDGE('',*,*,#4505,.T.);
#6067=ORIENTED_EDGE('',*,*,#4503,.F.);
#6068=ORIENTED_EDGE('',*,*,#4485,.F.);
#6069=ORIENTED_EDGE('',*,*,#4469,.F.);
#6070=ORIENTED_EDGE('',*,*,#4495,.T.);
#6071=ORIENTED_EDGE('',*,*,#4504,.F.);
#6072=ORIENTED_EDGE('',*,*,#4505,.F.);
#6073=ORIENTED_EDGE('',*,*,#4506,.F.);
#6074=ORIENTED_EDGE('',*,*,#4489,.T.);
#6075=ORIENTED_EDGE('',*,*,#4507,.F.);
#6076=ORIENTED_EDGE('',*,*,#4501,.T.);
#6077=ORIENTED_EDGE('',*,*,#4502,.F.);
#6078=ORIENTED_EDGE('',*,*,#4497,.F.);
#6079=ORIENTED_EDGE('',*,*,#4508,.F.);
#6080=ORIENTED_EDGE('',*,*,#4477,.F.);
#6081=ORIENTED_EDGE('',*,*,#4506,.T.);
#6082=ORIENTED_EDGE('',*,*,#4476,.T.);
#6083=ORIENTED_EDGE('',*,*,#4509,.F.);
#6084=ORIENTED_EDGE('',*,*,#4490,.T.);
#6085=ORIENTED_EDGE('',*,*,#4499,.T.);
#6086=ORIENTED_EDGE('',*,*,#4507,.T.);
#6087=ORIENTED_EDGE('',*,*,#4488,.T.);
#6088=ORIENTED_EDGE('',*,*,#4496,.T.);
#6089=ORIENTED_EDGE('',*,*,#4478,.T.);
#6090=ORIENTED_EDGE('',*,*,#4508,.T.);
#6091=ORIENTED_EDGE('',*,*,#4440,.T.);
#6092=ORIENTED_EDGE('',*,*,#4463,.T.);
#6093=ORIENTED_EDGE('',*,*,#4482,.T.);
#6094=ORIENTED_EDGE('',*,*,#4509,.T.);
#6095=ORIENTED_EDGE('',*,*,#4475,.F.);
#6096=ORIENTED_EDGE('',*,*,#4510,.F.);
#6097=ORIENTED_EDGE('',*,*,#4491,.T.);
#6098=ORIENTED_EDGE('',*,*,#4474,.T.);
#6099=ORIENTED_EDGE('',*,*,#4511,.T.);
#6100=ORIENTED_EDGE('',*,*,#4492,.T.);
#6101=ORIENTED_EDGE('',*,*,#4510,.T.);
#6102=ORIENTED_EDGE('',*,*,#4439,.T.);
#6103=ORIENTED_EDGE('',*,*,#4484,.T.);
#6104=ORIENTED_EDGE('',*,*,#4493,.F.);
#6105=ORIENTED_EDGE('',*,*,#4511,.F.);
#6106=ORIENTED_EDGE('',*,*,#4473,.T.);
#6107=ORIENTED_EDGE('',*,*,#4512,.F.);
#6108=ORIENTED_EDGE('',*,*,#4513,.T.);
#6109=ORIENTED_EDGE('',*,*,#4514,.F.);
#6110=ORIENTED_EDGE('',*,*,#4515,.F.);
#6111=ORIENTED_EDGE('',*,*,#4516,.F.);
#6112=ORIENTED_EDGE('',*,*,#4515,.T.);
#6113=ORIENTED_EDGE('',*,*,#4517,.F.);
#6114=ORIENTED_EDGE('',*,*,#4518,.F.);
#6115=ORIENTED_EDGE('',*,*,#4519,.F.);
#6116=ORIENTED_EDGE('',*,*,#4518,.T.);
#6117=ORIENTED_EDGE('',*,*,#4520,.F.);
#6118=ORIENTED_EDGE('',*,*,#4521,.F.);
#6119=ORIENTED_EDGE('',*,*,#4522,.F.);
#6120=ORIENTED_EDGE('',*,*,#4521,.T.);
#6121=ORIENTED_EDGE('',*,*,#4523,.F.);
#6122=ORIENTED_EDGE('',*,*,#4513,.F.);
#6123=ORIENTED_EDGE('',*,*,#4524,.F.);
#6124=ORIENTED_EDGE('',*,*,#4525,.T.);
#6125=ORIENTED_EDGE('',*,*,#4526,.F.);
#6126=ORIENTED_EDGE('',*,*,#4525,.F.);
#6127=ORIENTED_EDGE('',*,*,#4524,.T.);
#6128=ORIENTED_EDGE('',*,*,#4527,.F.);
#6129=ORIENTED_EDGE('',*,*,#4528,.T.);
#6130=ORIENTED_EDGE('',*,*,#4529,.F.);
#6131=ORIENTED_EDGE('',*,*,#4528,.F.);
#6132=ORIENTED_EDGE('',*,*,#4527,.T.);
#6133=ORIENTED_EDGE('',*,*,#4526,.T.);
#6134=ORIENTED_EDGE('',*,*,#4530,.F.);
#6135=ORIENTED_EDGE('',*,*,#4531,.T.);
#6136=ORIENTED_EDGE('',*,*,#4532,.F.);
#6137=ORIENTED_EDGE('',*,*,#4533,.F.);
#6138=ORIENTED_EDGE('',*,*,#4534,.F.);
#6139=ORIENTED_EDGE('',*,*,#4533,.T.);
#6140=ORIENTED_EDGE('',*,*,#4535,.F.);
#6141=ORIENTED_EDGE('',*,*,#4536,.F.);
#6142=ORIENTED_EDGE('',*,*,#4537,.F.);
#6143=ORIENTED_EDGE('',*,*,#4536,.T.);
#6144=ORIENTED_EDGE('',*,*,#4538,.F.);
#6145=ORIENTED_EDGE('',*,*,#4539,.F.);
#6146=ORIENTED_EDGE('',*,*,#4540,.F.);
#6147=ORIENTED_EDGE('',*,*,#4539,.T.);
#6148=ORIENTED_EDGE('',*,*,#4541,.F.);
#6149=ORIENTED_EDGE('',*,*,#4531,.F.);
#6150=ORIENTED_EDGE('',*,*,#4542,.F.);
#6151=ORIENTED_EDGE('',*,*,#4543,.T.);
#6152=ORIENTED_EDGE('',*,*,#4544,.F.);
#6153=ORIENTED_EDGE('',*,*,#4543,.F.);
#6154=ORIENTED_EDGE('',*,*,#4542,.T.);
#6155=ORIENTED_EDGE('',*,*,#4545,.F.);
#6156=ORIENTED_EDGE('',*,*,#4546,.T.);
#6157=ORIENTED_EDGE('',*,*,#4547,.F.);
#6158=ORIENTED_EDGE('',*,*,#4546,.F.);
#6159=ORIENTED_EDGE('',*,*,#4545,.T.);
#6160=ORIENTED_EDGE('',*,*,#4544,.T.);
#6161=ORIENTED_EDGE('',*,*,#4548,.F.);
#6162=ORIENTED_EDGE('',*,*,#4549,.T.);
#6163=ORIENTED_EDGE('',*,*,#4550,.F.);
#6164=ORIENTED_EDGE('',*,*,#4551,.F.);
#6165=ORIENTED_EDGE('',*,*,#4552,.F.);
#6166=ORIENTED_EDGE('',*,*,#4551,.T.);
#6167=ORIENTED_EDGE('',*,*,#4553,.F.);
#6168=ORIENTED_EDGE('',*,*,#4554,.F.);
#6169=ORIENTED_EDGE('',*,*,#4555,.F.);
#6170=ORIENTED_EDGE('',*,*,#4554,.T.);
#6171=ORIENTED_EDGE('',*,*,#4556,.F.);
#6172=ORIENTED_EDGE('',*,*,#4557,.F.);
#6173=ORIENTED_EDGE('',*,*,#4558,.F.);
#6174=ORIENTED_EDGE('',*,*,#4557,.T.);
#6175=ORIENTED_EDGE('',*,*,#4559,.F.);
#6176=ORIENTED_EDGE('',*,*,#4549,.F.);
#6177=ORIENTED_EDGE('',*,*,#4560,.F.);
#6178=ORIENTED_EDGE('',*,*,#4561,.T.);
#6179=ORIENTED_EDGE('',*,*,#4562,.F.);
#6180=ORIENTED_EDGE('',*,*,#4561,.F.);
#6181=ORIENTED_EDGE('',*,*,#4560,.T.);
#6182=ORIENTED_EDGE('',*,*,#4563,.F.);
#6183=ORIENTED_EDGE('',*,*,#4564,.T.);
#6184=ORIENTED_EDGE('',*,*,#4565,.F.);
#6185=ORIENTED_EDGE('',*,*,#4564,.F.);
#6186=ORIENTED_EDGE('',*,*,#4563,.T.);
#6187=ORIENTED_EDGE('',*,*,#4562,.T.);
#6188=ORIENTED_EDGE('',*,*,#4566,.F.);
#6189=ORIENTED_EDGE('',*,*,#4567,.T.);
#6190=ORIENTED_EDGE('',*,*,#4568,.F.);
#6191=ORIENTED_EDGE('',*,*,#4569,.F.);
#6192=ORIENTED_EDGE('',*,*,#4570,.F.);
#6193=ORIENTED_EDGE('',*,*,#4569,.T.);
#6194=ORIENTED_EDGE('',*,*,#4571,.F.);
#6195=ORIENTED_EDGE('',*,*,#4572,.F.);
#6196=ORIENTED_EDGE('',*,*,#4573,.F.);
#6197=ORIENTED_EDGE('',*,*,#4572,.T.);
#6198=ORIENTED_EDGE('',*,*,#4574,.F.);
#6199=ORIENTED_EDGE('',*,*,#4575,.F.);
#6200=ORIENTED_EDGE('',*,*,#4576,.F.);
#6201=ORIENTED_EDGE('',*,*,#4575,.T.);
#6202=ORIENTED_EDGE('',*,*,#4577,.F.);
#6203=ORIENTED_EDGE('',*,*,#4567,.F.);
#6204=ORIENTED_EDGE('',*,*,#4578,.F.);
#6205=ORIENTED_EDGE('',*,*,#4579,.T.);
#6206=ORIENTED_EDGE('',*,*,#4580,.F.);
#6207=ORIENTED_EDGE('',*,*,#4579,.F.);
#6208=ORIENTED_EDGE('',*,*,#4578,.T.);
#6209=ORIENTED_EDGE('',*,*,#4581,.F.);
#6210=ORIENTED_EDGE('',*,*,#4582,.T.);
#6211=ORIENTED_EDGE('',*,*,#4583,.F.);
#6212=ORIENTED_EDGE('',*,*,#4582,.F.);
#6213=ORIENTED_EDGE('',*,*,#4581,.T.);
#6214=ORIENTED_EDGE('',*,*,#4580,.T.);
#6215=ORIENTED_EDGE('',*,*,#4584,.F.);
#6216=ORIENTED_EDGE('',*,*,#4585,.T.);
#6217=ORIENTED_EDGE('',*,*,#4586,.F.);
#6218=ORIENTED_EDGE('',*,*,#4585,.F.);
#6219=ORIENTED_EDGE('',*,*,#4587,.F.);
#6220=ORIENTED_EDGE('',*,*,#4588,.T.);
#6221=ORIENTED_EDGE('',*,*,#4589,.F.);
#6222=ORIENTED_EDGE('',*,*,#4588,.F.);
#6223=ORIENTED_EDGE('',*,*,#4590,.F.);
#6224=ORIENTED_EDGE('',*,*,#4591,.T.);
#6225=ORIENTED_EDGE('',*,*,#4592,.F.);
#6226=ORIENTED_EDGE('',*,*,#4591,.F.);
#6227=ORIENTED_EDGE('',*,*,#4593,.F.);
#6228=ORIENTED_EDGE('',*,*,#4594,.T.);
#6229=ORIENTED_EDGE('',*,*,#4595,.F.);
#6230=ORIENTED_EDGE('',*,*,#4594,.F.);
#6231=ORIENTED_EDGE('',*,*,#4596,.F.);
#6232=ORIENTED_EDGE('',*,*,#4597,.T.);
#6233=ORIENTED_EDGE('',*,*,#4598,.F.);
#6234=ORIENTED_EDGE('',*,*,#4599,.F.);
#6235=ORIENTED_EDGE('',*,*,#4600,.F.);
#6236=ORIENTED_EDGE('',*,*,#4599,.T.);
#6237=ORIENTED_EDGE('',*,*,#4601,.F.);
#6238=ORIENTED_EDGE('',*,*,#4602,.F.);
#6239=ORIENTED_EDGE('',*,*,#4603,.F.);
#6240=ORIENTED_EDGE('',*,*,#4602,.T.);
#6241=ORIENTED_EDGE('',*,*,#4604,.F.);
#6242=ORIENTED_EDGE('',*,*,#4605,.F.);
#6243=ORIENTED_EDGE('',*,*,#4606,.F.);
#6244=ORIENTED_EDGE('',*,*,#4605,.T.);
#6245=ORIENTED_EDGE('',*,*,#4607,.F.);
#6246=ORIENTED_EDGE('',*,*,#4608,.F.);
#6247=ORIENTED_EDGE('',*,*,#4609,.F.);
#6248=ORIENTED_EDGE('',*,*,#4610,.T.);
#6249=ORIENTED_EDGE('',*,*,#4611,.F.);
#6250=ORIENTED_EDGE('',*,*,#4612,.F.);
#6251=ORIENTED_EDGE('',*,*,#4613,.F.);
#6252=ORIENTED_EDGE('',*,*,#4608,.T.);
#6253=ORIENTED_EDGE('',*,*,#4614,.F.);
#6254=ORIENTED_EDGE('',*,*,#4615,.F.);
#6255=ORIENTED_EDGE('',*,*,#4616,.F.);
#6256=ORIENTED_EDGE('',*,*,#4615,.T.);
#6257=ORIENTED_EDGE('',*,*,#4617,.F.);
#6258=ORIENTED_EDGE('',*,*,#4610,.F.);
#6259=ORIENTED_EDGE('',*,*,#4618,.F.);
#6260=ORIENTED_EDGE('',*,*,#4612,.T.);
#6261=ORIENTED_EDGE('',*,*,#4619,.F.);
#6262=ORIENTED_EDGE('',*,*,#4597,.F.);
#6263=ORIENTED_EDGE('',*,*,#4620,.F.);
#6264=ORIENTED_EDGE('',*,*,#4621,.T.);
#6265=ORIENTED_EDGE('',*,*,#4622,.F.);
#6266=ORIENTED_EDGE('',*,*,#4623,.F.);
#6267=ORIENTED_EDGE('',*,*,#4624,.F.);
#6268=ORIENTED_EDGE('',*,*,#4623,.T.);
#6269=ORIENTED_EDGE('',*,*,#4625,.F.);
#6270=ORIENTED_EDGE('',*,*,#4626,.F.);
#6271=ORIENTED_EDGE('',*,*,#4627,.F.);
#6272=ORIENTED_EDGE('',*,*,#4626,.T.);
#6273=ORIENTED_EDGE('',*,*,#4628,.F.);
#6274=ORIENTED_EDGE('',*,*,#4629,.F.);
#6275=ORIENTED_EDGE('',*,*,#4630,.F.);
#6276=ORIENTED_EDGE('',*,*,#4629,.T.);
#6277=ORIENTED_EDGE('',*,*,#4631,.F.);
#6278=ORIENTED_EDGE('',*,*,#4632,.F.);
#6279=ORIENTED_EDGE('',*,*,#4633,.F.);
#6280=ORIENTED_EDGE('',*,*,#4634,.T.);
#6281=ORIENTED_EDGE('',*,*,#4635,.F.);
#6282=ORIENTED_EDGE('',*,*,#4636,.F.);
#6283=ORIENTED_EDGE('',*,*,#4637,.F.);
#6284=ORIENTED_EDGE('',*,*,#4632,.T.);
#6285=ORIENTED_EDGE('',*,*,#4638,.F.);
#6286=ORIENTED_EDGE('',*,*,#4639,.F.);
#6287=ORIENTED_EDGE('',*,*,#4640,.F.);
#6288=ORIENTED_EDGE('',*,*,#4639,.T.);
#6289=ORIENTED_EDGE('',*,*,#4641,.F.);
#6290=ORIENTED_EDGE('',*,*,#4634,.F.);
#6291=ORIENTED_EDGE('',*,*,#4642,.F.);
#6292=ORIENTED_EDGE('',*,*,#4636,.T.);
#6293=ORIENTED_EDGE('',*,*,#4643,.F.);
#6294=ORIENTED_EDGE('',*,*,#4621,.F.);
#6295=ORIENTED_EDGE('',*,*,#4644,.T.);
#6296=ORIENTED_EDGE('',*,*,#4645,.F.);
#6297=ORIENTED_EDGE('',*,*,#4646,.F.);
#6298=ORIENTED_EDGE('',*,*,#4647,.F.);
#6299=ORIENTED_EDGE('',*,*,#4648,.T.);
#6300=ORIENTED_EDGE('',*,*,#4649,.T.);
#6301=ORIENTED_EDGE('',*,*,#4650,.T.);
#6302=ORIENTED_EDGE('',*,*,#4651,.T.);
#6303=ORIENTED_EDGE('',*,*,#4652,.T.);
#6304=ORIENTED_EDGE('',*,*,#4653,.T.);
#6305=ORIENTED_EDGE('',*,*,#4654,.T.);
#6306=ORIENTED_EDGE('',*,*,#4647,.T.);
#6307=ORIENTED_EDGE('',*,*,#4529,.T.);
#6308=ORIENTED_EDGE('',*,*,#4547,.T.);
#6309=ORIENTED_EDGE('',*,*,#4565,.T.);
#6310=ORIENTED_EDGE('',*,*,#4637,.T.);
#6311=ORIENTED_EDGE('',*,*,#4640,.T.);
#6312=ORIENTED_EDGE('',*,*,#4633,.T.);
#6313=ORIENTED_EDGE('',*,*,#4642,.T.);
#6314=ORIENTED_EDGE('',*,*,#4620,.T.);
#6315=ORIENTED_EDGE('',*,*,#4624,.T.);
#6316=ORIENTED_EDGE('',*,*,#4627,.T.);
#6317=ORIENTED_EDGE('',*,*,#4630,.T.);
#6318=ORIENTED_EDGE('',*,*,#4613,.T.);
#6319=ORIENTED_EDGE('',*,*,#4616,.T.);
#6320=ORIENTED_EDGE('',*,*,#4609,.T.);
#6321=ORIENTED_EDGE('',*,*,#4618,.T.);
#6322=ORIENTED_EDGE('',*,*,#4596,.T.);
#6323=ORIENTED_EDGE('',*,*,#4600,.T.);
#6324=ORIENTED_EDGE('',*,*,#4603,.T.);
#6325=ORIENTED_EDGE('',*,*,#4606,.T.);
#6326=ORIENTED_EDGE('',*,*,#4595,.T.);
#6327=ORIENTED_EDGE('',*,*,#4592,.T.);
#6328=ORIENTED_EDGE('',*,*,#4589,.T.);
#6329=ORIENTED_EDGE('',*,*,#4586,.T.);
#6330=ORIENTED_EDGE('',*,*,#4583,.T.);
#6331=ORIENTED_EDGE('',*,*,#4573,.T.);
#6332=ORIENTED_EDGE('',*,*,#4576,.T.);
#6333=ORIENTED_EDGE('',*,*,#4566,.T.);
#6334=ORIENTED_EDGE('',*,*,#4570,.T.);
#6335=ORIENTED_EDGE('',*,*,#4555,.T.);
#6336=ORIENTED_EDGE('',*,*,#4558,.T.);
#6337=ORIENTED_EDGE('',*,*,#4548,.T.);
#6338=ORIENTED_EDGE('',*,*,#4552,.T.);
#6339=ORIENTED_EDGE('',*,*,#4537,.T.);
#6340=ORIENTED_EDGE('',*,*,#4540,.T.);
#6341=ORIENTED_EDGE('',*,*,#4530,.T.);
#6342=ORIENTED_EDGE('',*,*,#4534,.T.);
#6343=ORIENTED_EDGE('',*,*,#4519,.T.);
#6344=ORIENTED_EDGE('',*,*,#4522,.T.);
#6345=ORIENTED_EDGE('',*,*,#4512,.T.);
#6346=ORIENTED_EDGE('',*,*,#4516,.T.);
#6347=ORIENTED_EDGE('',*,*,#4655,.T.);
#6348=ORIENTED_EDGE('',*,*,#4656,.F.);
#6349=ORIENTED_EDGE('',*,*,#4657,.F.);
#6350=ORIENTED_EDGE('',*,*,#4653,.F.);
#6351=ORIENTED_EDGE('',*,*,#4658,.F.);
#6352=ORIENTED_EDGE('',*,*,#4649,.F.);
#6353=ORIENTED_EDGE('',*,*,#4659,.T.);
#6354=ORIENTED_EDGE('',*,*,#4660,.F.);
#6355=ORIENTED_EDGE('',*,*,#4661,.T.);
#6356=ORIENTED_EDGE('',*,*,#4656,.T.);
#6357=ORIENTED_EDGE('',*,*,#4662,.T.);
#6358=ORIENTED_EDGE('',*,*,#4663,.T.);
#6359=ORIENTED_EDGE('',*,*,#4664,.T.);
#6360=ORIENTED_EDGE('',*,*,#4660,.T.);
#6361=ORIENTED_EDGE('',*,*,#4665,.T.);
#6362=ORIENTED_EDGE('',*,*,#4645,.T.);
#6363=ORIENTED_EDGE('',*,*,#4538,.T.);
#6364=ORIENTED_EDGE('',*,*,#4535,.T.);
#6365=ORIENTED_EDGE('',*,*,#4532,.T.);
#6366=ORIENTED_EDGE('',*,*,#4541,.T.);
#6367=ORIENTED_EDGE('',*,*,#4638,.T.);
#6368=ORIENTED_EDGE('',*,*,#4631,.T.);
#6369=ORIENTED_EDGE('',*,*,#4628,.T.);
#6370=ORIENTED_EDGE('',*,*,#4625,.T.);
#6371=ORIENTED_EDGE('',*,*,#4622,.T.);
#6372=ORIENTED_EDGE('',*,*,#4643,.T.);
#6373=ORIENTED_EDGE('',*,*,#4635,.T.);
#6374=ORIENTED_EDGE('',*,*,#4641,.T.);
#6375=ORIENTED_EDGE('',*,*,#4614,.T.);
#6376=ORIENTED_EDGE('',*,*,#4607,.T.);
#6377=ORIENTED_EDGE('',*,*,#4604,.T.);
#6378=ORIENTED_EDGE('',*,*,#4601,.T.);
#6379=ORIENTED_EDGE('',*,*,#4598,.T.);
#6380=ORIENTED_EDGE('',*,*,#4619,.T.);
#6381=ORIENTED_EDGE('',*,*,#4611,.T.);
#6382=ORIENTED_EDGE('',*,*,#4617,.T.);
#6383=ORIENTED_EDGE('',*,*,#4593,.T.);
#6384=ORIENTED_EDGE('',*,*,#4590,.T.);
#6385=ORIENTED_EDGE('',*,*,#4587,.T.);
#6386=ORIENTED_EDGE('',*,*,#4584,.T.);
#6387=ORIENTED_EDGE('',*,*,#4574,.T.);
#6388=ORIENTED_EDGE('',*,*,#4571,.T.);
#6389=ORIENTED_EDGE('',*,*,#4568,.T.);
#6390=ORIENTED_EDGE('',*,*,#4577,.T.);
#6391=ORIENTED_EDGE('',*,*,#4556,.T.);
#6392=ORIENTED_EDGE('',*,*,#4553,.T.);
#6393=ORIENTED_EDGE('',*,*,#4550,.T.);
#6394=ORIENTED_EDGE('',*,*,#4559,.T.);
#6395=ORIENTED_EDGE('',*,*,#4520,.T.);
#6396=ORIENTED_EDGE('',*,*,#4517,.T.);
#6397=ORIENTED_EDGE('',*,*,#4514,.T.);
#6398=ORIENTED_EDGE('',*,*,#4523,.T.);
#6399=ORIENTED_EDGE('',*,*,#4666,.F.);
#6400=ORIENTED_EDGE('',*,*,#4651,.F.);
#6401=ORIENTED_EDGE('',*,*,#4667,.T.);
#6402=ORIENTED_EDGE('',*,*,#4663,.F.);
#6403=ORIENTED_EDGE('',*,*,#4658,.T.);
#6404=ORIENTED_EDGE('',*,*,#4664,.F.);
#6405=ORIENTED_EDGE('',*,*,#4667,.F.);
#6406=ORIENTED_EDGE('',*,*,#4650,.F.);
#6407=ORIENTED_EDGE('',*,*,#4657,.T.);
#6408=ORIENTED_EDGE('',*,*,#4661,.F.);
#6409=ORIENTED_EDGE('',*,*,#4644,.F.);
#6410=ORIENTED_EDGE('',*,*,#4654,.F.);
#6411=ORIENTED_EDGE('',*,*,#4666,.T.);
#6412=ORIENTED_EDGE('',*,*,#4662,.F.);
#6413=ORIENTED_EDGE('',*,*,#4655,.F.);
#6414=ORIENTED_EDGE('',*,*,#4652,.F.);
#6415=ORIENTED_EDGE('',*,*,#4646,.T.);
#6416=ORIENTED_EDGE('',*,*,#4665,.F.);
#6417=ORIENTED_EDGE('',*,*,#4659,.F.);
#6418=ORIENTED_EDGE('',*,*,#4648,.F.);
#6419=ORIENTED_EDGE('',*,*,#4668,.F.);
#6420=ORIENTED_EDGE('',*,*,#4669,.F.);
#6421=ORIENTED_EDGE('',*,*,#4670,.F.);
#6422=ORIENTED_EDGE('',*,*,#4671,.T.);
#6423=ORIENTED_EDGE('',*,*,#4672,.F.);
#6424=ORIENTED_EDGE('',*,*,#4671,.F.);
#6425=ORIENTED_EDGE('',*,*,#4673,.F.);
#6426=ORIENTED_EDGE('',*,*,#4674,.T.);
#6427=ORIENTED_EDGE('',*,*,#4675,.F.);
#6428=ORIENTED_EDGE('',*,*,#4674,.F.);
#6429=ORIENTED_EDGE('',*,*,#4676,.F.);
#6430=ORIENTED_EDGE('',*,*,#4677,.T.);
#6431=ORIENTED_EDGE('',*,*,#4678,.F.);
#6432=ORIENTED_EDGE('',*,*,#4677,.F.);
#6433=ORIENTED_EDGE('',*,*,#4679,.F.);
#6434=ORIENTED_EDGE('',*,*,#4669,.T.);
#6435=ORIENTED_EDGE('',*,*,#4680,.F.);
#6436=ORIENTED_EDGE('',*,*,#4681,.F.);
#6437=ORIENTED_EDGE('',*,*,#4682,.F.);
#6438=ORIENTED_EDGE('',*,*,#4683,.T.);
#6439=ORIENTED_EDGE('',*,*,#4684,.F.);
#6440=ORIENTED_EDGE('',*,*,#4683,.F.);
#6441=ORIENTED_EDGE('',*,*,#4685,.F.);
#6442=ORIENTED_EDGE('',*,*,#4686,.T.);
#6443=ORIENTED_EDGE('',*,*,#4687,.F.);
#6444=ORIENTED_EDGE('',*,*,#4686,.F.);
#6445=ORIENTED_EDGE('',*,*,#4688,.F.);
#6446=ORIENTED_EDGE('',*,*,#4689,.T.);
#6447=ORIENTED_EDGE('',*,*,#4690,.F.);
#6448=ORIENTED_EDGE('',*,*,#4689,.F.);
#6449=ORIENTED_EDGE('',*,*,#4691,.F.);
#6450=ORIENTED_EDGE('',*,*,#4681,.T.);
#6451=ORIENTED_EDGE('',*,*,#4692,.F.);
#6452=ORIENTED_EDGE('',*,*,#4693,.F.);
#6453=ORIENTED_EDGE('',*,*,#4694,.F.);
#6454=ORIENTED_EDGE('',*,*,#4695,.T.);
#6455=ORIENTED_EDGE('',*,*,#4696,.F.);
#6456=ORIENTED_EDGE('',*,*,#4695,.F.);
#6457=ORIENTED_EDGE('',*,*,#4697,.F.);
#6458=ORIENTED_EDGE('',*,*,#4698,.T.);
#6459=ORIENTED_EDGE('',*,*,#4699,.F.);
#6460=ORIENTED_EDGE('',*,*,#4698,.F.);
#6461=ORIENTED_EDGE('',*,*,#4700,.F.);
#6462=ORIENTED_EDGE('',*,*,#4701,.T.);
#6463=ORIENTED_EDGE('',*,*,#4702,.F.);
#6464=ORIENTED_EDGE('',*,*,#4701,.F.);
#6465=ORIENTED_EDGE('',*,*,#4703,.F.);
#6466=ORIENTED_EDGE('',*,*,#4693,.T.);
#6467=ORIENTED_EDGE('',*,*,#4704,.F.);
#6468=ORIENTED_EDGE('',*,*,#4705,.F.);
#6469=ORIENTED_EDGE('',*,*,#4706,.F.);
#6470=ORIENTED_EDGE('',*,*,#4707,.T.);
#6471=ORIENTED_EDGE('',*,*,#4708,.F.);
#6472=ORIENTED_EDGE('',*,*,#4707,.F.);
#6473=ORIENTED_EDGE('',*,*,#4709,.F.);
#6474=ORIENTED_EDGE('',*,*,#4710,.T.);
#6475=ORIENTED_EDGE('',*,*,#4711,.F.);
#6476=ORIENTED_EDGE('',*,*,#4710,.F.);
#6477=ORIENTED_EDGE('',*,*,#4712,.F.);
#6478=ORIENTED_EDGE('',*,*,#4713,.T.);
#6479=ORIENTED_EDGE('',*,*,#4714,.F.);
#6480=ORIENTED_EDGE('',*,*,#4713,.F.);
#6481=ORIENTED_EDGE('',*,*,#4715,.F.);
#6482=ORIENTED_EDGE('',*,*,#4705,.T.);
#6483=ORIENTED_EDGE('',*,*,#4716,.T.);
#6484=ORIENTED_EDGE('',*,*,#4717,.T.);
#6485=ORIENTED_EDGE('',*,*,#4718,.F.);
#6486=ORIENTED_EDGE('',*,*,#4717,.F.);
#6487=ORIENTED_EDGE('',*,*,#4716,.F.);
#6488=ORIENTED_EDGE('',*,*,#4719,.F.);
#6489=ORIENTED_EDGE('',*,*,#4720,.F.);
#6490=ORIENTED_EDGE('',*,*,#4721,.T.);
#6491=ORIENTED_EDGE('',*,*,#4719,.T.);
#6492=ORIENTED_EDGE('',*,*,#4721,.F.);
#6493=ORIENTED_EDGE('',*,*,#4722,.F.);
#6494=ORIENTED_EDGE('',*,*,#4723,.T.);
#6495=ORIENTED_EDGE('',*,*,#4724,.F.);
#6496=ORIENTED_EDGE('',*,*,#4723,.F.);
#6497=ORIENTED_EDGE('',*,*,#4724,.T.);
#6498=ORIENTED_EDGE('',*,*,#4720,.T.);
#6499=ORIENTED_EDGE('',*,*,#4725,.T.);
#6500=ORIENTED_EDGE('',*,*,#4726,.T.);
#6501=ORIENTED_EDGE('',*,*,#4727,.F.);
#6502=ORIENTED_EDGE('',*,*,#4726,.F.);
#6503=ORIENTED_EDGE('',*,*,#4725,.F.);
#6504=ORIENTED_EDGE('',*,*,#4728,.F.);
#6505=ORIENTED_EDGE('',*,*,#4729,.F.);
#6506=ORIENTED_EDGE('',*,*,#4730,.T.);
#6507=ORIENTED_EDGE('',*,*,#4728,.T.);
#6508=ORIENTED_EDGE('',*,*,#4730,.F.);
#6509=ORIENTED_EDGE('',*,*,#4731,.F.);
#6510=ORIENTED_EDGE('',*,*,#4732,.T.);
#6511=ORIENTED_EDGE('',*,*,#4733,.F.);
#6512=ORIENTED_EDGE('',*,*,#4732,.F.);
#6513=ORIENTED_EDGE('',*,*,#4733,.T.);
#6514=ORIENTED_EDGE('',*,*,#4729,.T.);
#6515=ORIENTED_EDGE('',*,*,#4734,.T.);
#6516=ORIENTED_EDGE('',*,*,#4735,.T.);
#6517=ORIENTED_EDGE('',*,*,#4736,.F.);
#6518=ORIENTED_EDGE('',*,*,#4735,.F.);
#6519=ORIENTED_EDGE('',*,*,#4734,.F.);
#6520=ORIENTED_EDGE('',*,*,#4737,.F.);
#6521=ORIENTED_EDGE('',*,*,#4738,.F.);
#6522=ORIENTED_EDGE('',*,*,#4739,.T.);
#6523=ORIENTED_EDGE('',*,*,#4737,.T.);
#6524=ORIENTED_EDGE('',*,*,#4739,.F.);
#6525=ORIENTED_EDGE('',*,*,#4740,.F.);
#6526=ORIENTED_EDGE('',*,*,#4741,.T.);
#6527=ORIENTED_EDGE('',*,*,#4742,.F.);
#6528=ORIENTED_EDGE('',*,*,#4741,.F.);
#6529=ORIENTED_EDGE('',*,*,#4742,.T.);
#6530=ORIENTED_EDGE('',*,*,#4738,.T.);
#6531=ORIENTED_EDGE('',*,*,#4743,.T.);
#6532=ORIENTED_EDGE('',*,*,#4744,.T.);
#6533=ORIENTED_EDGE('',*,*,#4745,.F.);
#6534=ORIENTED_EDGE('',*,*,#4744,.F.);
#6535=ORIENTED_EDGE('',*,*,#4743,.F.);
#6536=ORIENTED_EDGE('',*,*,#4746,.F.);
#6537=ORIENTED_EDGE('',*,*,#4747,.F.);
#6538=ORIENTED_EDGE('',*,*,#4748,.T.);
#6539=ORIENTED_EDGE('',*,*,#4746,.T.);
#6540=ORIENTED_EDGE('',*,*,#4748,.F.);
#6541=ORIENTED_EDGE('',*,*,#4749,.F.);
#6542=ORIENTED_EDGE('',*,*,#4750,.T.);
#6543=ORIENTED_EDGE('',*,*,#4751,.F.);
#6544=ORIENTED_EDGE('',*,*,#4750,.F.);
#6545=ORIENTED_EDGE('',*,*,#4751,.T.);
#6546=ORIENTED_EDGE('',*,*,#4747,.T.);
#6547=ORIENTED_EDGE('',*,*,#4752,.F.);
#6548=ORIENTED_EDGE('',*,*,#4753,.F.);
#6549=ORIENTED_EDGE('',*,*,#4754,.F.);
#6550=ORIENTED_EDGE('',*,*,#4755,.F.);
#6551=ORIENTED_EDGE('',*,*,#4756,.F.);
#6552=ORIENTED_EDGE('',*,*,#4755,.T.);
#6553=ORIENTED_EDGE('',*,*,#4757,.F.);
#6554=ORIENTED_EDGE('',*,*,#4758,.T.);
#6555=ORIENTED_EDGE('',*,*,#4759,.F.);
#6556=ORIENTED_EDGE('',*,*,#4758,.F.);
#6557=ORIENTED_EDGE('',*,*,#4760,.F.);
#6558=ORIENTED_EDGE('',*,*,#4761,.F.);
#6559=ORIENTED_EDGE('',*,*,#4762,.F.);
#6560=ORIENTED_EDGE('',*,*,#4761,.T.);
#6561=ORIENTED_EDGE('',*,*,#4763,.F.);
#6562=ORIENTED_EDGE('',*,*,#4753,.T.);
#6563=ORIENTED_EDGE('',*,*,#4764,.F.);
#6564=ORIENTED_EDGE('',*,*,#4765,.F.);
#6565=ORIENTED_EDGE('',*,*,#4766,.F.);
#6566=ORIENTED_EDGE('',*,*,#4767,.F.);
#6567=ORIENTED_EDGE('',*,*,#4768,.F.);
#6568=ORIENTED_EDGE('',*,*,#4767,.T.);
#6569=ORIENTED_EDGE('',*,*,#4769,.F.);
#6570=ORIENTED_EDGE('',*,*,#4770,.T.);
#6571=ORIENTED_EDGE('',*,*,#4771,.F.);
#6572=ORIENTED_EDGE('',*,*,#4770,.F.);
#6573=ORIENTED_EDGE('',*,*,#4772,.F.);
#6574=ORIENTED_EDGE('',*,*,#4773,.F.);
#6575=ORIENTED_EDGE('',*,*,#4774,.F.);
#6576=ORIENTED_EDGE('',*,*,#4773,.T.);
#6577=ORIENTED_EDGE('',*,*,#4775,.F.);
#6578=ORIENTED_EDGE('',*,*,#4765,.T.);
#6579=ORIENTED_EDGE('',*,*,#4776,.F.);
#6580=ORIENTED_EDGE('',*,*,#4777,.T.);
#6581=ORIENTED_EDGE('',*,*,#4778,.F.);
#6582=ORIENTED_EDGE('',*,*,#4779,.F.);
#6583=ORIENTED_EDGE('',*,*,#4780,.F.);
#6584=ORIENTED_EDGE('',*,*,#4781,.F.);
#6585=ORIENTED_EDGE('',*,*,#4782,.F.);
#6586=ORIENTED_EDGE('',*,*,#4783,.T.);
#6587=ORIENTED_EDGE('',*,*,#4784,.F.);
#6588=ORIENTED_EDGE('',*,*,#4785,.T.);
#6589=ORIENTED_EDGE('',*,*,#4786,.F.);
#6590=ORIENTED_EDGE('',*,*,#4787,.F.);
#6591=ORIENTED_EDGE('',*,*,#4788,.F.);
#6592=ORIENTED_EDGE('',*,*,#4789,.F.);
#6593=ORIENTED_EDGE('',*,*,#4783,.F.);
#6594=ORIENTED_EDGE('',*,*,#4790,.F.);
#6595=ORIENTED_EDGE('',*,*,#4791,.F.);
#6596=ORIENTED_EDGE('',*,*,#4777,.F.);
#6597=ORIENTED_EDGE('',*,*,#4792,.F.);
#6598=ORIENTED_EDGE('',*,*,#4793,.F.);
#6599=ORIENTED_EDGE('',*,*,#4794,.F.);
#6600=ORIENTED_EDGE('',*,*,#4795,.F.);
#6601=ORIENTED_EDGE('',*,*,#4796,.F.);
#6602=ORIENTED_EDGE('',*,*,#4785,.F.);
#6603=ORIENTED_EDGE('',*,*,#4797,.F.);
#6604=ORIENTED_EDGE('',*,*,#4798,.F.);
#6605=ORIENTED_EDGE('',*,*,#4799,.F.);
#6606=ORIENTED_EDGE('',*,*,#4794,.T.);
#6607=ORIENTED_EDGE('',*,*,#4792,.T.);
#6608=ORIENTED_EDGE('',*,*,#4784,.T.);
#6609=ORIENTED_EDGE('',*,*,#4800,.F.);
#6610=ORIENTED_EDGE('',*,*,#4801,.F.);
#6611=ORIENTED_EDGE('',*,*,#4802,.T.);
#6612=ORIENTED_EDGE('',*,*,#4803,.T.);
#6613=ORIENTED_EDGE('',*,*,#4786,.T.);
#6614=ORIENTED_EDGE('',*,*,#4796,.T.);
#6615=ORIENTED_EDGE('',*,*,#4804,.F.);
#6616=ORIENTED_EDGE('',*,*,#4805,.F.);
#6617=ORIENTED_EDGE('',*,*,#4806,.T.);
#6618=ORIENTED_EDGE('',*,*,#4807,.F.);
#6619=ORIENTED_EDGE('',*,*,#4788,.T.);
#6620=ORIENTED_EDGE('',*,*,#4776,.T.);
#6621=ORIENTED_EDGE('',*,*,#4808,.F.);
#6622=ORIENTED_EDGE('',*,*,#4809,.T.);
#6623=ORIENTED_EDGE('',*,*,#4810,.T.);
#6624=ORIENTED_EDGE('',*,*,#4811,.F.);
#6625=ORIENTED_EDGE('',*,*,#4812,.T.);
#6626=ORIENTED_EDGE('',*,*,#4813,.T.);
#6627=ORIENTED_EDGE('',*,*,#4759,.T.);
#6628=ORIENTED_EDGE('',*,*,#4762,.T.);
#6629=ORIENTED_EDGE('',*,*,#4752,.T.);
#6630=ORIENTED_EDGE('',*,*,#4756,.T.);
#6631=ORIENTED_EDGE('',*,*,#4779,.T.);
#6632=ORIENTED_EDGE('',*,*,#4814,.T.);
#6633=ORIENTED_EDGE('',*,*,#4815,.T.);
#6634=ORIENTED_EDGE('',*,*,#4808,.T.);
#6635=ORIENTED_EDGE('',*,*,#4798,.T.);
#6636=ORIENTED_EDGE('',*,*,#4816,.T.);
#6637=ORIENTED_EDGE('',*,*,#4817,.T.);
#6638=ORIENTED_EDGE('',*,*,#4818,.T.);
#6639=ORIENTED_EDGE('',*,*,#4787,.T.);
#6640=ORIENTED_EDGE('',*,*,#4807,.T.);
#6641=ORIENTED_EDGE('',*,*,#4819,.T.);
#6642=ORIENTED_EDGE('',*,*,#4820,.T.);
#6643=ORIENTED_EDGE('',*,*,#4781,.T.);
#6644=ORIENTED_EDGE('',*,*,#4821,.T.);
#6645=ORIENTED_EDGE('',*,*,#4822,.T.);
#6646=ORIENTED_EDGE('',*,*,#4800,.T.);
#6647=ORIENTED_EDGE('',*,*,#4778,.T.);
#6648=ORIENTED_EDGE('',*,*,#4791,.T.);
#6649=ORIENTED_EDGE('',*,*,#4823,.F.);
#6650=ORIENTED_EDGE('',*,*,#4824,.F.);
#6651=ORIENTED_EDGE('',*,*,#4825,.T.);
#6652=ORIENTED_EDGE('',*,*,#4826,.T.);
#6653=ORIENTED_EDGE('',*,*,#4827,.T.);
#6654=ORIENTED_EDGE('',*,*,#4814,.F.);
#6655=ORIENTED_EDGE('',*,*,#4760,.T.);
#6656=ORIENTED_EDGE('',*,*,#4757,.T.);
#6657=ORIENTED_EDGE('',*,*,#4754,.T.);
#6658=ORIENTED_EDGE('',*,*,#4763,.T.);
#6659=ORIENTED_EDGE('',*,*,#4828,.F.);
#6660=ORIENTED_EDGE('',*,*,#4829,.T.);
#6661=ORIENTED_EDGE('',*,*,#4830,.F.);
#6662=ORIENTED_EDGE('',*,*,#4817,.F.);
#6663=ORIENTED_EDGE('',*,*,#4831,.F.);
#6664=ORIENTED_EDGE('',*,*,#4832,.F.);
#6665=ORIENTED_EDGE('',*,*,#4833,.F.);
#6666=ORIENTED_EDGE('',*,*,#4834,.T.);
#6667=ORIENTED_EDGE('',*,*,#4835,.F.);
#6668=ORIENTED_EDGE('',*,*,#4836,.T.);
#6669=ORIENTED_EDGE('',*,*,#4837,.F.);
#6670=ORIENTED_EDGE('',*,*,#4838,.F.);
#6671=ORIENTED_EDGE('',*,*,#4839,.F.);
#6672=ORIENTED_EDGE('',*,*,#4840,.F.);
#6673=ORIENTED_EDGE('',*,*,#4834,.F.);
#6674=ORIENTED_EDGE('',*,*,#4841,.F.);
#6675=ORIENTED_EDGE('',*,*,#4842,.F.);
#6676=ORIENTED_EDGE('',*,*,#4829,.F.);
#6677=ORIENTED_EDGE('',*,*,#4810,.F.);
#6678=ORIENTED_EDGE('',*,*,#4843,.F.);
#6679=ORIENTED_EDGE('',*,*,#4826,.F.);
#6680=ORIENTED_EDGE('',*,*,#4844,.F.);
#6681=ORIENTED_EDGE('',*,*,#4836,.F.);
#6682=ORIENTED_EDGE('',*,*,#4845,.F.);
#6683=ORIENTED_EDGE('',*,*,#4809,.F.);
#6684=ORIENTED_EDGE('',*,*,#4815,.F.);
#6685=ORIENTED_EDGE('',*,*,#4827,.F.);
#6686=ORIENTED_EDGE('',*,*,#4843,.T.);
#6687=ORIENTED_EDGE('',*,*,#4845,.T.);
#6688=ORIENTED_EDGE('',*,*,#4835,.T.);
#6689=ORIENTED_EDGE('',*,*,#4846,.F.);
#6690=ORIENTED_EDGE('',*,*,#4847,.F.);
#6691=ORIENTED_EDGE('',*,*,#4848,.T.);
#6692=ORIENTED_EDGE('',*,*,#4811,.T.);
#6693=ORIENTED_EDGE('',*,*,#4837,.T.);
#6694=ORIENTED_EDGE('',*,*,#4844,.T.);
#6695=ORIENTED_EDGE('',*,*,#4825,.F.);
#6696=ORIENTED_EDGE('',*,*,#4849,.F.);
#6697=ORIENTED_EDGE('',*,*,#4850,.T.);
#6698=ORIENTED_EDGE('',*,*,#4851,.F.);
#6699=ORIENTED_EDGE('',*,*,#4793,.T.);
#6700=ORIENTED_EDGE('',*,*,#4803,.F.);
#6701=ORIENTED_EDGE('',*,*,#4852,.T.);
#6702=ORIENTED_EDGE('',*,*,#4853,.T.);
#6703=ORIENTED_EDGE('',*,*,#4839,.T.);
#6704=ORIENTED_EDGE('',*,*,#4828,.T.);
#6705=ORIENTED_EDGE('',*,*,#4816,.F.);
#6706=ORIENTED_EDGE('',*,*,#4797,.T.);
#6707=ORIENTED_EDGE('',*,*,#4771,.T.);
#6708=ORIENTED_EDGE('',*,*,#4774,.T.);
#6709=ORIENTED_EDGE('',*,*,#4764,.T.);
#6710=ORIENTED_EDGE('',*,*,#4768,.T.);
#6711=ORIENTED_EDGE('',*,*,#4838,.T.);
#6712=ORIENTED_EDGE('',*,*,#4851,.T.);
#6713=ORIENTED_EDGE('',*,*,#4854,.T.);
#6714=ORIENTED_EDGE('',*,*,#4855,.T.);
#6715=ORIENTED_EDGE('',*,*,#4832,.T.);
#6716=ORIENTED_EDGE('',*,*,#4856,.T.);
#6717=ORIENTED_EDGE('',*,*,#4857,.T.);
#6718=ORIENTED_EDGE('',*,*,#4846,.T.);
#6719=ORIENTED_EDGE('',*,*,#4799,.T.);
#6720=ORIENTED_EDGE('',*,*,#4818,.F.);
#6721=ORIENTED_EDGE('',*,*,#4830,.T.);
#6722=ORIENTED_EDGE('',*,*,#4842,.T.);
#6723=ORIENTED_EDGE('',*,*,#4858,.F.);
#6724=ORIENTED_EDGE('',*,*,#4859,.F.);
#6725=ORIENTED_EDGE('',*,*,#4804,.T.);
#6726=ORIENTED_EDGE('',*,*,#4795,.T.);
#6727=ORIENTED_EDGE('',*,*,#4772,.T.);
#6728=ORIENTED_EDGE('',*,*,#4769,.T.);
#6729=ORIENTED_EDGE('',*,*,#4766,.T.);
#6730=ORIENTED_EDGE('',*,*,#4775,.T.);
#6731=ORIENTED_EDGE('',*,*,#4789,.T.);
#6732=ORIENTED_EDGE('',*,*,#4813,.F.);
#6733=ORIENTED_EDGE('',*,*,#4860,.T.);
#6734=ORIENTED_EDGE('',*,*,#4861,.T.);
#6735=ORIENTED_EDGE('',*,*,#4821,.F.);
#6736=ORIENTED_EDGE('',*,*,#4780,.T.);
#6737=ORIENTED_EDGE('',*,*,#4822,.F.);
#6738=ORIENTED_EDGE('',*,*,#4861,.F.);
#6739=ORIENTED_EDGE('',*,*,#4862,.T.);
#6740=ORIENTED_EDGE('',*,*,#4801,.T.);
#6741=ORIENTED_EDGE('',*,*,#4862,.F.);
#6742=ORIENTED_EDGE('',*,*,#4860,.F.);
#6743=ORIENTED_EDGE('',*,*,#4812,.F.);
#6744=ORIENTED_EDGE('',*,*,#4848,.F.);
#6745=ORIENTED_EDGE('',*,*,#4863,.F.);
#6746=ORIENTED_EDGE('',*,*,#4864,.F.);
#6747=ORIENTED_EDGE('',*,*,#4852,.F.);
#6748=ORIENTED_EDGE('',*,*,#4802,.F.);
#6749=ORIENTED_EDGE('',*,*,#4749,.T.);
#6750=ORIENTED_EDGE('',*,*,#4740,.T.);
#6751=ORIENTED_EDGE('',*,*,#4731,.T.);
#6752=ORIENTED_EDGE('',*,*,#4722,.T.);
#6753=ORIENTED_EDGE('',*,*,#4711,.T.);
#6754=ORIENTED_EDGE('',*,*,#4714,.T.);
#6755=ORIENTED_EDGE('',*,*,#4704,.T.);
#6756=ORIENTED_EDGE('',*,*,#4708,.T.);
#6757=ORIENTED_EDGE('',*,*,#4699,.T.);
#6758=ORIENTED_EDGE('',*,*,#4702,.T.);
#6759=ORIENTED_EDGE('',*,*,#4692,.T.);
#6760=ORIENTED_EDGE('',*,*,#4696,.T.);
#6761=ORIENTED_EDGE('',*,*,#4687,.T.);
#6762=ORIENTED_EDGE('',*,*,#4690,.T.);
#6763=ORIENTED_EDGE('',*,*,#4680,.T.);
#6764=ORIENTED_EDGE('',*,*,#4684,.T.);
#6765=ORIENTED_EDGE('',*,*,#4675,.T.);
#6766=ORIENTED_EDGE('',*,*,#4678,.T.);
#6767=ORIENTED_EDGE('',*,*,#4668,.T.);
#6768=ORIENTED_EDGE('',*,*,#4672,.T.);
#6769=ORIENTED_EDGE('',*,*,#4840,.T.);
#6770=ORIENTED_EDGE('',*,*,#4853,.F.);
#6771=ORIENTED_EDGE('',*,*,#4864,.T.);
#6772=ORIENTED_EDGE('',*,*,#4865,.T.);
#6773=ORIENTED_EDGE('',*,*,#4856,.F.);
#6774=ORIENTED_EDGE('',*,*,#4831,.T.);
#6775=ORIENTED_EDGE('',*,*,#4857,.F.);
#6776=ORIENTED_EDGE('',*,*,#4865,.F.);
#6777=ORIENTED_EDGE('',*,*,#4863,.T.);
#6778=ORIENTED_EDGE('',*,*,#4847,.T.);
#6779=ORIENTED_EDGE('',*,*,#4782,.T.);
#6780=ORIENTED_EDGE('',*,*,#4820,.F.);
#6781=ORIENTED_EDGE('',*,*,#4866,.F.);
#6782=ORIENTED_EDGE('',*,*,#4867,.F.);
#6783=ORIENTED_EDGE('',*,*,#4823,.T.);
#6784=ORIENTED_EDGE('',*,*,#4790,.T.);
#6785=ORIENTED_EDGE('',*,*,#4868,.T.);
#6786=ORIENTED_EDGE('',*,*,#4805,.T.);
#6787=ORIENTED_EDGE('',*,*,#4859,.T.);
#6788=ORIENTED_EDGE('',*,*,#4869,.T.);
#6789=ORIENTED_EDGE('',*,*,#4870,.T.);
#6790=ORIENTED_EDGE('',*,*,#4849,.T.);
#6791=ORIENTED_EDGE('',*,*,#4824,.T.);
#6792=ORIENTED_EDGE('',*,*,#4867,.T.);
#6793=ORIENTED_EDGE('',*,*,#4745,.T.);
#6794=ORIENTED_EDGE('',*,*,#4736,.T.);
#6795=ORIENTED_EDGE('',*,*,#4727,.T.);
#6796=ORIENTED_EDGE('',*,*,#4718,.T.);
#6797=ORIENTED_EDGE('',*,*,#4712,.T.);
#6798=ORIENTED_EDGE('',*,*,#4709,.T.);
#6799=ORIENTED_EDGE('',*,*,#4706,.T.);
#6800=ORIENTED_EDGE('',*,*,#4715,.T.);
#6801=ORIENTED_EDGE('',*,*,#4700,.T.);
#6802=ORIENTED_EDGE('',*,*,#4697,.T.);
#6803=ORIENTED_EDGE('',*,*,#4694,.T.);
#6804=ORIENTED_EDGE('',*,*,#4703,.T.);
#6805=ORIENTED_EDGE('',*,*,#4688,.T.);
#6806=ORIENTED_EDGE('',*,*,#4685,.T.);
#6807=ORIENTED_EDGE('',*,*,#4682,.T.);
#6808=ORIENTED_EDGE('',*,*,#4691,.T.);
#6809=ORIENTED_EDGE('',*,*,#4676,.T.);
#6810=ORIENTED_EDGE('',*,*,#4673,.T.);
#6811=ORIENTED_EDGE('',*,*,#4670,.T.);
#6812=ORIENTED_EDGE('',*,*,#4679,.T.);
#6813=ORIENTED_EDGE('',*,*,#4833,.T.);
#6814=ORIENTED_EDGE('',*,*,#4855,.F.);
#6815=ORIENTED_EDGE('',*,*,#4871,.F.);
#6816=ORIENTED_EDGE('',*,*,#4869,.F.);
#6817=ORIENTED_EDGE('',*,*,#4858,.T.);
#6818=ORIENTED_EDGE('',*,*,#4841,.T.);
#6819=ORIENTED_EDGE('',*,*,#4871,.T.);
#6820=ORIENTED_EDGE('',*,*,#4854,.F.);
#6821=ORIENTED_EDGE('',*,*,#4850,.F.);
#6822=ORIENTED_EDGE('',*,*,#4870,.F.);
#6823=ORIENTED_EDGE('',*,*,#4866,.T.);
#6824=ORIENTED_EDGE('',*,*,#4819,.F.);
#6825=ORIENTED_EDGE('',*,*,#4806,.F.);
#6826=ORIENTED_EDGE('',*,*,#4868,.F.);
#6827=ORIENTED_EDGE('',*,*,#4872,.F.);
#6828=ORIENTED_EDGE('',*,*,#4873,.T.);
#6829=ORIENTED_EDGE('',*,*,#4874,.F.);
#6830=ORIENTED_EDGE('',*,*,#4873,.F.);
#6831=ORIENTED_EDGE('',*,*,#4872,.T.);
#6832=ORIENTED_EDGE('',*,*,#4875,.T.);
#6833=ORIENTED_EDGE('',*,*,#4876,.F.);
#6834=ORIENTED_EDGE('',*,*,#4877,.F.);
#6835=ORIENTED_EDGE('',*,*,#4878,.T.);
#6836=ORIENTED_EDGE('',*,*,#4875,.F.);
#6837=ORIENTED_EDGE('',*,*,#4878,.F.);
#6838=ORIENTED_EDGE('',*,*,#4876,.T.);
#6839=ORIENTED_EDGE('',*,*,#4879,.T.);
#6840=ORIENTED_EDGE('',*,*,#4880,.F.);
#6841=ORIENTED_EDGE('',*,*,#4879,.F.);
#6842=ORIENTED_EDGE('',*,*,#4880,.T.);
#6843=ORIENTED_EDGE('',*,*,#4877,.T.);
#6844=ORIENTED_EDGE('',*,*,#4874,.T.);
#6845=ORIENTED_EDGE('',*,*,#4881,.F.);
#6846=ORIENTED_EDGE('',*,*,#4882,.T.);
#6847=ORIENTED_EDGE('',*,*,#4883,.F.);
#6848=ORIENTED_EDGE('',*,*,#4882,.F.);
#6849=ORIENTED_EDGE('',*,*,#4881,.T.);
#6850=ORIENTED_EDGE('',*,*,#4884,.T.);
#6851=ORIENTED_EDGE('',*,*,#4885,.F.);
#6852=ORIENTED_EDGE('',*,*,#4886,.F.);
#6853=ORIENTED_EDGE('',*,*,#4887,.T.);
#6854=ORIENTED_EDGE('',*,*,#4884,.F.);
#6855=ORIENTED_EDGE('',*,*,#4887,.F.);
#6856=ORIENTED_EDGE('',*,*,#4885,.T.);
#6857=ORIENTED_EDGE('',*,*,#4888,.T.);
#6858=ORIENTED_EDGE('',*,*,#4889,.F.);
#6859=ORIENTED_EDGE('',*,*,#4888,.F.);
#6860=ORIENTED_EDGE('',*,*,#4889,.T.);
#6861=ORIENTED_EDGE('',*,*,#4886,.T.);
#6862=ORIENTED_EDGE('',*,*,#4883,.T.);
#6863=ORIENTED_EDGE('',*,*,#4890,.T.);
#6864=ORIENTED_EDGE('',*,*,#4891,.F.);
#6865=ORIENTED_EDGE('',*,*,#4892,.F.);
#6866=ORIENTED_EDGE('',*,*,#4893,.F.);
#6867=ORIENTED_EDGE('',*,*,#4894,.T.);
#6868=ORIENTED_EDGE('',*,*,#4895,.T.);
#6869=ORIENTED_EDGE('',*,*,#4896,.T.);
#6870=ORIENTED_EDGE('',*,*,#4897,.T.);
#6871=ORIENTED_EDGE('',*,*,#4898,.T.);
#6872=ORIENTED_EDGE('',*,*,#4899,.T.);
#6873=ORIENTED_EDGE('',*,*,#4900,.T.);
#6874=ORIENTED_EDGE('',*,*,#4893,.T.);
#6875=ORIENTED_EDGE('',*,*,#4901,.T.);
#6876=ORIENTED_EDGE('',*,*,#4902,.F.);
#6877=ORIENTED_EDGE('',*,*,#4903,.F.);
#6878=ORIENTED_EDGE('',*,*,#4899,.F.);
#6879=ORIENTED_EDGE('',*,*,#4904,.F.);
#6880=ORIENTED_EDGE('',*,*,#4895,.F.);
#6881=ORIENTED_EDGE('',*,*,#4905,.T.);
#6882=ORIENTED_EDGE('',*,*,#4906,.F.);
#6883=ORIENTED_EDGE('',*,*,#4907,.T.);
#6884=ORIENTED_EDGE('',*,*,#4902,.T.);
#6885=ORIENTED_EDGE('',*,*,#4908,.T.);
#6886=ORIENTED_EDGE('',*,*,#4909,.T.);
#6887=ORIENTED_EDGE('',*,*,#4910,.T.);
#6888=ORIENTED_EDGE('',*,*,#4906,.T.);
#6889=ORIENTED_EDGE('',*,*,#4911,.T.);
#6890=ORIENTED_EDGE('',*,*,#4891,.T.);
#6891=ORIENTED_EDGE('',*,*,#4912,.F.);
#6892=ORIENTED_EDGE('',*,*,#4897,.F.);
#6893=ORIENTED_EDGE('',*,*,#4913,.T.);
#6894=ORIENTED_EDGE('',*,*,#4909,.F.);
#6895=ORIENTED_EDGE('',*,*,#4904,.T.);
#6896=ORIENTED_EDGE('',*,*,#4910,.F.);
#6897=ORIENTED_EDGE('',*,*,#4913,.F.);
#6898=ORIENTED_EDGE('',*,*,#4896,.F.);
#6899=ORIENTED_EDGE('',*,*,#4903,.T.);
#6900=ORIENTED_EDGE('',*,*,#4907,.F.);
#6901=ORIENTED_EDGE('',*,*,#4890,.F.);
#6902=ORIENTED_EDGE('',*,*,#4900,.F.);
#6903=ORIENTED_EDGE('',*,*,#4912,.T.);
#6904=ORIENTED_EDGE('',*,*,#4908,.F.);
#6905=ORIENTED_EDGE('',*,*,#4901,.F.);
#6906=ORIENTED_EDGE('',*,*,#4898,.F.);
#6907=ORIENTED_EDGE('',*,*,#4892,.T.);
#6908=ORIENTED_EDGE('',*,*,#4911,.F.);
#6909=ORIENTED_EDGE('',*,*,#4905,.F.);
#6910=ORIENTED_EDGE('',*,*,#4894,.F.);
#6911=ORIENTED_EDGE('',*,*,#4914,.T.);
#6912=ORIENTED_EDGE('',*,*,#4915,.F.);
#6913=ORIENTED_EDGE('',*,*,#4916,.F.);
#6914=ORIENTED_EDGE('',*,*,#4917,.F.);
#6915=ORIENTED_EDGE('',*,*,#4918,.T.);
#6916=ORIENTED_EDGE('',*,*,#4919,.T.);
#6917=ORIENTED_EDGE('',*,*,#4920,.T.);
#6918=ORIENTED_EDGE('',*,*,#4921,.T.);
#6919=ORIENTED_EDGE('',*,*,#4922,.T.);
#6920=ORIENTED_EDGE('',*,*,#4923,.T.);
#6921=ORIENTED_EDGE('',*,*,#4924,.T.);
#6922=ORIENTED_EDGE('',*,*,#4917,.T.);
#6923=ORIENTED_EDGE('',*,*,#4925,.T.);
#6924=ORIENTED_EDGE('',*,*,#4926,.F.);
#6925=ORIENTED_EDGE('',*,*,#4927,.F.);
#6926=ORIENTED_EDGE('',*,*,#4923,.F.);
#6927=ORIENTED_EDGE('',*,*,#4928,.F.);
#6928=ORIENTED_EDGE('',*,*,#4919,.F.);
#6929=ORIENTED_EDGE('',*,*,#4929,.T.);
#6930=ORIENTED_EDGE('',*,*,#4930,.F.);
#6931=ORIENTED_EDGE('',*,*,#4931,.T.);
#6932=ORIENTED_EDGE('',*,*,#4926,.T.);
#6933=ORIENTED_EDGE('',*,*,#4932,.T.);
#6934=ORIENTED_EDGE('',*,*,#4933,.T.);
#6935=ORIENTED_EDGE('',*,*,#4934,.T.);
#6936=ORIENTED_EDGE('',*,*,#4930,.T.);
#6937=ORIENTED_EDGE('',*,*,#4935,.T.);
#6938=ORIENTED_EDGE('',*,*,#4915,.T.);
#6939=ORIENTED_EDGE('',*,*,#4936,.F.);
#6940=ORIENTED_EDGE('',*,*,#4921,.F.);
#6941=ORIENTED_EDGE('',*,*,#4937,.T.);
#6942=ORIENTED_EDGE('',*,*,#4933,.F.);
#6943=ORIENTED_EDGE('',*,*,#4928,.T.);
#6944=ORIENTED_EDGE('',*,*,#4934,.F.);
#6945=ORIENTED_EDGE('',*,*,#4937,.F.);
#6946=ORIENTED_EDGE('',*,*,#4920,.F.);
#6947=ORIENTED_EDGE('',*,*,#4927,.T.);
#6948=ORIENTED_EDGE('',*,*,#4931,.F.);
#6949=ORIENTED_EDGE('',*,*,#4914,.F.);
#6950=ORIENTED_EDGE('',*,*,#4924,.F.);
#6951=ORIENTED_EDGE('',*,*,#4936,.T.);
#6952=ORIENTED_EDGE('',*,*,#4932,.F.);
#6953=ORIENTED_EDGE('',*,*,#4925,.F.);
#6954=ORIENTED_EDGE('',*,*,#4922,.F.);
#6955=ORIENTED_EDGE('',*,*,#4916,.T.);
#6956=ORIENTED_EDGE('',*,*,#4935,.F.);
#6957=ORIENTED_EDGE('',*,*,#4929,.F.);
#6958=ORIENTED_EDGE('',*,*,#4918,.F.);
#6959=ORIENTED_EDGE('',*,*,#4938,.T.);
#6960=ORIENTED_EDGE('',*,*,#4939,.T.);
#6961=ORIENTED_EDGE('',*,*,#4940,.T.);
#6962=ORIENTED_EDGE('',*,*,#4941,.T.);
#6963=ORIENTED_EDGE('',*,*,#4942,.T.);
#6964=ORIENTED_EDGE('',*,*,#4943,.T.);
#6965=ORIENTED_EDGE('',*,*,#4944,.T.);
#6966=ORIENTED_EDGE('',*,*,#4945,.T.);
#6967=ORIENTED_EDGE('',*,*,#4946,.T.);
#6968=ORIENTED_EDGE('',*,*,#4943,.F.);
#6969=ORIENTED_EDGE('',*,*,#4947,.F.);
#6970=ORIENTED_EDGE('',*,*,#4941,.F.);
#6971=ORIENTED_EDGE('',*,*,#4948,.T.);
#6972=ORIENTED_EDGE('',*,*,#4944,.F.);
#6973=ORIENTED_EDGE('',*,*,#4946,.F.);
#6974=ORIENTED_EDGE('',*,*,#4940,.F.);
#6975=ORIENTED_EDGE('',*,*,#4949,.T.);
#6976=ORIENTED_EDGE('',*,*,#4945,.F.);
#6977=ORIENTED_EDGE('',*,*,#4948,.F.);
#6978=ORIENTED_EDGE('',*,*,#4939,.F.);
#6979=ORIENTED_EDGE('',*,*,#4947,.T.);
#6980=ORIENTED_EDGE('',*,*,#4942,.F.);
#6981=ORIENTED_EDGE('',*,*,#4949,.F.);
#6982=ORIENTED_EDGE('',*,*,#4938,.F.);
#6983=ORIENTED_EDGE('',*,*,#4950,.F.);
#6984=ORIENTED_EDGE('',*,*,#4951,.T.);
#6985=ORIENTED_EDGE('',*,*,#4952,.F.);
#6986=ORIENTED_EDGE('',*,*,#4951,.F.);
#6987=ORIENTED_EDGE('',*,*,#4952,.T.);
#6988=ORIENTED_EDGE('',*,*,#4950,.T.);
#6989=ORIENTED_EDGE('',*,*,#4953,.F.);
#6990=ORIENTED_EDGE('',*,*,#4954,.T.);
#6991=ORIENTED_EDGE('',*,*,#4955,.F.);
#6992=ORIENTED_EDGE('',*,*,#4954,.F.);
#6993=ORIENTED_EDGE('',*,*,#4956,.F.);
#6994=ORIENTED_EDGE('',*,*,#4957,.T.);
#6995=ORIENTED_EDGE('',*,*,#4958,.F.);
#6996=ORIENTED_EDGE('',*,*,#4957,.F.);
#6997=ORIENTED_EDGE('',*,*,#4959,.F.);
#6998=ORIENTED_EDGE('',*,*,#4960,.T.);
#6999=ORIENTED_EDGE('',*,*,#4961,.F.);
#7000=ORIENTED_EDGE('',*,*,#4960,.F.);
#7001=ORIENTED_EDGE('',*,*,#4962,.F.);
#7002=ORIENTED_EDGE('',*,*,#4963,.T.);
#7003=ORIENTED_EDGE('',*,*,#4964,.F.);
#7004=ORIENTED_EDGE('',*,*,#4963,.F.);
#7005=ORIENTED_EDGE('',*,*,#4964,.T.);
#7006=ORIENTED_EDGE('',*,*,#4953,.T.);
#7007=ORIENTED_EDGE('',*,*,#4956,.T.);
#7008=ORIENTED_EDGE('',*,*,#4959,.T.);
#7009=ORIENTED_EDGE('',*,*,#4962,.T.);
#7010=ORIENTED_EDGE('',*,*,#4955,.T.);
#7011=ORIENTED_EDGE('',*,*,#4958,.T.);
#7012=ORIENTED_EDGE('',*,*,#4961,.T.);
#7013=ORIENTED_EDGE('',*,*,#4965,.F.);
#7014=ORIENTED_EDGE('',*,*,#4966,.T.);
#7015=ORIENTED_EDGE('',*,*,#4967,.F.);
#7016=ORIENTED_EDGE('',*,*,#4966,.F.);
#7017=ORIENTED_EDGE('',*,*,#4968,.F.);
#7018=ORIENTED_EDGE('',*,*,#4969,.T.);
#7019=ORIENTED_EDGE('',*,*,#4970,.F.);
#7020=ORIENTED_EDGE('',*,*,#4969,.F.);
#7021=ORIENTED_EDGE('',*,*,#4971,.F.);
#7022=ORIENTED_EDGE('',*,*,#4972,.T.);
#7023=ORIENTED_EDGE('',*,*,#4973,.F.);
#7024=ORIENTED_EDGE('',*,*,#4972,.F.);
#7025=ORIENTED_EDGE('',*,*,#4974,.F.);
#7026=ORIENTED_EDGE('',*,*,#4975,.T.);
#7027=ORIENTED_EDGE('',*,*,#4976,.F.);
#7028=ORIENTED_EDGE('',*,*,#4975,.F.);
#7029=ORIENTED_EDGE('',*,*,#4977,.T.);
#7030=ORIENTED_EDGE('',*,*,#4978,.T.);
#7031=ORIENTED_EDGE('',*,*,#4979,.T.);
#7032=ORIENTED_EDGE('',*,*,#4980,.T.);
#7033=ORIENTED_EDGE('',*,*,#4967,.T.);
#7034=ORIENTED_EDGE('',*,*,#4970,.T.);
#7035=ORIENTED_EDGE('',*,*,#4973,.T.);
#7036=ORIENTED_EDGE('',*,*,#4976,.T.);
#7037=ORIENTED_EDGE('',*,*,#4981,.T.);
#7038=ORIENTED_EDGE('',*,*,#4982,.T.);
#7039=ORIENTED_EDGE('',*,*,#4983,.T.);
#7040=ORIENTED_EDGE('',*,*,#4984,.T.);
#7041=ORIENTED_EDGE('',*,*,#4965,.T.);
#7042=ORIENTED_EDGE('',*,*,#4968,.T.);
#7043=ORIENTED_EDGE('',*,*,#4971,.T.);
#7044=ORIENTED_EDGE('',*,*,#4974,.T.);
#7045=ORIENTED_EDGE('',*,*,#4985,.T.);
#7046=ORIENTED_EDGE('',*,*,#4982,.F.);
#7047=ORIENTED_EDGE('',*,*,#4986,.F.);
#7048=ORIENTED_EDGE('',*,*,#4980,.F.);
#7049=ORIENTED_EDGE('',*,*,#4987,.T.);
#7050=ORIENTED_EDGE('',*,*,#4983,.F.);
#7051=ORIENTED_EDGE('',*,*,#4985,.F.);
#7052=ORIENTED_EDGE('',*,*,#4979,.F.);
#7053=ORIENTED_EDGE('',*,*,#4988,.T.);
#7054=ORIENTED_EDGE('',*,*,#4984,.F.);
#7055=ORIENTED_EDGE('',*,*,#4987,.F.);
#7056=ORIENTED_EDGE('',*,*,#4978,.F.);
#7057=ORIENTED_EDGE('',*,*,#4986,.T.);
#7058=ORIENTED_EDGE('',*,*,#4981,.F.);
#7059=ORIENTED_EDGE('',*,*,#4988,.F.);
#7060=ORIENTED_EDGE('',*,*,#4977,.F.);
#7061=ORIENTED_EDGE('',*,*,#4989,.T.);
#7062=ORIENTED_EDGE('',*,*,#4990,.T.);
#7063=ORIENTED_EDGE('',*,*,#4991,.T.);
#7064=ORIENTED_EDGE('',*,*,#4992,.T.);
#7065=ORIENTED_EDGE('',*,*,#4993,.T.);
#7066=ORIENTED_EDGE('',*,*,#4994,.T.);
#7067=ORIENTED_EDGE('',*,*,#4995,.T.);
#7068=ORIENTED_EDGE('',*,*,#4996,.T.);
#7069=ORIENTED_EDGE('',*,*,#4997,.T.);
#7070=ORIENTED_EDGE('',*,*,#4994,.F.);
#7071=ORIENTED_EDGE('',*,*,#4998,.F.);
#7072=ORIENTED_EDGE('',*,*,#4992,.F.);
#7073=ORIENTED_EDGE('',*,*,#4999,.T.);
#7074=ORIENTED_EDGE('',*,*,#4995,.F.);
#7075=ORIENTED_EDGE('',*,*,#4997,.F.);
#7076=ORIENTED_EDGE('',*,*,#4991,.F.);
#7077=ORIENTED_EDGE('',*,*,#5000,.T.);
#7078=ORIENTED_EDGE('',*,*,#4996,.F.);
#7079=ORIENTED_EDGE('',*,*,#4999,.F.);
#7080=ORIENTED_EDGE('',*,*,#4990,.F.);
#7081=ORIENTED_EDGE('',*,*,#4998,.T.);
#7082=ORIENTED_EDGE('',*,*,#4993,.F.);
#7083=ORIENTED_EDGE('',*,*,#5000,.F.);
#7084=ORIENTED_EDGE('',*,*,#4989,.F.);
#7085=ORIENTED_EDGE('',*,*,#5001,.T.);
#7086=ORIENTED_EDGE('',*,*,#5002,.T.);
#7087=ORIENTED_EDGE('',*,*,#5003,.T.);
#7088=ORIENTED_EDGE('',*,*,#5004,.T.);
#7089=ORIENTED_EDGE('',*,*,#5005,.T.);
#7090=ORIENTED_EDGE('',*,*,#5006,.T.);
#7091=ORIENTED_EDGE('',*,*,#5007,.T.);
#7092=ORIENTED_EDGE('',*,*,#5008,.T.);
#7093=ORIENTED_EDGE('',*,*,#5009,.T.);
#7094=ORIENTED_EDGE('',*,*,#5006,.F.);
#7095=ORIENTED_EDGE('',*,*,#5010,.F.);
#7096=ORIENTED_EDGE('',*,*,#5004,.F.);
#7097=ORIENTED_EDGE('',*,*,#5011,.T.);
#7098=ORIENTED_EDGE('',*,*,#5007,.F.);
#7099=ORIENTED_EDGE('',*,*,#5009,.F.);
#7100=ORIENTED_EDGE('',*,*,#5003,.F.);
#7101=ORIENTED_EDGE('',*,*,#5012,.T.);
#7102=ORIENTED_EDGE('',*,*,#5008,.F.);
#7103=ORIENTED_EDGE('',*,*,#5011,.F.);
#7104=ORIENTED_EDGE('',*,*,#5002,.F.);
#7105=ORIENTED_EDGE('',*,*,#5010,.T.);
#7106=ORIENTED_EDGE('',*,*,#5005,.F.);
#7107=ORIENTED_EDGE('',*,*,#5012,.F.);
#7108=ORIENTED_EDGE('',*,*,#5001,.F.);
#7109=ORIENTED_EDGE('',*,*,#5013,.T.);
#7110=ORIENTED_EDGE('',*,*,#5014,.T.);
#7111=ORIENTED_EDGE('',*,*,#5015,.T.);
#7112=ORIENTED_EDGE('',*,*,#5016,.T.);
#7113=ORIENTED_EDGE('',*,*,#5017,.T.);
#7114=ORIENTED_EDGE('',*,*,#5018,.T.);
#7115=ORIENTED_EDGE('',*,*,#5019,.T.);
#7116=ORIENTED_EDGE('',*,*,#5020,.T.);
#7117=ORIENTED_EDGE('',*,*,#5021,.T.);
#7118=ORIENTED_EDGE('',*,*,#5018,.F.);
#7119=ORIENTED_EDGE('',*,*,#5022,.F.);
#7120=ORIENTED_EDGE('',*,*,#5016,.F.);
#7121=ORIENTED_EDGE('',*,*,#5023,.T.);
#7122=ORIENTED_EDGE('',*,*,#5019,.F.);
#7123=ORIENTED_EDGE('',*,*,#5021,.F.);
#7124=ORIENTED_EDGE('',*,*,#5015,.F.);
#7125=ORIENTED_EDGE('',*,*,#5024,.T.);
#7126=ORIENTED_EDGE('',*,*,#5020,.F.);
#7127=ORIENTED_EDGE('',*,*,#5023,.F.);
#7128=ORIENTED_EDGE('',*,*,#5014,.F.);
#7129=ORIENTED_EDGE('',*,*,#5022,.T.);
#7130=ORIENTED_EDGE('',*,*,#5017,.F.);
#7131=ORIENTED_EDGE('',*,*,#5024,.F.);
#7132=ORIENTED_EDGE('',*,*,#5013,.F.);
#7133=ORIENTED_EDGE('',*,*,#5025,.T.);
#7134=ORIENTED_EDGE('',*,*,#5026,.T.);
#7135=ORIENTED_EDGE('',*,*,#5027,.T.);
#7136=ORIENTED_EDGE('',*,*,#5028,.T.);
#7137=ORIENTED_EDGE('',*,*,#5029,.T.);
#7138=ORIENTED_EDGE('',*,*,#5030,.T.);
#7139=ORIENTED_EDGE('',*,*,#5031,.T.);
#7140=ORIENTED_EDGE('',*,*,#5032,.T.);
#7141=ORIENTED_EDGE('',*,*,#5033,.T.);
#7142=ORIENTED_EDGE('',*,*,#5030,.F.);
#7143=ORIENTED_EDGE('',*,*,#5034,.F.);
#7144=ORIENTED_EDGE('',*,*,#5028,.F.);
#7145=ORIENTED_EDGE('',*,*,#5035,.T.);
#7146=ORIENTED_EDGE('',*,*,#5031,.F.);
#7147=ORIENTED_EDGE('',*,*,#5033,.F.);
#7148=ORIENTED_EDGE('',*,*,#5027,.F.);
#7149=ORIENTED_EDGE('',*,*,#5036,.T.);
#7150=ORIENTED_EDGE('',*,*,#5032,.F.);
#7151=ORIENTED_EDGE('',*,*,#5035,.F.);
#7152=ORIENTED_EDGE('',*,*,#5026,.F.);
#7153=ORIENTED_EDGE('',*,*,#5034,.T.);
#7154=ORIENTED_EDGE('',*,*,#5029,.F.);
#7155=ORIENTED_EDGE('',*,*,#5036,.F.);
#7156=ORIENTED_EDGE('',*,*,#5025,.F.);
#7157=ORIENTED_EDGE('',*,*,#5037,.T.);
#7158=ORIENTED_EDGE('',*,*,#5038,.T.);
#7159=ORIENTED_EDGE('',*,*,#5039,.T.);
#7160=ORIENTED_EDGE('',*,*,#5040,.T.);
#7161=ORIENTED_EDGE('',*,*,#5041,.T.);
#7162=ORIENTED_EDGE('',*,*,#5042,.T.);
#7163=ORIENTED_EDGE('',*,*,#5043,.T.);
#7164=ORIENTED_EDGE('',*,*,#5044,.T.);
#7165=ORIENTED_EDGE('',*,*,#5045,.T.);
#7166=ORIENTED_EDGE('',*,*,#5042,.F.);
#7167=ORIENTED_EDGE('',*,*,#5046,.F.);
#7168=ORIENTED_EDGE('',*,*,#5040,.F.);
#7169=ORIENTED_EDGE('',*,*,#5047,.T.);
#7170=ORIENTED_EDGE('',*,*,#5043,.F.);
#7171=ORIENTED_EDGE('',*,*,#5045,.F.);
#7172=ORIENTED_EDGE('',*,*,#5039,.F.);
#7173=ORIENTED_EDGE('',*,*,#5048,.T.);
#7174=ORIENTED_EDGE('',*,*,#5044,.F.);
#7175=ORIENTED_EDGE('',*,*,#5047,.F.);
#7176=ORIENTED_EDGE('',*,*,#5038,.F.);
#7177=ORIENTED_EDGE('',*,*,#5046,.T.);
#7178=ORIENTED_EDGE('',*,*,#5041,.F.);
#7179=ORIENTED_EDGE('',*,*,#5048,.F.);
#7180=ORIENTED_EDGE('',*,*,#5037,.F.);
#7181=ORIENTED_EDGE('',*,*,#5049,.T.);
#7182=ORIENTED_EDGE('',*,*,#5050,.T.);
#7183=ORIENTED_EDGE('',*,*,#5051,.T.);
#7184=ORIENTED_EDGE('',*,*,#5052,.T.);
#7185=ORIENTED_EDGE('',*,*,#5053,.T.);
#7186=ORIENTED_EDGE('',*,*,#5054,.T.);
#7187=ORIENTED_EDGE('',*,*,#5055,.T.);
#7188=ORIENTED_EDGE('',*,*,#5056,.T.);
#7189=ORIENTED_EDGE('',*,*,#5057,.T.);
#7190=ORIENTED_EDGE('',*,*,#5054,.F.);
#7191=ORIENTED_EDGE('',*,*,#5058,.F.);
#7192=ORIENTED_EDGE('',*,*,#5052,.F.);
#7193=ORIENTED_EDGE('',*,*,#5059,.T.);
#7194=ORIENTED_EDGE('',*,*,#5055,.F.);
#7195=ORIENTED_EDGE('',*,*,#5057,.F.);
#7196=ORIENTED_EDGE('',*,*,#5051,.F.);
#7197=ORIENTED_EDGE('',*,*,#5060,.T.);
#7198=ORIENTED_EDGE('',*,*,#5056,.F.);
#7199=ORIENTED_EDGE('',*,*,#5059,.F.);
#7200=ORIENTED_EDGE('',*,*,#5050,.F.);
#7201=ORIENTED_EDGE('',*,*,#5058,.T.);
#7202=ORIENTED_EDGE('',*,*,#5053,.F.);
#7203=ORIENTED_EDGE('',*,*,#5060,.F.);
#7204=ORIENTED_EDGE('',*,*,#5049,.F.);
#7205=CYLINDRICAL_SURFACE('',#7797,1.35);
#7206=CYLINDRICAL_SURFACE('',#7802,2.);
#7207=CYLINDRICAL_SURFACE('',#7806,2.);
#7208=CYLINDRICAL_SURFACE('',#7809,2.);
#7209=CYLINDRICAL_SURFACE('',#7814,2.);
#7210=CYLINDRICAL_SURFACE('',#7818,1.35);
#7211=CYLINDRICAL_SURFACE('',#7823,2.);
#7212=CYLINDRICAL_SURFACE('',#7827,2.);
#7213=CYLINDRICAL_SURFACE('',#7830,2.);
#7214=CYLINDRICAL_SURFACE('',#7835,2.);
#7215=CYLINDRICAL_SURFACE('',#7839,3.);
#7216=CYLINDRICAL_SURFACE('',#7843,3.);
#7217=CYLINDRICAL_SURFACE('',#7847,3.);
#7218=CYLINDRICAL_SURFACE('',#7850,3.);
#7219=CYLINDRICAL_SURFACE('',#7855,4.);
#7220=CYLINDRICAL_SURFACE('',#7862,4.);
#7221=CYLINDRICAL_SURFACE('',#7864,4.);
#7222=CYLINDRICAL_SURFACE('',#7868,4.);
#7223=CYLINDRICAL_SURFACE('',#7877,1.35);
#7224=CYLINDRICAL_SURFACE('',#7881,3.1);
#7225=CYLINDRICAL_SURFACE('',#7910,1.35);
#7226=CYLINDRICAL_SURFACE('',#7921,1.35);
#7227=CYLINDRICAL_SURFACE('',#7937,1.35);
#7228=CYLINDRICAL_SURFACE('',#7949,1.35);
#7229=CYLINDRICAL_SURFACE('',#7952,3.6);
#7230=CYLINDRICAL_SURFACE('',#7955,1.35);
#7231=CYLINDRICAL_SURFACE('',#7969,3.6);
#7232=CYLINDRICAL_SURFACE('',#7977,1.7);
#7233=CYLINDRICAL_SURFACE('',#7979,1.7);
#7234=CYLINDRICAL_SURFACE('',#7981,1.7);
#7235=CYLINDRICAL_SURFACE('',#7983,1.7);
#7236=CYLINDRICAL_SURFACE('',#8002,1.7);
#7237=CYLINDRICAL_SURFACE('',#8004,1.7);
#7238=CYLINDRICAL_SURFACE('',#8014,1.7);
#7239=CYLINDRICAL_SURFACE('',#8029,3.5);
#7240=CYLINDRICAL_SURFACE('',#8031,3.5);
#7241=CYLINDRICAL_SURFACE('',#8033,1.7);
#7242=CYLINDRICAL_SURFACE('',#8036,1.7);
#7243=CYLINDRICAL_SURFACE('',#8039,1.7);
#7244=CYLINDRICAL_SURFACE('',#8042,1.7);
#7245=CYLINDRICAL_SURFACE('',#8050,1.25);
#7246=CYLINDRICAL_SURFACE('',#8054,0.7);
#7247=CYLINDRICAL_SURFACE('',#8058,0.7);
#7248=CYLINDRICAL_SURFACE('',#8064,0.7);
#7249=CYLINDRICAL_SURFACE('',#8066,0.7);
#7250=CYLINDRICAL_SURFACE('',#8076,0.7);
#7251=CYLINDRICAL_SURFACE('',#8078,0.7);
#7252=CYLINDRICAL_SURFACE('',#8081,0.7);
#7253=CYLINDRICAL_SURFACE('',#8086,0.7);
#7254=CYLINDRICAL_SURFACE('',#8096,0.9);
#7255=CYLINDRICAL_SURFACE('',#8100,0.9);
#7256=CYLINDRICAL_SURFACE('',#8104,1.2);
#7257=CYLINDRICAL_SURFACE('',#8108,2.7);
#7258=CYLINDRICAL_SURFACE('',#8112,0.9);
#7259=CYLINDRICAL_SURFACE('',#8116,0.9);
#7260=CYLINDRICAL_SURFACE('',#8120,1.2);
#7261=CYLINDRICAL_SURFACE('',#8124,2.7);
#7262=CYLINDRICAL_SURFACE('',#8128,0.9);
#7263=CYLINDRICAL_SURFACE('',#8132,0.9);
#7264=CYLINDRICAL_SURFACE('',#8136,1.2);
#7265=CYLINDRICAL_SURFACE('',#8140,2.7);
#7266=CYLINDRICAL_SURFACE('',#8144,0.9);
#7267=CYLINDRICAL_SURFACE('',#8148,0.9);
#7268=CYLINDRICAL_SURFACE('',#8152,1.2);
#7269=CYLINDRICAL_SURFACE('',#8156,2.7);
#7270=CYLINDRICAL_SURFACE('',#8160,1.7);
#7271=CYLINDRICAL_SURFACE('',#8163,1.7);
#7272=CYLINDRICAL_SURFACE('',#8166,1.7);
#7273=CYLINDRICAL_SURFACE('',#8169,1.7);
#7274=CYLINDRICAL_SURFACE('',#8172,2.);
#7275=CYLINDRICAL_SURFACE('',#8176,2.);
#7276=CYLINDRICAL_SURFACE('',#8180,2.);
#7277=CYLINDRICAL_SURFACE('',#8183,2.);
#7278=CYLINDRICAL_SURFACE('',#8188,2.);
#7279=CYLINDRICAL_SURFACE('',#8192,2.);
#7280=CYLINDRICAL_SURFACE('',#8196,2.);
#7281=CYLINDRICAL_SURFACE('',#8199,2.);
#7282=CYLINDRICAL_SURFACE('',#8204,3.);
#7283=CYLINDRICAL_SURFACE('',#8211,3.);
#7284=CYLINDRICAL_SURFACE('',#8213,3.);
#7285=CYLINDRICAL_SURFACE('',#8217,3.);
#7286=CYLINDRICAL_SURFACE('',#8222,0.9);
#7287=CYLINDRICAL_SURFACE('',#8226,0.9);
#7288=CYLINDRICAL_SURFACE('',#8230,0.9);
#7289=CYLINDRICAL_SURFACE('',#8234,0.9);
#7290=CYLINDRICAL_SURFACE('',#8238,0.9);
#7291=CYLINDRICAL_SURFACE('',#8242,0.9);
#7292=CYLINDRICAL_SURFACE('',#8246,0.9);
#7293=CYLINDRICAL_SURFACE('',#8250,0.9);
#7294=CYLINDRICAL_SURFACE('',#8254,3.1);
#7295=CYLINDRICAL_SURFACE('',#8259,1.7);
#7296=CYLINDRICAL_SURFACE('',#8261,3.5);
#7297=CYLINDRICAL_SURFACE('',#8265,3.1);
#7298=CYLINDRICAL_SURFACE('',#8270,1.7);
#7299=CYLINDRICAL_SURFACE('',#8272,3.5);
#7300=CYLINDRICAL_SURFACE('',#8276,3.1);
#7301=CYLINDRICAL_SURFACE('',#8281,1.7);
#7302=CYLINDRICAL_SURFACE('',#8283,3.5);
#7303=CYLINDRICAL_SURFACE('',#8287,3.1);
#7304=CYLINDRICAL_SURFACE('',#8292,1.7);
#7305=CYLINDRICAL_SURFACE('',#8294,3.5);
#7306=CYLINDRICAL_SURFACE('',#8316,3.);
#7307=CYLINDRICAL_SURFACE('',#8319,5.);
#7308=CYLINDRICAL_SURFACE('',#8339,3.);
#7309=CYLINDRICAL_SURFACE('',#8342,5.);
#7310=CYLINDRICAL_SURFACE('',#8350,3.);
#7311=CYLINDRICAL_SURFACE('',#8355,3.);
#7312=CYLINDRICAL_SURFACE('',#8357,5.);
#7313=CYLINDRICAL_SURFACE('',#8361,5.);
#7314=CYLINDRICAL_SURFACE('',#8364,2.75);
#7315=CYLINDRICAL_SURFACE('',#8371,3.5);
#7316=CYLINDRICAL_SURFACE('',#8373,1.3);
#7317=CYLINDRICAL_SURFACE('',#8377,2.75);
#7318=CYLINDRICAL_SURFACE('',#8384,3.5);
#7319=CYLINDRICAL_SURFACE('',#8386,1.3);
#7320=CYLINDRICAL_SURFACE('',#8390,3.);
#7321=CYLINDRICAL_SURFACE('',#8397,3.);
#7322=CYLINDRICAL_SURFACE('',#8399,3.);
#7323=CYLINDRICAL_SURFACE('',#8403,3.);
#7324=CYLINDRICAL_SURFACE('',#8408,4.);
#7325=CYLINDRICAL_SURFACE('',#8415,4.);
#7326=CYLINDRICAL_SURFACE('',#8417,4.);
#7327=CYLINDRICAL_SURFACE('',#8421,4.);
#7328=CYLINDRICAL_SURFACE('',#8432,3.);
#7329=CYLINDRICAL_SURFACE('',#8437,1.5);
#7330=CYLINDRICAL_SURFACE('',#8440,1.5);
#7331=CYLINDRICAL_SURFACE('',#8443,1.6);
#7332=CYLINDRICAL_SURFACE('',#8446,9.);
#7333=CYLINDRICAL_SURFACE('',#8451,1.375);
#7334=CYLINDRICAL_SURFACE('',#8454,1.375);
#7335=CYLINDRICAL_SURFACE('',#8457,1.375);
#7336=CYLINDRICAL_SURFACE('',#8460,1.375);
#7337=ADVANCED_FACE('',(#455),#7205,.F.);
#7338=ADVANCED_FACE('',(#456),#161,.F.);
#7339=ADVANCED_FACE('',(#457),#162,.F.);
#7340=ADVANCED_FACE('',(#458),#7206,.T.);
#7341=ADVANCED_FACE('',(#459),#163,.F.);
#7342=ADVANCED_FACE('',(#460),#7207,.T.);
#7343=ADVANCED_FACE('',(#461),#7208,.T.);
#7344=ADVANCED_FACE('',(#462,#55),#164,.T.);
#7345=ADVANCED_FACE('',(#463),#7209,.T.);
#7346=ADVANCED_FACE('',(#464),#165,.F.);
#7347=ADVANCED_FACE('',(#465),#166,.F.);
#7348=ADVANCED_FACE('',(#466),#7210,.F.);
#7349=ADVANCED_FACE('',(#467),#167,.F.);
#7350=ADVANCED_FACE('',(#468),#168,.F.);
#7351=ADVANCED_FACE('',(#469),#7211,.T.);
#7352=ADVANCED_FACE('',(#470),#169,.F.);
#7353=ADVANCED_FACE('',(#471),#7212,.T.);
#7354=ADVANCED_FACE('',(#472),#7213,.T.);
#7355=ADVANCED_FACE('',(#473,#56),#170,.T.);
#7356=ADVANCED_FACE('',(#474),#7214,.T.);
#7357=ADVANCED_FACE('',(#475),#171,.F.);
#7358=ADVANCED_FACE('',(#476),#172,.F.);
#7359=ADVANCED_FACE('',(#477),#7215,.F.);
#7360=ADVANCED_FACE('',(#478),#173,.T.);
#7361=ADVANCED_FACE('',(#479),#7216,.F.);
#7362=ADVANCED_FACE('',(#480),#174,.T.);
#7363=ADVANCED_FACE('',(#481),#7217,.F.);
#7364=ADVANCED_FACE('',(#482),#7218,.F.);
#7365=ADVANCED_FACE('',(#483),#175,.T.);
#7366=ADVANCED_FACE('',(#484),#176,.T.);
#7367=ADVANCED_FACE('',(#485),#7219,.T.);
#7368=ADVANCED_FACE('',(#486,#57,#58,#59),#177,.T.);
#7369=ADVANCED_FACE('',(#487),#7220,.T.);
#7370=ADVANCED_FACE('',(#488),#7221,.T.);
#7371=ADVANCED_FACE('',(#489,#60),#178,.F.);
#7372=ADVANCED_FACE('',(#490),#7222,.T.);
#7373=ADVANCED_FACE('',(#491),#179,.F.);
#7374=ADVANCED_FACE('',(#492),#180,.F.);
#7375=ADVANCED_FACE('',(#493),#181,.F.);
#7376=ADVANCED_FACE('',(#494),#182,.F.);
#7377=ADVANCED_FACE('',(#495),#183,.F.);
#7378=ADVANCED_FACE('',(#496),#184,.T.);
#7379=ADVANCED_FACE('',(#497),#185,.F.);
#7380=ADVANCED_FACE('',(#498),#186,.F.);
#7381=ADVANCED_FACE('',(#499),#7223,.F.);
#7382=ADVANCED_FACE('',(#500),#187,.F.);
#7383=ADVANCED_FACE('',(#501),#7224,.T.);
#7384=ADVANCED_FACE('',(#502),#188,.F.);
#7385=ADVANCED_FACE('',(#503,#61),#189,.T.);
#7386=ADVANCED_FACE('',(#504),#190,.F.);
#7387=ADVANCED_FACE('',(#505,#62,#63),#191,.F.);
#7388=ADVANCED_FACE('',(#506,#64),#192,.T.);
#7389=ADVANCED_FACE('',(#507,#65),#193,.T.);
#7390=ADVANCED_FACE('',(#508),#194,.F.);
#7391=ADVANCED_FACE('',(#509),#195,.F.);
#7392=ADVANCED_FACE('',(#510),#196,.F.);
#7393=ADVANCED_FACE('',(#511),#197,.T.);
#7394=ADVANCED_FACE('',(#512),#7225,.F.);
#7395=ADVANCED_FACE('',(#513),#198,.F.);
#7396=ADVANCED_FACE('',(#514),#199,.F.);
#7397=ADVANCED_FACE('',(#515),#200,.F.);
#7398=ADVANCED_FACE('',(#516,#66),#201,.T.);
#7399=ADVANCED_FACE('',(#517),#202,.F.);
#7400=ADVANCED_FACE('',(#518),#203,.F.);
#7401=ADVANCED_FACE('',(#519),#204,.F.);
#7402=ADVANCED_FACE('',(#520),#205,.F.);
#7403=ADVANCED_FACE('',(#521),#7226,.F.);
#7404=ADVANCED_FACE('',(#522),#206,.F.);
#7405=ADVANCED_FACE('',(#523),#207,.F.);
#7406=ADVANCED_FACE('',(#524,#67),#208,.T.);
#7407=ADVANCED_FACE('',(#525),#209,.F.);
#7408=ADVANCED_FACE('',(#526),#210,.F.);
#7409=ADVANCED_FACE('',(#527),#211,.T.);
#7410=ADVANCED_FACE('',(#528,#68),#212,.T.);
#7411=ADVANCED_FACE('',(#529),#213,.F.);
#7412=ADVANCED_FACE('',(#530),#214,.F.);
#7413=ADVANCED_FACE('',(#531),#215,.F.);
#7414=ADVANCED_FACE('',(#532),#7227,.F.);
#7415=ADVANCED_FACE('',(#533),#216,.F.);
#7416=ADVANCED_FACE('',(#534),#217,.F.);
#7417=ADVANCED_FACE('',(#535,#69),#218,.T.);
#7418=ADVANCED_FACE('',(#536),#219,.F.);
#7419=ADVANCED_FACE('',(#537),#220,.F.);
#7420=ADVANCED_FACE('',(#538),#221,.F.);
#7421=ADVANCED_FACE('',(#539,#70),#222,.T.);
#7422=ADVANCED_FACE('',(#540),#7228,.F.);
#7423=ADVANCED_FACE('',(#541),#223,.F.);
#7424=ADVANCED_FACE('',(#542),#7229,.T.);
#7425=ADVANCED_FACE('',(#543),#224,.F.);
#7426=ADVANCED_FACE('',(#544),#225,.F.);
#7427=ADVANCED_FACE('',(#545),#7230,.F.);
#7428=ADVANCED_FACE('',(#546),#226,.F.);
#7429=ADVANCED_FACE('',(#547),#227,.T.);
#7430=ADVANCED_FACE('',(#548),#228,.T.);
#7431=ADVANCED_FACE('',(#549),#229,.F.);
#7432=ADVANCED_FACE('',(#550),#230,.F.);
#7433=ADVANCED_FACE('',(#551),#231,.F.);
#7434=ADVANCED_FACE('',(#552),#232,.F.);
#7435=ADVANCED_FACE('',(#553),#233,.F.);
#7436=ADVANCED_FACE('',(#554),#234,.T.);
#7437=ADVANCED_FACE('',(#555),#7231,.T.);
#7438=ADVANCED_FACE('',(#556),#235,.F.);
#7439=ADVANCED_FACE('',(#557),#236,.F.);
#7440=ADVANCED_FACE('',(#558),#237,.T.);
#7441=ADVANCED_FACE('',(#559),#238,.F.);
#7442=ADVANCED_FACE('',(#560),#239,.F.);
#7443=ADVANCED_FACE('',(#561),#240,.F.);
#7444=ADVANCED_FACE('',(#562),#241,.F.);
#7445=ADVANCED_FACE('',(#563),#7232,.F.);
#7446=ADVANCED_FACE('',(#564),#242,.T.);
#7447=ADVANCED_FACE('',(#565),#7233,.F.);
#7448=ADVANCED_FACE('',(#566),#243,.T.);
#7449=ADVANCED_FACE('',(#567),#7234,.F.);
#7450=ADVANCED_FACE('',(#568),#244,.T.);
#7451=ADVANCED_FACE('',(#569),#7235,.F.);
#7452=ADVANCED_FACE('',(#570),#245,.T.);
#7453=ADVANCED_FACE('',(#571),#246,.F.);
#7454=ADVANCED_FACE('',(#572),#247,.F.);
#7455=ADVANCED_FACE('',(#573),#248,.F.);
#7456=ADVANCED_FACE('',(#574),#249,.F.);
#7457=ADVANCED_FACE('',(#575),#250,.F.);
#7458=ADVANCED_FACE('',(#576),#251,.F.);
#7459=ADVANCED_FACE('',(#577),#252,.F.);
#7460=ADVANCED_FACE('',(#578),#253,.F.);
#7461=ADVANCED_FACE('',(#579),#254,.F.);
#7462=ADVANCED_FACE('',(#580),#255,.T.);
#7463=ADVANCED_FACE('',(#581),#256,.T.);
#7464=ADVANCED_FACE('',(#582),#257,.T.);
#7465=ADVANCED_FACE('',(#583,#71,#72,#73),#258,.F.);
#7466=ADVANCED_FACE('',(#584),#259,.F.);
#7467=ADVANCED_FACE('',(#585),#260,.F.);
#7468=ADVANCED_FACE('',(#586),#7236,.F.);
#7469=ADVANCED_FACE('',(#587),#7237,.F.);
#7470=ADVANCED_FACE('',(#588),#261,.T.);
#7471=ADVANCED_FACE('',(#589),#262,.T.);
#7472=ADVANCED_FACE('',(#590),#263,.T.);
#7473=ADVANCED_FACE('',(#591),#264,.T.);
#7474=ADVANCED_FACE('',(#592,#74,#75,#76),#265,.T.);
#7475=ADVANCED_FACE('',(#593),#266,.F.);
#7476=ADVANCED_FACE('',(#594),#267,.F.);
#7477=ADVANCED_FACE('',(#595),#268,.F.);
#7478=ADVANCED_FACE('',(#596),#7238,.F.);
#7479=ADVANCED_FACE('',(#597),#269,.F.);
#7480=ADVANCED_FACE('',(#598,#77),#270,.F.);
#7481=ADVANCED_FACE('',(#599,#78),#271,.T.);
#7482=ADVANCED_FACE('',(#600),#272,.F.);
#7483=ADVANCED_FACE('',(#601),#273,.F.);
#7484=ADVANCED_FACE('',(#602,#79,#80,#81,#82),#274,.F.);
#7485=ADVANCED_FACE('',(#603),#7239,.F.);
#7486=ADVANCED_FACE('',(#604),#7240,.F.);
#7487=ADVANCED_FACE('',(#605),#7241,.F.);
#7488=ADVANCED_FACE('',(#606),#275,.F.);
#7489=ADVANCED_FACE('',(#607),#7242,.F.);
#7490=ADVANCED_FACE('',(#608),#276,.T.);
#7491=ADVANCED_FACE('',(#609),#7243,.F.);
#7492=ADVANCED_FACE('',(#610),#277,.F.);
#7493=ADVANCED_FACE('',(#611),#7244,.F.);
#7494=ADVANCED_FACE('',(#612),#278,.T.);
#7495=ADVANCED_FACE('',(#613),#279,.T.);
#7496=ADVANCED_FACE('',(#614),#280,.F.);
#7497=ADVANCED_FACE('',(#615),#281,.F.);
#7498=ADVANCED_FACE('',(#616,#83,#84,#85),#282,.F.);
#7499=ADVANCED_FACE('',(#617),#283,.F.);
#7500=ADVANCED_FACE('',(#618),#7245,.F.);
#7501=ADVANCED_FACE('',(#619),#284,.F.);
#7502=ADVANCED_FACE('',(#620),#7246,.T.);
#7503=ADVANCED_FACE('',(#621),#285,.F.);
#7504=ADVANCED_FACE('',(#622),#7247,.T.);
#7505=ADVANCED_FACE('',(#623),#286,.F.);
#7506=ADVANCED_FACE('',(#624),#7248,.T.);
#7507=ADVANCED_FACE('',(#625),#7249,.T.);
#7508=ADVANCED_FACE('',(#626),#287,.F.);
#7509=ADVANCED_FACE('',(#627),#288,.F.);
#7510=ADVANCED_FACE('',(#628),#289,.F.);
#7511=ADVANCED_FACE('',(#629),#290,.F.);
#7512=ADVANCED_FACE('',(#630),#291,.T.);
#7513=ADVANCED_FACE('',(#631),#292,.F.);
#7514=ADVANCED_FACE('',(#632),#7250,.T.);
#7515=ADVANCED_FACE('',(#633),#7251,.T.);
#7516=ADVANCED_FACE('',(#634),#7252,.T.);
#7517=ADVANCED_FACE('',(#635),#293,.F.);
#7518=ADVANCED_FACE('',(#636),#7253,.T.);
#7519=ADVANCED_FACE('',(#637),#294,.F.);
#7520=ADVANCED_FACE('',(#638),#295,.F.);
#7521=ADVANCED_FACE('',(#639),#296,.T.);
#7522=ADVANCED_FACE('',(#640),#297,.F.);
#7523=ADVANCED_FACE('',(#641),#298,.F.);
#7524=ADVANCED_FACE('',(#642),#299,.F.);
#7525=ADVANCED_FACE('',(#643),#300,.F.);
#7526=ADVANCED_FACE('',(#644,#86),#301,.T.);
#7527=ADVANCED_FACE('',(#645),#302,.F.);
#7528=ADVANCED_FACE('',(#646),#7254,.F.);
#7529=ADVANCED_FACE('',(#647),#303,.T.);
#7530=ADVANCED_FACE('',(#648),#7255,.F.);
#7531=ADVANCED_FACE('',(#649),#304,.T.);
#7532=ADVANCED_FACE('',(#650),#7256,.T.);
#7533=ADVANCED_FACE('',(#651),#305,.T.);
#7534=ADVANCED_FACE('',(#652),#7257,.T.);
#7535=ADVANCED_FACE('',(#653,#87),#306,.T.);
#7536=ADVANCED_FACE('',(#654),#7258,.F.);
#7537=ADVANCED_FACE('',(#655),#307,.T.);
#7538=ADVANCED_FACE('',(#656),#7259,.F.);
#7539=ADVANCED_FACE('',(#657),#308,.T.);
#7540=ADVANCED_FACE('',(#658),#7260,.T.);
#7541=ADVANCED_FACE('',(#659),#309,.T.);
#7542=ADVANCED_FACE('',(#660),#7261,.T.);
#7543=ADVANCED_FACE('',(#661,#88),#310,.T.);
#7544=ADVANCED_FACE('',(#662),#7262,.F.);
#7545=ADVANCED_FACE('',(#663),#311,.T.);
#7546=ADVANCED_FACE('',(#664),#7263,.F.);
#7547=ADVANCED_FACE('',(#665),#312,.T.);
#7548=ADVANCED_FACE('',(#666),#7264,.T.);
#7549=ADVANCED_FACE('',(#667),#313,.T.);
#7550=ADVANCED_FACE('',(#668),#7265,.T.);
#7551=ADVANCED_FACE('',(#669,#89),#314,.T.);
#7552=ADVANCED_FACE('',(#670),#7266,.F.);
#7553=ADVANCED_FACE('',(#671),#315,.T.);
#7554=ADVANCED_FACE('',(#672),#7267,.F.);
#7555=ADVANCED_FACE('',(#673),#316,.T.);
#7556=ADVANCED_FACE('',(#674),#7268,.T.);
#7557=ADVANCED_FACE('',(#675),#317,.T.);
#7558=ADVANCED_FACE('',(#676),#7269,.T.);
#7559=ADVANCED_FACE('',(#677,#90),#318,.T.);
#7560=ADVANCED_FACE('',(#678),#7270,.F.);
#7561=ADVANCED_FACE('',(#679),#7271,.F.);
#7562=ADVANCED_FACE('',(#680),#7272,.F.);
#7563=ADVANCED_FACE('',(#681),#7273,.F.);
#7564=ADVANCED_FACE('',(#682),#7274,.F.);
#7565=ADVANCED_FACE('',(#683),#319,.T.);
#7566=ADVANCED_FACE('',(#684),#7275,.F.);
#7567=ADVANCED_FACE('',(#685),#320,.T.);
#7568=ADVANCED_FACE('',(#686),#7276,.F.);
#7569=ADVANCED_FACE('',(#687),#7277,.F.);
#7570=ADVANCED_FACE('',(#688),#321,.T.);
#7571=ADVANCED_FACE('',(#689),#322,.T.);
#7572=ADVANCED_FACE('',(#690),#7278,.F.);
#7573=ADVANCED_FACE('',(#691),#323,.T.);
#7574=ADVANCED_FACE('',(#692),#7279,.F.);
#7575=ADVANCED_FACE('',(#693),#324,.T.);
#7576=ADVANCED_FACE('',(#694),#7280,.F.);
#7577=ADVANCED_FACE('',(#695),#7281,.F.);
#7578=ADVANCED_FACE('',(#696),#325,.T.);
#7579=ADVANCED_FACE('',(#697),#326,.T.);
#7580=ADVANCED_FACE('',(#698),#7282,.T.);
#7581=ADVANCED_FACE('',(#699,#91,#92,#93,#94,#95,#96,#97,#98,#99,#100,#101,
#102,#103,#104),#327,.T.);
#7582=ADVANCED_FACE('',(#700),#7283,.T.);
#7583=ADVANCED_FACE('',(#701),#7284,.T.);
#7584=ADVANCED_FACE('',(#702,#105,#106,#107,#108,#109,#110,#111,#112,#113,
#114),#328,.F.);
#7585=ADVANCED_FACE('',(#703),#7285,.T.);
#7586=ADVANCED_FACE('',(#704),#329,.F.);
#7587=ADVANCED_FACE('',(#705),#330,.F.);
#7588=ADVANCED_FACE('',(#706),#331,.F.);
#7589=ADVANCED_FACE('',(#707),#332,.F.);
#7590=ADVANCED_FACE('',(#708),#7286,.F.);
#7591=ADVANCED_FACE('',(#709),#333,.T.);
#7592=ADVANCED_FACE('',(#710),#7287,.F.);
#7593=ADVANCED_FACE('',(#711),#334,.T.);
#7594=ADVANCED_FACE('',(#712),#7288,.F.);
#7595=ADVANCED_FACE('',(#713),#335,.T.);
#7596=ADVANCED_FACE('',(#714),#7289,.F.);
#7597=ADVANCED_FACE('',(#715),#336,.T.);
#7598=ADVANCED_FACE('',(#716),#7290,.F.);
#7599=ADVANCED_FACE('',(#717),#337,.T.);
#7600=ADVANCED_FACE('',(#718),#7291,.F.);
#7601=ADVANCED_FACE('',(#719),#338,.T.);
#7602=ADVANCED_FACE('',(#720),#7292,.F.);
#7603=ADVANCED_FACE('',(#721),#339,.T.);
#7604=ADVANCED_FACE('',(#722),#7293,.F.);
#7605=ADVANCED_FACE('',(#723),#340,.T.);
#7606=ADVANCED_FACE('',(#724),#7294,.F.);
#7607=ADVANCED_FACE('',(#725,#115),#341,.F.);
#7608=ADVANCED_FACE('',(#726),#7295,.F.);
#7609=ADVANCED_FACE('',(#727),#7296,.T.);
#7610=ADVANCED_FACE('',(#728,#116),#342,.T.);
#7611=ADVANCED_FACE('',(#729),#7297,.F.);
#7612=ADVANCED_FACE('',(#730,#117),#343,.F.);
#7613=ADVANCED_FACE('',(#731),#7298,.F.);
#7614=ADVANCED_FACE('',(#732),#7299,.T.);
#7615=ADVANCED_FACE('',(#733,#118),#344,.T.);
#7616=ADVANCED_FACE('',(#734),#7300,.F.);
#7617=ADVANCED_FACE('',(#735,#119),#345,.F.);
#7618=ADVANCED_FACE('',(#736),#7301,.F.);
#7619=ADVANCED_FACE('',(#737),#7302,.T.);
#7620=ADVANCED_FACE('',(#738,#120),#346,.T.);
#7621=ADVANCED_FACE('',(#739),#7303,.F.);
#7622=ADVANCED_FACE('',(#740,#121),#347,.F.);
#7623=ADVANCED_FACE('',(#741),#7304,.F.);
#7624=ADVANCED_FACE('',(#742),#7305,.T.);
#7625=ADVANCED_FACE('',(#743,#122),#348,.T.);
#7626=ADVANCED_FACE('',(#744),#349,.F.);
#7627=ADVANCED_FACE('',(#745),#350,.T.);
#7628=ADVANCED_FACE('',(#746),#351,.T.);
#7629=ADVANCED_FACE('',(#747),#352,.T.);
#7630=ADVANCED_FACE('',(#748),#353,.F.);
#7631=ADVANCED_FACE('',(#749),#354,.T.);
#7632=ADVANCED_FACE('',(#750),#355,.T.);
#7633=ADVANCED_FACE('',(#751),#356,.T.);
#7634=ADVANCED_FACE('',(#752),#357,.T.);
#7635=ADVANCED_FACE('',(#753),#358,.T.);
#7636=ADVANCED_FACE('',(#754),#359,.T.);
#7637=ADVANCED_FACE('',(#755),#360,.F.);
#7638=ADVANCED_FACE('',(#756),#361,.F.);
#7639=ADVANCED_FACE('',(#757),#362,.T.);
#7640=ADVANCED_FACE('',(#758),#7306,.F.);
#7641=ADVANCED_FACE('',(#759),#7307,.T.);
#7642=ADVANCED_FACE('',(#760,#123),#363,.T.);
#7643=ADVANCED_FACE('',(#761),#364,.F.);
#7644=ADVANCED_FACE('',(#762),#365,.F.);
#7645=ADVANCED_FACE('',(#763),#366,.F.);
#7646=ADVANCED_FACE('',(#764,#124),#367,.F.);
#7647=ADVANCED_FACE('',(#765),#368,.T.);
#7648=ADVANCED_FACE('',(#766),#369,.T.);
#7649=ADVANCED_FACE('',(#767),#370,.T.);
#7650=ADVANCED_FACE('',(#768),#371,.F.);
#7651=ADVANCED_FACE('',(#769),#372,.F.);
#7652=ADVANCED_FACE('',(#770),#373,.T.);
#7653=ADVANCED_FACE('',(#771),#7308,.F.);
#7654=ADVANCED_FACE('',(#772),#7309,.T.);
#7655=ADVANCED_FACE('',(#773,#125),#374,.T.);
#7656=ADVANCED_FACE('',(#774),#375,.F.);
#7657=ADVANCED_FACE('',(#775,#126),#376,.F.);
#7658=ADVANCED_FACE('',(#776),#7310,.F.);
#7659=ADVANCED_FACE('',(#777),#377,.T.);
#7660=ADVANCED_FACE('',(#778,#127,#128,#129,#130,#131,#132,#133,#134),#378,
 .F.);
#7661=ADVANCED_FACE('',(#779),#7311,.F.);
#7662=ADVANCED_FACE('',(#780),#379,.T.);
#7663=ADVANCED_FACE('',(#781),#7312,.T.);
#7664=ADVANCED_FACE('',(#782,#135,#136,#137,#138,#139,#140,#141,#142),#380,
 .T.);
#7665=ADVANCED_FACE('',(#783),#7313,.T.);
#7666=ADVANCED_FACE('',(#784),#381,.F.);
#7667=ADVANCED_FACE('',(#785),#382,.F.);
#7668=ADVANCED_FACE('',(#786),#7314,.T.);
#7669=ADVANCED_FACE('',(#787),#383,.T.);
#7670=ADVANCED_FACE('',(#788,#143),#384,.T.);
#7671=ADVANCED_FACE('',(#789),#7315,.T.);
#7672=ADVANCED_FACE('',(#790),#7316,.T.);
#7673=ADVANCED_FACE('',(#791),#385,.T.);
#7674=ADVANCED_FACE('',(#792,#144),#386,.T.);
#7675=ADVANCED_FACE('',(#793),#7317,.T.);
#7676=ADVANCED_FACE('',(#794),#387,.T.);
#7677=ADVANCED_FACE('',(#795,#145),#388,.T.);
#7678=ADVANCED_FACE('',(#796),#7318,.T.);
#7679=ADVANCED_FACE('',(#797),#7319,.T.);
#7680=ADVANCED_FACE('',(#798),#389,.T.);
#7681=ADVANCED_FACE('',(#799,#146),#390,.T.);
#7682=ADVANCED_FACE('',(#800),#7320,.T.);
#7683=ADVANCED_FACE('',(#801),#391,.T.);
#7684=ADVANCED_FACE('',(#802),#7321,.T.);
#7685=ADVANCED_FACE('',(#803),#7322,.T.);
#7686=ADVANCED_FACE('',(#804),#392,.F.);
#7687=ADVANCED_FACE('',(#805),#7323,.T.);
#7688=ADVANCED_FACE('',(#806),#393,.F.);
#7689=ADVANCED_FACE('',(#807),#394,.F.);
#7690=ADVANCED_FACE('',(#808),#395,.F.);
#7691=ADVANCED_FACE('',(#809),#396,.F.);
#7692=ADVANCED_FACE('',(#810),#7324,.T.);
#7693=ADVANCED_FACE('',(#811),#397,.T.);
#7694=ADVANCED_FACE('',(#812),#7325,.T.);
#7695=ADVANCED_FACE('',(#813),#7326,.T.);
#7696=ADVANCED_FACE('',(#814),#398,.F.);
#7697=ADVANCED_FACE('',(#815),#7327,.T.);
#7698=ADVANCED_FACE('',(#816),#399,.F.);
#7699=ADVANCED_FACE('',(#817),#400,.F.);
#7700=ADVANCED_FACE('',(#818),#401,.F.);
#7701=ADVANCED_FACE('',(#819),#402,.F.);
#7702=ADVANCED_FACE('',(#820),#403,.T.);
#7703=ADVANCED_FACE('',(#821),#404,.F.);
#7704=ADVANCED_FACE('',(#822),#405,.F.);
#7705=ADVANCED_FACE('',(#823),#406,.F.);
#7706=ADVANCED_FACE('',(#824),#407,.F.);
#7707=ADVANCED_FACE('',(#825),#408,.F.);
#7708=ADVANCED_FACE('',(#826),#7328,.T.);
#7709=ADVANCED_FACE('',(#827),#409,.T.);
#7710=ADVANCED_FACE('',(#828),#410,.T.);
#7711=ADVANCED_FACE('',(#829),#7329,.F.);
#7712=ADVANCED_FACE('',(#830),#7330,.F.);
#7713=ADVANCED_FACE('',(#831),#7331,.F.);
#7714=ADVANCED_FACE('',(#832),#7332,.T.);
#7715=ADVANCED_FACE('',(#833,#147,#148,#149),#411,.T.);
#7716=ADVANCED_FACE('',(#834,#150,#151,#152),#412,.T.);
#7717=ADVANCED_FACE('',(#835),#7333,.F.);
#7718=ADVANCED_FACE('',(#836),#7334,.F.);
#7719=ADVANCED_FACE('',(#837),#7335,.F.);
#7720=ADVANCED_FACE('',(#838),#7336,.F.);
#7721=ADVANCED_FACE('',(#839,#153,#154,#155,#156),#413,.T.);
#7722=ADVANCED_FACE('',(#840,#157,#158,#159,#160),#414,.F.);
#7723=ADVANCED_FACE('',(#841),#415,.F.);
#7724=ADVANCED_FACE('',(#842),#416,.F.);
#7725=ADVANCED_FACE('',(#843),#417,.F.);
#7726=ADVANCED_FACE('',(#844),#418,.F.);
#7727=ADVANCED_FACE('',(#845),#419,.T.);
#7728=ADVANCED_FACE('',(#846),#420,.F.);
#7729=ADVANCED_FACE('',(#847),#421,.F.);
#7730=ADVANCED_FACE('',(#848),#422,.F.);
#7731=ADVANCED_FACE('',(#849),#423,.F.);
#7732=ADVANCED_FACE('',(#850),#424,.F.);
#7733=ADVANCED_FACE('',(#851),#425,.T.);
#7734=ADVANCED_FACE('',(#852),#426,.F.);
#7735=ADVANCED_FACE('',(#853),#427,.F.);
#7736=ADVANCED_FACE('',(#854),#428,.F.);
#7737=ADVANCED_FACE('',(#855),#429,.F.);
#7738=ADVANCED_FACE('',(#856),#430,.F.);
#7739=ADVANCED_FACE('',(#857),#431,.T.);
#7740=ADVANCED_FACE('',(#858),#432,.F.);
#7741=ADVANCED_FACE('',(#859),#433,.F.);
#7742=ADVANCED_FACE('',(#860),#434,.F.);
#7743=ADVANCED_FACE('',(#861),#435,.F.);
#7744=ADVANCED_FACE('',(#862),#436,.F.);
#7745=ADVANCED_FACE('',(#863),#437,.T.);
#7746=ADVANCED_FACE('',(#864),#438,.F.);
#7747=ADVANCED_FACE('',(#865),#439,.F.);
#7748=ADVANCED_FACE('',(#866),#440,.F.);
#7749=ADVANCED_FACE('',(#867),#441,.F.);
#7750=ADVANCED_FACE('',(#868),#442,.F.);
#7751=ADVANCED_FACE('',(#869),#443,.T.);
#7752=ADVANCED_FACE('',(#870),#444,.F.);
#7753=ADVANCED_FACE('',(#871),#445,.F.);
#7754=ADVANCED_FACE('',(#872),#446,.F.);
#7755=ADVANCED_FACE('',(#873),#447,.F.);
#7756=ADVANCED_FACE('',(#874),#448,.F.);
#7757=ADVANCED_FACE('',(#875),#449,.T.);
#7758=ADVANCED_FACE('',(#876),#450,.F.);
#7759=ADVANCED_FACE('',(#877),#451,.F.);
#7760=ADVANCED_FACE('',(#878),#452,.F.);
#7761=ADVANCED_FACE('',(#879),#453,.F.);
#7762=ADVANCED_FACE('',(#880),#454,.F.);
#7763=CLOSED_SHELL('',(#7337,#7338,#7339,#7340,#7341,#7342,#7343,#7344,
#7345,#7346,#7347,#7348,#7349,#7350,#7351,#7352,#7353,#7354,#7355,#7356,
#7357,#7358,#7359,#7360,#7361,#7362,#7363,#7364,#7365,#7366,#7367,#7368,
#7369,#7370,#7371,#7372,#7373,#7374,#7375,#7376));
#7764=CLOSED_SHELL('',(#7377,#7378,#7379,#7380,#7381,#7382,#7383,#7384,
#7385,#7386,#7387,#7388,#7389,#7390,#7391,#7392,#7393,#7394,#7395,#7396,
#7397,#7398,#7399,#7400,#7401,#7402,#7403,#7404,#7405,#7406,#7407,#7408,
#7409,#7410,#7411,#7412,#7413,#7414,#7415,#7416,#7417,#7418,#7419,#7420,
#7421,#7422,#7423,#7424,#7425,#7426,#7427,#7428,#7429,#7430,#7431,#7432,
#7433,#7434,#7435,#7436,#7437,#7438,#7439,#7440,#7441,#7442,#7443,#7444,
#7445,#7446,#7447,#7448,#7449,#7450,#7451,#7452,#7453,#7454,#7455,#7456,
#7457,#7458,#7459,#7460,#7461));
#7765=CLOSED_SHELL('',(#7462,#7463,#7464,#7465,#7466,#7467,#7468,#7469,
#7470,#7471,#7472,#7473,#7474,#7475,#7476,#7477));
#7766=CLOSED_SHELL('',(#7478,#7479,#7480,#7481,#7482,#7483,#7484,#7485,
#7486,#7487,#7488,#7489,#7490,#7491,#7492,#7493,#7494,#7495,#7496,#7497,
#7498,#7499));
#7767=CLOSED_SHELL('',(#7500,#7501,#7502,#7503,#7504,#7505,#7506,#7507,
#7508,#7509,#7510,#7511,#7512,#7513,#7514,#7515,#7516,#7517,#7518,#7519,
#7520,#7521,#7522,#7523,#7524,#7525,#7526,#7527));
#7768=CLOSED_SHELL('',(#7528,#7529,#7530,#7531,#7532,#7533,#7534,#7535,
#7536,#7537,#7538,#7539,#7540,#7541,#7542,#7543,#7544,#7545,#7546,#7547,
#7548,#7549,#7550,#7551,#7552,#7553,#7554,#7555,#7556,#7557,#7558,#7559,
#7560,#7561,#7562,#7563,#7564,#7565,#7566,#7567,#7568,#7569,#7570,#7571,
#7572,#7573,#7574,#7575,#7576,#7577,#7578,#7579,#7580,#7581,#7582,#7583,
#7584,#7585,#7586,#7587,#7588,#7589));
#7769=CLOSED_SHELL('',(#7590,#7591,#7592,#7593,#7594,#7595,#7596,#7597,
#7598,#7599,#7600,#7601,#7602,#7603,#7604,#7605,#7606,#7607,#7608,#7609,
#7610,#7611,#7612,#7613,#7614,#7615,#7616,#7617,#7618,#7619,#7620,#7621,
#7622,#7623,#7624,#7625,#7626,#7627,#7628,#7629,#7630,#7631,#7632,#7633,
#7634,#7635,#7636,#7637,#7638,#7639,#7640,#7641,#7642,#7643,#7644,#7645,
#7646,#7647,#7648,#7649,#7650,#7651,#7652,#7653,#7654,#7655,#7656,#7657,
#7658,#7659,#7660,#7661,#7662,#7663,#7664,#7665,#7666,#7667));
#7770=CLOSED_SHELL('',(#7668,#7669,#7670,#7671,#7672,#7673,#7674));
#7771=CLOSED_SHELL('',(#7675,#7676,#7677,#7678,#7679,#7680,#7681));
#7772=CLOSED_SHELL('',(#7682,#7683,#7684,#7685,#7686,#7687,#7688,#7689,
#7690,#7691));
#7773=CLOSED_SHELL('',(#7692,#7693,#7694,#7695,#7696,#7697,#7698,#7699,
#7700,#7701));
#7774=CLOSED_SHELL('',(#7702,#7703,#7704,#7705,#7706,#7707));
#7775=CLOSED_SHELL('',(#7708,#7709,#7710));
#7776=CLOSED_SHELL('',(#7711,#7712,#7713,#7714,#7715,#7716));
#7777=CLOSED_SHELL('',(#7717,#7718,#7719,#7720,#7721,#7722,#7723,#7724,
#7725,#7726));
#7778=CLOSED_SHELL('',(#7727,#7728,#7729,#7730,#7731,#7732));
#7779=CLOSED_SHELL('',(#7733,#7734,#7735,#7736,#7737,#7738));
#7780=CLOSED_SHELL('',(#7739,#7740,#7741,#7742,#7743,#7744));
#7781=CLOSED_SHELL('',(#7745,#7746,#7747,#7748,#7749,#7750));
#7782=CLOSED_SHELL('',(#7751,#7752,#7753,#7754,#7755,#7756));
#7783=CLOSED_SHELL('',(#7757,#7758,#7759,#7760,#7761,#7762));
#7784=DERIVED_UNIT_ELEMENT(#7786,1.);
#7785=DERIVED_UNIT_ELEMENT(#12931,-3.);
#7786=(
MASS_UNIT()
NAMED_UNIT(*)
SI_UNIT(.KILO.,.GRAM.)
);
#7787=DERIVED_UNIT((#7784,#7785));
#7788=MEASURE_REPRESENTATION_ITEM('density measure',
POSITIVE_RATIO_MEASURE(7850.),#7787);
#7789=PROPERTY_DEFINITION_REPRESENTATION(#7794,#7791);
#7790=PROPERTY_DEFINITION_REPRESENTATION(#7795,#7792);
#7791=REPRESENTATION('material name',(#7793),#12928);
#7792=REPRESENTATION('density',(#7788),#12928);
#7793=DESCRIPTIVE_REPRESENTATION_ITEM('Steel','Steel');
#7794=PROPERTY_DEFINITION('material property','material name',#12938);
#7795=PROPERTY_DEFINITION('material property','density of part',#12938);
#7796=AXIS2_PLACEMENT_3D('',#10713,#8505,#8506);
#7797=AXIS2_PLACEMENT_3D('',#10714,#8507,#8508);
#7798=AXIS2_PLACEMENT_3D('',#10716,#8509,#8510);
#7799=AXIS2_PLACEMENT_3D('',#10719,#8512,#8513);
#7800=AXIS2_PLACEMENT_3D('',#10720,#8514,#8515);
#7801=AXIS2_PLACEMENT_3D('',#10721,#8516,#8517);
#7802=AXIS2_PLACEMENT_3D('',#10730,#8522,#8523);
#7803=AXIS2_PLACEMENT_3D('',#10732,#8524,#8525);
#7804=AXIS2_PLACEMENT_3D('',#10735,#8527,#8528);
#7805=AXIS2_PLACEMENT_3D('',#10736,#8529,#8530);
#7806=AXIS2_PLACEMENT_3D('',#10742,#8534,#8535);
#7807=AXIS2_PLACEMENT_3D('',#10744,#8536,#8537);
#7808=AXIS2_PLACEMENT_3D('',#10747,#8539,#8540);
#7809=AXIS2_PLACEMENT_3D('',#10748,#8541,#8542);
#7810=AXIS2_PLACEMENT_3D('',#10750,#8543,#8544);
#7811=AXIS2_PLACEMENT_3D('',#10752,#8545,#8546);
#7812=AXIS2_PLACEMENT_3D('',#10754,#8548,#8549);
#7813=AXIS2_PLACEMENT_3D('',#10758,#8551,#8552);
#7814=AXIS2_PLACEMENT_3D('',#10760,#8554,#8555);
#7815=AXIS2_PLACEMENT_3D('',#10763,#8556,#8557);
#7816=AXIS2_PLACEMENT_3D('',#10766,#8560,#8561);
#7817=AXIS2_PLACEMENT_3D('',#10768,#8563,#8564);
#7818=AXIS2_PLACEMENT_3D('',#10770,#8566,#8567);
#7819=AXIS2_PLACEMENT_3D('',#10772,#8568,#8569);
#7820=AXIS2_PLACEMENT_3D('',#10775,#8571,#8572);
#7821=AXIS2_PLACEMENT_3D('',#10776,#8573,#8574);
#7822=AXIS2_PLACEMENT_3D('',#10777,#8575,#8576);
#7823=AXIS2_PLACEMENT_3D('',#10786,#8581,#8582);
#7824=AXIS2_PLACEMENT_3D('',#10788,#8583,#8584);
#7825=AXIS2_PLACEMENT_3D('',#10791,#8586,#8587);
#7826=AXIS2_PLACEMENT_3D('',#10792,#8588,#8589);
#7827=AXIS2_PLACEMENT_3D('',#10798,#8593,#8594);
#7828=AXIS2_PLACEMENT_3D('',#10800,#8595,#8596);
#7829=AXIS2_PLACEMENT_3D('',#10803,#8598,#8599);
#7830=AXIS2_PLACEMENT_3D('',#10804,#8600,#8601);
#7831=AXIS2_PLACEMENT_3D('',#10806,#8602,#8603);
#7832=AXIS2_PLACEMENT_3D('',#10808,#8604,#8605);
#7833=AXIS2_PLACEMENT_3D('',#10810,#8607,#8608);
#7834=AXIS2_PLACEMENT_3D('',#10814,#8610,#8611);
#7835=AXIS2_PLACEMENT_3D('',#10816,#8613,#8614);
#7836=AXIS2_PLACEMENT_3D('',#10819,#8615,#8616);
#7837=AXIS2_PLACEMENT_3D('',#10822,#8619,#8620);
#7838=AXIS2_PLACEMENT_3D('',#10824,#8622,#8623);
#7839=AXIS2_PLACEMENT_3D('',#10826,#8625,#8626);
#7840=AXIS2_PLACEMENT_3D('',#10829,#8627,#8628);
#7841=AXIS2_PLACEMENT_3D('',#10833,#8630,#8631);
#7842=AXIS2_PLACEMENT_3D('',#10835,#8633,#8634);
#7843=AXIS2_PLACEMENT_3D('',#10841,#8638,#8639);
#7844=AXIS2_PLACEMENT_3D('',#10843,#8640,#8641);
#7845=AXIS2_PLACEMENT_3D('',#10845,#8642,#8643);
#7846=AXIS2_PLACEMENT_3D('',#10847,#8645,#8646);
#7847=AXIS2_PLACEMENT_3D('',#10853,#8650,#8651);
#7848=AXIS2_PLACEMENT_3D('',#10856,#8652,#8653);
#7849=AXIS2_PLACEMENT_3D('',#10860,#8655,#8656);
#7850=AXIS2_PLACEMENT_3D('',#10862,#8658,#8659);
#7851=AXIS2_PLACEMENT_3D('',#10864,#8660,#8661);
#7852=AXIS2_PLACEMENT_3D('',#10866,#8662,#8663);
#7853=AXIS2_PLACEMENT_3D('',#10868,#8665,#8666);
#7854=AXIS2_PLACEMENT_3D('',#10871,#8669,#8670);
#7855=AXIS2_PLACEMENT_3D('',#10874,#8673,#8674);
#7856=AXIS2_PLACEMENT_3D('',#10879,#8676,#8677);
#7857=AXIS2_PLACEMENT_3D('',#10882,#8679,#8680);
#7858=AXIS2_PLACEMENT_3D('',#10883,#8681,#8682);
#7859=AXIS2_PLACEMENT_3D('',#10887,#8684,#8685);
#7860=AXIS2_PLACEMENT_3D('',#10891,#8687,#8688);
#7861=AXIS2_PLACEMENT_3D('',#10895,#8690,#8691);
#7862=AXIS2_PLACEMENT_3D('',#10897,#8693,#8694);
#7863=AXIS2_PLACEMENT_3D('',#10901,#8696,#8697);
#7864=AXIS2_PLACEMENT_3D('',#10903,#8699,#8700);
#7865=AXIS2_PLACEMENT_3D('',#10908,#8703,#8704);
#7866=AXIS2_PLACEMENT_3D('',#10909,#8705,#8706);
#7867=AXIS2_PLACEMENT_3D('',#10914,#8709,#8710);
#7868=AXIS2_PLACEMENT_3D('',#10917,#8713,#8714);
#7869=AXIS2_PLACEMENT_3D('',#10920,#8717,#8718);
#7870=AXIS2_PLACEMENT_3D('',#10921,#8719,#8720);
#7871=AXIS2_PLACEMENT_3D('',#10922,#8721,#8722);
#7872=AXIS2_PLACEMENT_3D('',#10923,#8723,#8724);
#7873=AXIS2_PLACEMENT_3D('',#10924,#8725,#8726);
#7874=AXIS2_PLACEMENT_3D('',#10933,#8731,#8732);
#7875=AXIS2_PLACEMENT_3D('',#10939,#8736,#8737);
#7876=AXIS2_PLACEMENT_3D('',#10951,#8744,#8745);
#7877=AXIS2_PLACEMENT_3D('',#10971,#8756,#8757);
#7878=AXIS2_PLACEMENT_3D('',#10973,#8758,#8759);
#7879=AXIS2_PLACEMENT_3D('',#10976,#8761,#8762);
#7880=AXIS2_PLACEMENT_3D('',#10977,#8763,#8764);
#7881=AXIS2_PLACEMENT_3D('',#10978,#8765,#8766);
#7882=AXIS2_PLACEMENT_3D('',#10980,#8767,#8768);
#7883=AXIS2_PLACEMENT_3D('',#10984,#8770,#8771);
#7884=AXIS2_PLACEMENT_3D('',#10986,#8772,#8773);
#7885=AXIS2_PLACEMENT_3D('',#10990,#8775,#8776);
#7886=AXIS2_PLACEMENT_3D('',#10994,#8778,#8779);
#7887=AXIS2_PLACEMENT_3D('',#10998,#8781,#8782);
#7888=AXIS2_PLACEMENT_3D('',#11002,#8784,#8785);
#7889=AXIS2_PLACEMENT_3D('',#11003,#8786,#8787);
#7890=AXIS2_PLACEMENT_3D('',#11004,#8788,#8789);
#7891=AXIS2_PLACEMENT_3D('',#11006,#8791,#8792);
#7892=AXIS2_PLACEMENT_3D('',#11007,#8793,#8794);
#7893=AXIS2_PLACEMENT_3D('',#11017,#8800,#8801);
#7894=AXIS2_PLACEMENT_3D('',#11036,#8811,#8812);
#7895=AXIS2_PLACEMENT_3D('',#11040,#8814,#8815);
#7896=AXIS2_PLACEMENT_3D('',#11077,#8834,#8835);
#7897=AXIS2_PLACEMENT_3D('',#11081,#8837,#8838);
#7898=AXIS2_PLACEMENT_3D('',#11085,#8840,#8841);
#7899=AXIS2_PLACEMENT_3D('',#11089,#8843,#8844);
#7900=AXIS2_PLACEMENT_3D('',#11091,#8846,#8847);
#7901=AXIS2_PLACEMENT_3D('',#11098,#8851,#8852);
#7902=AXIS2_PLACEMENT_3D('',#11105,#8856,#8857);
#7903=AXIS2_PLACEMENT_3D('',#11106,#8858,#8859);
#7904=AXIS2_PLACEMENT_3D('',#11114,#8863,#8864);
#7905=AXIS2_PLACEMENT_3D('',#11119,#8867,#8868);
#7906=AXIS2_PLACEMENT_3D('',#11120,#8869,#8870);
#7907=AXIS2_PLACEMENT_3D('',#11122,#8872,#8873);
#7908=AXIS2_PLACEMENT_3D('',#11124,#8875,#8876);
#7909=AXIS2_PLACEMENT_3D('',#11128,#8879,#8880);
#7910=AXIS2_PLACEMENT_3D('',#11129,#8881,#8882);
#7911=AXIS2_PLACEMENT_3D('',#11131,#8883,#8884);
#7912=AXIS2_PLACEMENT_3D('',#11134,#8886,#8887);
#7913=AXIS2_PLACEMENT_3D('',#11135,#8888,#8889);
#7914=AXIS2_PLACEMENT_3D('',#11136,#8890,#8891);
#7915=AXIS2_PLACEMENT_3D('',#11146,#8897,#8898);
#7916=AXIS2_PLACEMENT_3D('',#11152,#8902,#8903);
#7917=AXIS2_PLACEMENT_3D('',#11156,#8906,#8907);
#7918=AXIS2_PLACEMENT_3D('',#11158,#8909,#8910);
#7919=AXIS2_PLACEMENT_3D('',#11162,#8913,#8914);
#7920=AXIS2_PLACEMENT_3D('',#11166,#8917,#8918);
#7921=AXIS2_PLACEMENT_3D('',#11170,#8921,#8922);
#7922=AXIS2_PLACEMENT_3D('',#11172,#8923,#8924);
#7923=AXIS2_PLACEMENT_3D('',#11175,#8926,#8927);
#7924=AXIS2_PLACEMENT_3D('',#11176,#8928,#8929);
#7925=AXIS2_PLACEMENT_3D('',#11177,#8930,#8931);
#7926=AXIS2_PLACEMENT_3D('',#11187,#8937,#8938);
#7927=AXIS2_PLACEMENT_3D('',#11193,#8942,#8943);
#7928=AXIS2_PLACEMENT_3D('',#11200,#8948,#8949);
#7929=AXIS2_PLACEMENT_3D('',#11201,#8950,#8951);
#7930=AXIS2_PLACEMENT_3D('',#11207,#8955,#8956);
#7931=AXIS2_PLACEMENT_3D('',#11213,#8959,#8960);
#7932=AXIS2_PLACEMENT_3D('',#11224,#8966,#8967);
#7933=AXIS2_PLACEMENT_3D('',#11228,#8969,#8970);
#7934=AXIS2_PLACEMENT_3D('',#11230,#8972,#8973);
#7935=AXIS2_PLACEMENT_3D('',#11241,#8980,#8981);
#7936=AXIS2_PLACEMENT_3D('',#11243,#8983,#8984);
#7937=AXIS2_PLACEMENT_3D('',#11245,#8986,#8987);
#7938=AXIS2_PLACEMENT_3D('',#11247,#8988,#8989);
#7939=AXIS2_PLACEMENT_3D('',#11250,#8991,#8992);
#7940=AXIS2_PLACEMENT_3D('',#11251,#8993,#8994);
#7941=AXIS2_PLACEMENT_3D('',#11252,#8995,#8996);
#7942=AXIS2_PLACEMENT_3D('',#11256,#8999,#9000);
#7943=AXIS2_PLACEMENT_3D('',#11260,#9003,#9004);
#7944=AXIS2_PLACEMENT_3D('',#11265,#9008,#9009);
#7945=AXIS2_PLACEMENT_3D('',#11266,#9010,#9011);
#7946=AXIS2_PLACEMENT_3D('',#11270,#9014,#9015);
#7947=AXIS2_PLACEMENT_3D('',#11282,#9022,#9023);
#7948=AXIS2_PLACEMENT_3D('',#11286,#9025,#9026);
#7949=AXIS2_PLACEMENT_3D('',#11288,#9028,#9029);
#7950=AXIS2_PLACEMENT_3D('',#11290,#9030,#9031);
#7951=AXIS2_PLACEMENT_3D('',#11292,#9033,#9034);
#7952=AXIS2_PLACEMENT_3D('',#11293,#9035,#9036);
#7953=AXIS2_PLACEMENT_3D('',#11298,#9041,#9042);
#7954=AXIS2_PLACEMENT_3D('',#11304,#9046,#9047);
#7955=AXIS2_PLACEMENT_3D('',#11306,#9049,#9050);
#7956=AXIS2_PLACEMENT_3D('',#11308,#9051,#9052);
#7957=AXIS2_PLACEMENT_3D('',#11310,#9054,#9055);
#7958=AXIS2_PLACEMENT_3D('',#11311,#9056,#9057);
#7959=AXIS2_PLACEMENT_3D('',#11319,#9061,#9062);
#7960=AXIS2_PLACEMENT_3D('',#11320,#9063,#9064);
#7961=AXIS2_PLACEMENT_3D('',#11325,#9066,#9067);
#7962=AXIS2_PLACEMENT_3D('',#11329,#9070,#9071);
#7963=AXIS2_PLACEMENT_3D('',#11335,#9075,#9076);
#7964=AXIS2_PLACEMENT_3D('',#11339,#9079,#9080);
#7965=AXIS2_PLACEMENT_3D('',#11345,#9084,#9085);
#7966=AXIS2_PLACEMENT_3D('',#11349,#9088,#9089);
#7967=AXIS2_PLACEMENT_3D('',#11356,#9095,#9096);
#7968=AXIS2_PLACEMENT_3D('',#11357,#9097,#9098);
#7969=AXIS2_PLACEMENT_3D('',#11358,#9099,#9100);
#7970=AXIS2_PLACEMENT_3D('',#11359,#9101,#9102);
#7971=AXIS2_PLACEMENT_3D('',#11363,#9105,#9106);
#7972=AXIS2_PLACEMENT_3D('',#11368,#9110,#9111);
#7973=AXIS2_PLACEMENT_3D('',#11372,#9114,#9115);
#7974=AXIS2_PLACEMENT_3D('',#11374,#9117,#9118);
#7975=AXIS2_PLACEMENT_3D('',#11378,#9121,#9122);
#7976=AXIS2_PLACEMENT_3D('',#11380,#9124,#9125);
#7977=AXIS2_PLACEMENT_3D('',#11381,#9126,#9127);
#7978=AXIS2_PLACEMENT_3D('',#11384,#9130,#9131);
#7979=AXIS2_PLACEMENT_3D('',#11386,#9133,#9134);
#7980=AXIS2_PLACEMENT_3D('',#11388,#9136,#9137);
#7981=AXIS2_PLACEMENT_3D('',#11389,#9138,#9139);
#7982=AXIS2_PLACEMENT_3D('',#11392,#9142,#9143);
#7983=AXIS2_PLACEMENT_3D('',#11394,#9145,#9146);
#7984=AXIS2_PLACEMENT_3D('',#11396,#9148,#9149);
#7985=AXIS2_PLACEMENT_3D('',#11397,#9150,#9151);
#7986=AXIS2_PLACEMENT_3D('',#11400,#9154,#9155);
#7987=AXIS2_PLACEMENT_3D('',#11401,#9156,#9157);
#7988=AXIS2_PLACEMENT_3D('',#11402,#9158,#9159);
#7989=AXIS2_PLACEMENT_3D('',#11404,#9161,#9162);
#7990=AXIS2_PLACEMENT_3D('',#11405,#9163,#9164);
#7991=AXIS2_PLACEMENT_3D('',#11406,#9165,#9166);
#7992=AXIS2_PLACEMENT_3D('',#11407,#9167,#9168);
#7993=AXIS2_PLACEMENT_3D('',#11409,#9170,#9171);
#7994=AXIS2_PLACEMENT_3D('',#11410,#9172,#9173);
#7995=AXIS2_PLACEMENT_3D('',#11419,#9178,#9179);
#7996=AXIS2_PLACEMENT_3D('',#11428,#9184,#9185);
#7997=AXIS2_PLACEMENT_3D('',#11431,#9188,#9189);
#7998=AXIS2_PLACEMENT_3D('',#11450,#9199,#9200);
#7999=AXIS2_PLACEMENT_3D('',#11452,#9201,#9202);
#8000=AXIS2_PLACEMENT_3D('',#11453,#9203,#9204);
#8001=AXIS2_PLACEMENT_3D('',#11457,#9207,#9208);
#8002=AXIS2_PLACEMENT_3D('',#11461,#9211,#9212);
#8003=AXIS2_PLACEMENT_3D('',#11464,#9214,#9215);
#8004=AXIS2_PLACEMENT_3D('',#11465,#9216,#9217);
#8005=AXIS2_PLACEMENT_3D('',#11468,#9219,#9220);
#8006=AXIS2_PLACEMENT_3D('',#11469,#9221,#9222);
#8007=AXIS2_PLACEMENT_3D('',#11475,#9226,#9227);
#8008=AXIS2_PLACEMENT_3D('',#11479,#9230,#9231);
#8009=AXIS2_PLACEMENT_3D('',#11483,#9234,#9235);
#8010=AXIS2_PLACEMENT_3D('',#11485,#9237,#9238);
#8011=AXIS2_PLACEMENT_3D('',#11491,#9242,#9243);
#8012=AXIS2_PLACEMENT_3D('',#11493,#9245,#9246);
#8013=AXIS2_PLACEMENT_3D('',#11495,#9248,#9249);
#8014=AXIS2_PLACEMENT_3D('',#11496,#9250,#9251);
#8015=AXIS2_PLACEMENT_3D('',#11498,#9252,#9253);
#8016=AXIS2_PLACEMENT_3D('',#11501,#9255,#9256);
#8017=AXIS2_PLACEMENT_3D('',#11502,#9257,#9258);
#8018=AXIS2_PLACEMENT_3D('',#11515,#9265,#9266);
#8019=AXIS2_PLACEMENT_3D('',#11529,#9274,#9275);
#8020=AXIS2_PLACEMENT_3D('',#11535,#9279,#9280);
#8021=AXIS2_PLACEMENT_3D('',#11537,#9282,#9283);
#8022=AXIS2_PLACEMENT_3D('',#11543,#9287,#9288);
#8023=AXIS2_PLACEMENT_3D('',#11552,#9293,#9294);
#8024=AXIS2_PLACEMENT_3D('',#11555,#9295,#9296);
#8025=AXIS2_PLACEMENT_3D('',#11559,#9298,#9299);
#8026=AXIS2_PLACEMENT_3D('',#11563,#9301,#9302);
#8027=AXIS2_PLACEMENT_3D('',#11567,#9304,#9305);
#8028=AXIS2_PLACEMENT_3D('',#11569,#9307,#9308);
#8029=AXIS2_PLACEMENT_3D('',#11570,#9309,#9310);
#8030=AXIS2_PLACEMENT_3D('',#11571,#9311,#9312);
#8031=AXIS2_PLACEMENT_3D('',#11572,#9313,#9314);
#8032=AXIS2_PLACEMENT_3D('',#11573,#9315,#9316);
#8033=AXIS2_PLACEMENT_3D('',#11574,#9317,#9318);
#8034=AXIS2_PLACEMENT_3D('',#11577,#9319,#9320);
#8035=AXIS2_PLACEMENT_3D('',#11580,#9323,#9324);
#8036=AXIS2_PLACEMENT_3D('',#11584,#9327,#9328);
#8037=AXIS2_PLACEMENT_3D('',#11586,#9329,#9330);
#8038=AXIS2_PLACEMENT_3D('',#11588,#9332,#9333);
#8039=AXIS2_PLACEMENT_3D('',#11590,#9335,#9336);
#8040=AXIS2_PLACEMENT_3D('',#11593,#9337,#9338);
#8041=AXIS2_PLACEMENT_3D('',#11596,#9341,#9342);
#8042=AXIS2_PLACEMENT_3D('',#11600,#9345,#9346);
#8043=AXIS2_PLACEMENT_3D('',#11602,#9347,#9348);
#8044=AXIS2_PLACEMENT_3D('',#11604,#9350,#9351);
#8045=AXIS2_PLACEMENT_3D('',#11606,#9353,#9354);
#8046=AXIS2_PLACEMENT_3D('',#11612,#9358,#9359);
#8047=AXIS2_PLACEMENT_3D('',#11618,#9363,#9364);
#8048=AXIS2_PLACEMENT_3D('',#11620,#9366,#9367);
#8049=AXIS2_PLACEMENT_3D('',#11622,#9369,#9370);
#8050=AXIS2_PLACEMENT_3D('',#11623,#9371,#9372);
#8051=AXIS2_PLACEMENT_3D('',#11625,#9373,#9374);
#8052=AXIS2_PLACEMENT_3D('',#11628,#9376,#9377);
#8053=AXIS2_PLACEMENT_3D('',#11629,#9378,#9379);
#8054=AXIS2_PLACEMENT_3D('',#11630,#9380,#9381);
#8055=AXIS2_PLACEMENT_3D('',#11633,#9382,#9383);
#8056=AXIS2_PLACEMENT_3D('',#11637,#9385,#9386);
#8057=AXIS2_PLACEMENT_3D('',#11639,#9388,#9389);
#8058=AXIS2_PLACEMENT_3D('',#11648,#9394,#9395);
#8059=AXIS2_PLACEMENT_3D('',#11650,#9396,#9397);
#8060=AXIS2_PLACEMENT_3D('',#11653,#9399,#9400);
#8061=AXIS2_PLACEMENT_3D('',#11654,#9401,#9402);
#8062=AXIS2_PLACEMENT_3D('',#11657,#9404,#9405);
#8063=AXIS2_PLACEMENT_3D('',#11661,#9407,#9408);
#8064=AXIS2_PLACEMENT_3D('',#11663,#9410,#9411);
#8065=AXIS2_PLACEMENT_3D('',#11665,#9412,#9413);
#8066=AXIS2_PLACEMENT_3D('',#11667,#9415,#9416);
#8067=AXIS2_PLACEMENT_3D('',#11670,#9417,#9418);
#8068=AXIS2_PLACEMENT_3D('',#11673,#9421,#9422);
#8069=AXIS2_PLACEMENT_3D('',#11683,#9428,#9429);
#8070=AXIS2_PLACEMENT_3D('',#11685,#9431,#9432);
#8071=AXIS2_PLACEMENT_3D('',#11689,#9434,#9435);
#8072=AXIS2_PLACEMENT_3D('',#11693,#9437,#9438);
#8073=AXIS2_PLACEMENT_3D('',#11695,#9440,#9441);
#8074=AXIS2_PLACEMENT_3D('',#11716,#9453,#9454);
#8075=AXIS2_PLACEMENT_3D('',#11720,#9457,#9458);
#8076=AXIS2_PLACEMENT_3D('',#11738,#9468,#9469);
#8077=AXIS2_PLACEMENT_3D('',#11740,#9470,#9471);
#8078=AXIS2_PLACEMENT_3D('',#11742,#9473,#9474);
#8079=AXIS2_PLACEMENT_3D('',#11744,#9475,#9476);
#8080=AXIS2_PLACEMENT_3D('',#11747,#9478,#9479);
#8081=AXIS2_PLACEMENT_3D('',#11748,#9480,#9481);
#8082=AXIS2_PLACEMENT_3D('',#11750,#9482,#9483);
#8083=AXIS2_PLACEMENT_3D('',#11752,#9484,#9485);
#8084=AXIS2_PLACEMENT_3D('',#11754,#9487,#9488);
#8085=AXIS2_PLACEMENT_3D('',#11757,#9490,#9491);
#8086=AXIS2_PLACEMENT_3D('',#11759,#9493,#9494);
#8087=AXIS2_PLACEMENT_3D('',#11761,#9496,#9497);
#8088=AXIS2_PLACEMENT_3D('',#11762,#9498,#9499);
#8089=AXIS2_PLACEMENT_3D('',#11766,#9503,#9504);
#8090=AXIS2_PLACEMENT_3D('',#11768,#9506,#9507);
#8091=AXIS2_PLACEMENT_3D('',#11769,#9508,#9509);
#8092=AXIS2_PLACEMENT_3D('',#11770,#9510,#9511);
#8093=AXIS2_PLACEMENT_3D('',#11771,#9512,#9513);
#8094=AXIS2_PLACEMENT_3D('',#11773,#9515,#9516);
#8095=AXIS2_PLACEMENT_3D('',#11775,#9518,#9519);
#8096=AXIS2_PLACEMENT_3D('',#11776,#9520,#9521);
#8097=AXIS2_PLACEMENT_3D('',#11779,#9522,#9523);
#8098=AXIS2_PLACEMENT_3D('',#11783,#9525,#9526);
#8099=AXIS2_PLACEMENT_3D('',#11785,#9528,#9529);
#8100=AXIS2_PLACEMENT_3D('',#11791,#9533,#9534);
#8101=AXIS2_PLACEMENT_3D('',#11793,#9535,#9536);
#8102=AXIS2_PLACEMENT_3D('',#11795,#9537,#9538);
#8103=AXIS2_PLACEMENT_3D('',#11797,#9540,#9541);
#8104=AXIS2_PLACEMENT_3D('',#11800,#9544,#9545);
#8105=AXIS2_PLACEMENT_3D('',#11802,#9546,#9547);
#8106=AXIS2_PLACEMENT_3D('',#11805,#9549,#9550);
#8107=AXIS2_PLACEMENT_3D('',#11806,#9551,#9552);
#8108=AXIS2_PLACEMENT_3D('',#11807,#9553,#9554);
#8109=AXIS2_PLACEMENT_3D('',#11809,#9555,#9556);
#8110=AXIS2_PLACEMENT_3D('',#11812,#9558,#9559);
#8111=AXIS2_PLACEMENT_3D('',#11813,#9560,#9561);
#8112=AXIS2_PLACEMENT_3D('',#11814,#9562,#9563);
#8113=AXIS2_PLACEMENT_3D('',#11817,#9564,#9565);
#8114=AXIS2_PLACEMENT_3D('',#11821,#9567,#9568);
#8115=AXIS2_PLACEMENT_3D('',#11823,#9570,#9571);
#8116=AXIS2_PLACEMENT_3D('',#11829,#9575,#9576);
#8117=AXIS2_PLACEMENT_3D('',#11831,#9577,#9578);
#8118=AXIS2_PLACEMENT_3D('',#11833,#9579,#9580);
#8119=AXIS2_PLACEMENT_3D('',#11835,#9582,#9583);
#8120=AXIS2_PLACEMENT_3D('',#11838,#9586,#9587);
#8121=AXIS2_PLACEMENT_3D('',#11840,#9588,#9589);
#8122=AXIS2_PLACEMENT_3D('',#11843,#9591,#9592);
#8123=AXIS2_PLACEMENT_3D('',#11844,#9593,#9594);
#8124=AXIS2_PLACEMENT_3D('',#11845,#9595,#9596);
#8125=AXIS2_PLACEMENT_3D('',#11847,#9597,#9598);
#8126=AXIS2_PLACEMENT_3D('',#11850,#9600,#9601);
#8127=AXIS2_PLACEMENT_3D('',#11851,#9602,#9603);
#8128=AXIS2_PLACEMENT_3D('',#11852,#9604,#9605);
#8129=AXIS2_PLACEMENT_3D('',#11855,#9606,#9607);
#8130=AXIS2_PLACEMENT_3D('',#11859,#9609,#9610);
#8131=AXIS2_PLACEMENT_3D('',#11861,#9612,#9613);
#8132=AXIS2_PLACEMENT_3D('',#11867,#9617,#9618);
#8133=AXIS2_PLACEMENT_3D('',#11869,#9619,#9620);
#8134=AXIS2_PLACEMENT_3D('',#11871,#9621,#9622);
#8135=AXIS2_PLACEMENT_3D('',#11873,#9624,#9625);
#8136=AXIS2_PLACEMENT_3D('',#11876,#9628,#9629);
#8137=AXIS2_PLACEMENT_3D('',#11878,#9630,#9631);
#8138=AXIS2_PLACEMENT_3D('',#11881,#9633,#9634);
#8139=AXIS2_PLACEMENT_3D('',#11882,#9635,#9636);
#8140=AXIS2_PLACEMENT_3D('',#11883,#9637,#9638);
#8141=AXIS2_PLACEMENT_3D('',#11885,#9639,#9640);
#8142=AXIS2_PLACEMENT_3D('',#11888,#9642,#9643);
#8143=AXIS2_PLACEMENT_3D('',#11889,#9644,#9645);
#8144=AXIS2_PLACEMENT_3D('',#11890,#9646,#9647);
#8145=AXIS2_PLACEMENT_3D('',#11893,#9648,#9649);
#8146=AXIS2_PLACEMENT_3D('',#11897,#9651,#9652);
#8147=AXIS2_PLACEMENT_3D('',#11899,#9654,#9655);
#8148=AXIS2_PLACEMENT_3D('',#11905,#9659,#9660);
#8149=AXIS2_PLACEMENT_3D('',#11907,#9661,#9662);
#8150=AXIS2_PLACEMENT_3D('',#11909,#9663,#9664);
#8151=AXIS2_PLACEMENT_3D('',#11911,#9666,#9667);
#8152=AXIS2_PLACEMENT_3D('',#11914,#9670,#9671);
#8153=AXIS2_PLACEMENT_3D('',#11916,#9672,#9673);
#8154=AXIS2_PLACEMENT_3D('',#11919,#9675,#9676);
#8155=AXIS2_PLACEMENT_3D('',#11920,#9677,#9678);
#8156=AXIS2_PLACEMENT_3D('',#11921,#9679,#9680);
#8157=AXIS2_PLACEMENT_3D('',#11923,#9681,#9682);
#8158=AXIS2_PLACEMENT_3D('',#11926,#9684,#9685);
#8159=AXIS2_PLACEMENT_3D('',#11927,#9686,#9687);
#8160=AXIS2_PLACEMENT_3D('',#11928,#9688,#9689);
#8161=AXIS2_PLACEMENT_3D('',#11930,#9690,#9691);
#8162=AXIS2_PLACEMENT_3D('',#11933,#9693,#9694);
#8163=AXIS2_PLACEMENT_3D('',#11934,#9695,#9696);
#8164=AXIS2_PLACEMENT_3D('',#11936,#9697,#9698);
#8165=AXIS2_PLACEMENT_3D('',#11939,#9700,#9701);
#8166=AXIS2_PLACEMENT_3D('',#11940,#9702,#9703);
#8167=AXIS2_PLACEMENT_3D('',#11942,#9704,#9705);
#8168=AXIS2_PLACEMENT_3D('',#11945,#9707,#9708);
#8169=AXIS2_PLACEMENT_3D('',#11946,#9709,#9710);
#8170=AXIS2_PLACEMENT_3D('',#11948,#9711,#9712);
#8171=AXIS2_PLACEMENT_3D('',#11951,#9714,#9715);
#8172=AXIS2_PLACEMENT_3D('',#11952,#9716,#9717);
#8173=AXIS2_PLACEMENT_3D('',#11955,#9718,#9719);
#8174=AXIS2_PLACEMENT_3D('',#11959,#9721,#9722);
#8175=AXIS2_PLACEMENT_3D('',#11961,#9724,#9725);
#8176=AXIS2_PLACEMENT_3D('',#11967,#9729,#9730);
#8177=AXIS2_PLACEMENT_3D('',#11969,#9731,#9732);
#8178=AXIS2_PLACEMENT_3D('',#11971,#9733,#9734);
#8179=AXIS2_PLACEMENT_3D('',#11973,#9736,#9737);
#8180=AXIS2_PLACEMENT_3D('',#11979,#9741,#9742);
#8181=AXIS2_PLACEMENT_3D('',#11982,#9743,#9744);
#8182=AXIS2_PLACEMENT_3D('',#11986,#9746,#9747);
#8183=AXIS2_PLACEMENT_3D('',#11988,#9749,#9750);
#8184=AXIS2_PLACEMENT_3D('',#11990,#9751,#9752);
#8185=AXIS2_PLACEMENT_3D('',#11992,#9753,#9754);
#8186=AXIS2_PLACEMENT_3D('',#11994,#9756,#9757);
#8187=AXIS2_PLACEMENT_3D('',#11997,#9760,#9761);
#8188=AXIS2_PLACEMENT_3D('',#12000,#9764,#9765);
#8189=AXIS2_PLACEMENT_3D('',#12003,#9766,#9767);
#8190=AXIS2_PLACEMENT_3D('',#12007,#9769,#9770);
#8191=AXIS2_PLACEMENT_3D('',#12009,#9772,#9773);
#8192=AXIS2_PLACEMENT_3D('',#12015,#9777,#9778);
#8193=AXIS2_PLACEMENT_3D('',#12017,#9779,#9780);
#8194=AXIS2_PLACEMENT_3D('',#12019,#9781,#9782);
#8195=AXIS2_PLACEMENT_3D('',#12021,#9784,#9785);
#8196=AXIS2_PLACEMENT_3D('',#12027,#9789,#9790);
#8197=AXIS2_PLACEMENT_3D('',#12030,#9791,#9792);
#8198=AXIS2_PLACEMENT_3D('',#12034,#9794,#9795);
#8199=AXIS2_PLACEMENT_3D('',#12036,#9797,#9798);
#8200=AXIS2_PLACEMENT_3D('',#12038,#9799,#9800);
#8201=AXIS2_PLACEMENT_3D('',#12040,#9801,#9802);
#8202=AXIS2_PLACEMENT_3D('',#12042,#9804,#9805);
#8203=AXIS2_PLACEMENT_3D('',#12045,#9808,#9809);
#8204=AXIS2_PLACEMENT_3D('',#12048,#9812,#9813);
#8205=AXIS2_PLACEMENT_3D('',#12053,#9815,#9816);
#8206=AXIS2_PLACEMENT_3D('',#12056,#9818,#9819);
#8207=AXIS2_PLACEMENT_3D('',#12057,#9820,#9821);
#8208=AXIS2_PLACEMENT_3D('',#12061,#9823,#9824);
#8209=AXIS2_PLACEMENT_3D('',#12065,#9826,#9827);
#8210=AXIS2_PLACEMENT_3D('',#12069,#9829,#9830);
#8211=AXIS2_PLACEMENT_3D('',#12071,#9832,#9833);
#8212=AXIS2_PLACEMENT_3D('',#12075,#9835,#9836);
#8213=AXIS2_PLACEMENT_3D('',#12077,#9838,#9839);
#8214=AXIS2_PLACEMENT_3D('',#12082,#9842,#9843);
#8215=AXIS2_PLACEMENT_3D('',#12083,#9844,#9845);
#8216=AXIS2_PLACEMENT_3D('',#12088,#9848,#9849);
#8217=AXIS2_PLACEMENT_3D('',#12091,#9852,#9853);
#8218=AXIS2_PLACEMENT_3D('',#12094,#9856,#9857);
#8219=AXIS2_PLACEMENT_3D('',#12095,#9858,#9859);
#8220=AXIS2_PLACEMENT_3D('',#12096,#9860,#9861);
#8221=AXIS2_PLACEMENT_3D('',#12097,#9862,#9863);
#8222=AXIS2_PLACEMENT_3D('',#12098,#9864,#9865);
#8223=AXIS2_PLACEMENT_3D('',#12101,#9866,#9867);
#8224=AXIS2_PLACEMENT_3D('',#12105,#9869,#9870);
#8225=AXIS2_PLACEMENT_3D('',#12107,#9872,#9873);
#8226=AXIS2_PLACEMENT_3D('',#12113,#9877,#9878);
#8227=AXIS2_PLACEMENT_3D('',#12115,#9879,#9880);
#8228=AXIS2_PLACEMENT_3D('',#12117,#9881,#9882);
#8229=AXIS2_PLACEMENT_3D('',#12119,#9884,#9885);
#8230=AXIS2_PLACEMENT_3D('',#12122,#9888,#9889);
#8231=AXIS2_PLACEMENT_3D('',#12125,#9890,#9891);
#8232=AXIS2_PLACEMENT_3D('',#12129,#9893,#9894);
#8233=AXIS2_PLACEMENT_3D('',#12131,#9896,#9897);
#8234=AXIS2_PLACEMENT_3D('',#12137,#9901,#9902);
#8235=AXIS2_PLACEMENT_3D('',#12139,#9903,#9904);
#8236=AXIS2_PLACEMENT_3D('',#12141,#9905,#9906);
#8237=AXIS2_PLACEMENT_3D('',#12143,#9908,#9909);
#8238=AXIS2_PLACEMENT_3D('',#12146,#9912,#9913);
#8239=AXIS2_PLACEMENT_3D('',#12149,#9914,#9915);
#8240=AXIS2_PLACEMENT_3D('',#12153,#9917,#9918);
#8241=AXIS2_PLACEMENT_3D('',#12155,#9920,#9921);
#8242=AXIS2_PLACEMENT_3D('',#12161,#9925,#9926);
#8243=AXIS2_PLACEMENT_3D('',#12163,#9927,#9928);
#8244=AXIS2_PLACEMENT_3D('',#12165,#9929,#9930);
#8245=AXIS2_PLACEMENT_3D('',#12167,#9932,#9933);
#8246=AXIS2_PLACEMENT_3D('',#12170,#9936,#9937);
#8247=AXIS2_PLACEMENT_3D('',#12173,#9938,#9939);
#8248=AXIS2_PLACEMENT_3D('',#12177,#9941,#9942);
#8249=AXIS2_PLACEMENT_3D('',#12179,#9944,#9945);
#8250=AXIS2_PLACEMENT_3D('',#12185,#9949,#9950);
#8251=AXIS2_PLACEMENT_3D('',#12187,#9951,#9952);
#8252=AXIS2_PLACEMENT_3D('',#12189,#9953,#9954);
#8253=AXIS2_PLACEMENT_3D('',#12191,#9956,#9957);
#8254=AXIS2_PLACEMENT_3D('',#12194,#9960,#9961);
#8255=AXIS2_PLACEMENT_3D('',#12196,#9962,#9963);
#8256=AXIS2_PLACEMENT_3D('',#12199,#9965,#9966);
#8257=AXIS2_PLACEMENT_3D('',#12200,#9967,#9968);
#8258=AXIS2_PLACEMENT_3D('',#12202,#9969,#9970);
#8259=AXIS2_PLACEMENT_3D('',#12203,#9971,#9972);
#8260=AXIS2_PLACEMENT_3D('',#12205,#9973,#9974);
#8261=AXIS2_PLACEMENT_3D('',#12207,#9976,#9977);
#8262=AXIS2_PLACEMENT_3D('',#12209,#9978,#9979);
#8263=AXIS2_PLACEMENT_3D('',#12212,#9981,#9982);
#8264=AXIS2_PLACEMENT_3D('',#12213,#9983,#9984);
#8265=AXIS2_PLACEMENT_3D('',#12214,#9985,#9986);
#8266=AXIS2_PLACEMENT_3D('',#12216,#9987,#9988);
#8267=AXIS2_PLACEMENT_3D('',#12219,#9990,#9991);
#8268=AXIS2_PLACEMENT_3D('',#12220,#9992,#9993);
#8269=AXIS2_PLACEMENT_3D('',#12222,#9994,#9995);
#8270=AXIS2_PLACEMENT_3D('',#12223,#9996,#9997);
#8271=AXIS2_PLACEMENT_3D('',#12225,#9998,#9999);
#8272=AXIS2_PLACEMENT_3D('',#12227,#10001,#10002);
#8273=AXIS2_PLACEMENT_3D('',#12229,#10003,#10004);
#8274=AXIS2_PLACEMENT_3D('',#12232,#10006,#10007);
#8275=AXIS2_PLACEMENT_3D('',#12233,#10008,#10009);
#8276=AXIS2_PLACEMENT_3D('',#12234,#10010,#10011);
#8277=AXIS2_PLACEMENT_3D('',#12236,#10012,#10013);
#8278=AXIS2_PLACEMENT_3D('',#12239,#10015,#10016);
#8279=AXIS2_PLACEMENT_3D('',#12240,#10017,#10018);
#8280=AXIS2_PLACEMENT_3D('',#12242,#10019,#10020);
#8281=AXIS2_PLACEMENT_3D('',#12243,#10021,#10022);
#8282=AXIS2_PLACEMENT_3D('',#12245,#10023,#10024);
#8283=AXIS2_PLACEMENT_3D('',#12247,#10026,#10027);
#8284=AXIS2_PLACEMENT_3D('',#12249,#10028,#10029);
#8285=AXIS2_PLACEMENT_3D('',#12252,#10031,#10032);
#8286=AXIS2_PLACEMENT_3D('',#12253,#10033,#10034);
#8287=AXIS2_PLACEMENT_3D('',#12254,#10035,#10036);
#8288=AXIS2_PLACEMENT_3D('',#12256,#10037,#10038);
#8289=AXIS2_PLACEMENT_3D('',#12259,#10040,#10041);
#8290=AXIS2_PLACEMENT_3D('',#12260,#10042,#10043);
#8291=AXIS2_PLACEMENT_3D('',#12262,#10044,#10045);
#8292=AXIS2_PLACEMENT_3D('',#12263,#10046,#10047);
#8293=AXIS2_PLACEMENT_3D('',#12265,#10048,#10049);
#8294=AXIS2_PLACEMENT_3D('',#12267,#10051,#10052);
#8295=AXIS2_PLACEMENT_3D('',#12269,#10053,#10054);
#8296=AXIS2_PLACEMENT_3D('',#12272,#10056,#10057);
#8297=AXIS2_PLACEMENT_3D('',#12273,#10058,#10059);
#8298=AXIS2_PLACEMENT_3D('',#12274,#10060,#10061);
#8299=AXIS2_PLACEMENT_3D('',#12283,#10066,#10067);
#8300=AXIS2_PLACEMENT_3D('',#12289,#10071,#10072);
#8301=AXIS2_PLACEMENT_3D('',#12295,#10076,#10077);
#8302=AXIS2_PLACEMENT_3D('',#12298,#10080,#10081);
#8303=AXIS2_PLACEMENT_3D('',#12307,#10086,#10087);
#8304=AXIS2_PLACEMENT_3D('',#12313,#10091,#10092);
#8305=AXIS2_PLACEMENT_3D('',#12319,#10096,#10097);
#8306=AXIS2_PLACEMENT_3D('',#12322,#10100,#10101);
#8307=AXIS2_PLACEMENT_3D('',#12331,#10106,#10107);
#8308=AXIS2_PLACEMENT_3D('',#12340,#10112,#10113);
#8309=AXIS2_PLACEMENT_3D('',#12349,#10118,#10119);
#8310=AXIS2_PLACEMENT_3D('',#12352,#10121,#10122);
#8311=AXIS2_PLACEMENT_3D('',#12354,#10123,#10124);
#8312=AXIS2_PLACEMENT_3D('',#12356,#10126,#10127);
#8313=AXIS2_PLACEMENT_3D('',#12358,#10128,#10129);
#8314=AXIS2_PLACEMENT_3D('',#12365,#10133,#10134);
#8315=AXIS2_PLACEMENT_3D('',#12366,#10135,#10136);
#8316=AXIS2_PLACEMENT_3D('',#12372,#10140,#10141);
#8317=AXIS2_PLACEMENT_3D('',#12374,#10142,#10143);
#8318=AXIS2_PLACEMENT_3D('',#12378,#10145,#10146);
#8319=AXIS2_PLACEMENT_3D('',#12380,#10148,#10149);
#8320=AXIS2_PLACEMENT_3D('',#12384,#10151,#10152);
#8321=AXIS2_PLACEMENT_3D('',#12387,#10154,#10155);
#8322=AXIS2_PLACEMENT_3D('',#12388,#10156,#10157);
#8323=AXIS2_PLACEMENT_3D('',#12400,#10164,#10165);
#8324=AXIS2_PLACEMENT_3D('',#12404,#10168,#10169);
#8325=AXIS2_PLACEMENT_3D('',#12410,#10173,#10174);
#8326=AXIS2_PLACEMENT_3D('',#12413,#10176,#10177);
#8327=AXIS2_PLACEMENT_3D('',#12415,#10178,#10179);
#8328=AXIS2_PLACEMENT_3D('',#12417,#10181,#10182);
#8329=AXIS2_PLACEMENT_3D('',#12427,#10188,#10189);
#8330=AXIS2_PLACEMENT_3D('',#12433,#10193,#10194);
#8331=AXIS2_PLACEMENT_3D('',#12442,#10199,#10200);
#8332=AXIS2_PLACEMENT_3D('',#12451,#10205,#10206);
#8333=AXIS2_PLACEMENT_3D('',#12454,#10208,#10209);
#8334=AXIS2_PLACEMENT_3D('',#12456,#10210,#10211);
#8335=AXIS2_PLACEMENT_3D('',#12458,#10213,#10214);
#8336=AXIS2_PLACEMENT_3D('',#12460,#10216,#10217);
#8337=AXIS2_PLACEMENT_3D('',#12461,#10218,#10219);
#8338=AXIS2_PLACEMENT_3D('',#12462,#10220,#10221);
#8339=AXIS2_PLACEMENT_3D('',#12463,#10222,#10223);
#8340=AXIS2_PLACEMENT_3D('',#12465,#10224,#10225);
#8341=AXIS2_PLACEMENT_3D('',#12468,#10227,#10228);
#8342=AXIS2_PLACEMENT_3D('',#12469,#10229,#10230);
#8343=AXIS2_PLACEMENT_3D('',#12471,#10231,#10232);
#8344=AXIS2_PLACEMENT_3D('',#12474,#10234,#10235);
#8345=AXIS2_PLACEMENT_3D('',#12475,#10236,#10237);
#8346=AXIS2_PLACEMENT_3D('',#12479,#10240,#10241);
#8347=AXIS2_PLACEMENT_3D('',#12482,#10243,#10244);
#8348=AXIS2_PLACEMENT_3D('',#12484,#10245,#10246);
#8349=AXIS2_PLACEMENT_3D('',#12486,#10248,#10249);
#8350=AXIS2_PLACEMENT_3D('',#12490,#10252,#10253);
#8351=AXIS2_PLACEMENT_3D('',#12492,#10254,#10255);
#8352=AXIS2_PLACEMENT_3D('',#12494,#10257,#10258);
#8353=AXIS2_PLACEMENT_3D('',#12496,#10260,#10261);
#8354=AXIS2_PLACEMENT_3D('',#12499,#10263,#10264);
#8355=AXIS2_PLACEMENT_3D('',#12500,#10265,#10266);
#8356=AXIS2_PLACEMENT_3D('',#12502,#10268,#10269);
#8357=AXIS2_PLACEMENT_3D('',#12503,#10270,#10271);
#8358=AXIS2_PLACEMENT_3D('',#12506,#10273,#10274);
#8359=AXIS2_PLACEMENT_3D('',#12507,#10275,#10276);
#8360=AXIS2_PLACEMENT_3D('',#12510,#10278,#10279);
#8361=AXIS2_PLACEMENT_3D('',#12512,#10281,#10282);
#8362=AXIS2_PLACEMENT_3D('',#12514,#10284,#10285);
#8363=AXIS2_PLACEMENT_3D('',#12515,#10286,#10287);
#8364=AXIS2_PLACEMENT_3D('',#12516,#10288,#10289);
#8365=AXIS2_PLACEMENT_3D('',#12518,#10290,#10291);
#8366=AXIS2_PLACEMENT_3D('',#12521,#10293,#10294);
#8367=AXIS2_PLACEMENT_3D('',#12522,#10295,#10296);
#8368=AXIS2_PLACEMENT_3D('',#12523,#10297,#10298);
#8369=AXIS2_PLACEMENT_3D('',#12525,#10299,#10300);
#8370=AXIS2_PLACEMENT_3D('',#12527,#10301,#10302);
#8371=AXIS2_PLACEMENT_3D('',#12528,#10303,#10304);
#8372=AXIS2_PLACEMENT_3D('',#12530,#10305,#10306);
#8373=AXIS2_PLACEMENT_3D('',#12532,#10308,#10309);
#8374=AXIS2_PLACEMENT_3D('',#12535,#10311,#10312);
#8375=AXIS2_PLACEMENT_3D('',#12536,#10313,#10314);
#8376=AXIS2_PLACEMENT_3D('',#12537,#10315,#10316);
#8377=AXIS2_PLACEMENT_3D('',#12538,#10317,#10318);
#8378=AXIS2_PLACEMENT_3D('',#12540,#10319,#10320);
#8379=AXIS2_PLACEMENT_3D('',#12543,#10322,#10323);
#8380=AXIS2_PLACEMENT_3D('',#12544,#10324,#10325);
#8381=AXIS2_PLACEMENT_3D('',#12545,#10326,#10327);
#8382=AXIS2_PLACEMENT_3D('',#12547,#10328,#10329);
#8383=AXIS2_PLACEMENT_3D('',#12549,#10330,#10331);
#8384=AXIS2_PLACEMENT_3D('',#12550,#10332,#10333);
#8385=AXIS2_PLACEMENT_3D('',#12552,#10334,#10335);
#8386=AXIS2_PLACEMENT_3D('',#12554,#10337,#10338);
#8387=AXIS2_PLACEMENT_3D('',#12557,#10340,#10341);
#8388=AXIS2_PLACEMENT_3D('',#12558,#10342,#10343);
#8389=AXIS2_PLACEMENT_3D('',#12559,#10344,#10345);
#8390=AXIS2_PLACEMENT_3D('',#12560,#10346,#10347);
#8391=AXIS2_PLACEMENT_3D('',#12565,#10349,#10350);
#8392=AXIS2_PLACEMENT_3D('',#12568,#10352,#10353);
#8393=AXIS2_PLACEMENT_3D('',#12569,#10354,#10355);
#8394=AXIS2_PLACEMENT_3D('',#12573,#10357,#10358);
#8395=AXIS2_PLACEMENT_3D('',#12577,#10360,#10361);
#8396=AXIS2_PLACEMENT_3D('',#12581,#10363,#10364);
#8397=AXIS2_PLACEMENT_3D('',#12583,#10366,#10367);
#8398=AXIS2_PLACEMENT_3D('',#12587,#10369,#10370);
#8399=AXIS2_PLACEMENT_3D('',#12589,#10372,#10373);
#8400=AXIS2_PLACEMENT_3D('',#12594,#10376,#10377);
#8401=AXIS2_PLACEMENT_3D('',#12595,#10378,#10379);
#8402=AXIS2_PLACEMENT_3D('',#12600,#10382,#10383);
#8403=AXIS2_PLACEMENT_3D('',#12603,#10386,#10387);
#8404=AXIS2_PLACEMENT_3D('',#12606,#10390,#10391);
#8405=AXIS2_PLACEMENT_3D('',#12607,#10392,#10393);
#8406=AXIS2_PLACEMENT_3D('',#12608,#10394,#10395);
#8407=AXIS2_PLACEMENT_3D('',#12609,#10396,#10397);
#8408=AXIS2_PLACEMENT_3D('',#12610,#10398,#10399);
#8409=AXIS2_PLACEMENT_3D('',#12615,#10401,#10402);
#8410=AXIS2_PLACEMENT_3D('',#12618,#10404,#10405);
#8411=AXIS2_PLACEMENT_3D('',#12619,#10406,#10407);
#8412=AXIS2_PLACEMENT_3D('',#12623,#10409,#10410);
#8413=AXIS2_PLACEMENT_3D('',#12627,#10412,#10413);
#8414=AXIS2_PLACEMENT_3D('',#12631,#10415,#10416);
#8415=AXIS2_PLACEMENT_3D('',#12633,#10418,#10419);
#8416=AXIS2_PLACEMENT_3D('',#12637,#10421,#10422);
#8417=AXIS2_PLACEMENT_3D('',#12639,#10424,#10425);
#8418=AXIS2_PLACEMENT_3D('',#12644,#10428,#10429);
#8419=AXIS2_PLACEMENT_3D('',#12645,#10430,#10431);
#8420=AXIS2_PLACEMENT_3D('',#12650,#10434,#10435);
#8421=AXIS2_PLACEMENT_3D('',#12653,#10438,#10439);
#8422=AXIS2_PLACEMENT_3D('',#12656,#10442,#10443);
#8423=AXIS2_PLACEMENT_3D('',#12657,#10444,#10445);
#8424=AXIS2_PLACEMENT_3D('',#12658,#10446,#10447);
#8425=AXIS2_PLACEMENT_3D('',#12659,#10448,#10449);
#8426=AXIS2_PLACEMENT_3D('',#12660,#10450,#10451);
#8427=AXIS2_PLACEMENT_3D('',#12669,#10456,#10457);
#8428=AXIS2_PLACEMENT_3D('',#12678,#10462,#10463);
#8429=AXIS2_PLACEMENT_3D('',#12681,#10466,#10467);
#8430=AXIS2_PLACEMENT_3D('',#12683,#10469,#10470);
#8431=AXIS2_PLACEMENT_3D('',#12685,#10472,#10473);
#8432=AXIS2_PLACEMENT_3D('',#12686,#10474,#10475);
#8433=AXIS2_PLACEMENT_3D('',#12688,#10476,#10477);
#8434=AXIS2_PLACEMENT_3D('',#12691,#10479,#10480);
#8435=AXIS2_PLACEMENT_3D('',#12692,#10481,#10482);
#8436=AXIS2_PLACEMENT_3D('',#12693,#10483,#10484);
#8437=AXIS2_PLACEMENT_3D('',#12694,#10485,#10486);
#8438=AXIS2_PLACEMENT_3D('',#12696,#10487,#10488);
#8439=AXIS2_PLACEMENT_3D('',#12699,#10490,#10491);
#8440=AXIS2_PLACEMENT_3D('',#12700,#10492,#10493);
#8441=AXIS2_PLACEMENT_3D('',#12702,#10494,#10495);
#8442=AXIS2_PLACEMENT_3D('',#12705,#10497,#10498);
#8443=AXIS2_PLACEMENT_3D('',#12706,#10499,#10500);
#8444=AXIS2_PLACEMENT_3D('',#12708,#10501,#10502);
#8445=AXIS2_PLACEMENT_3D('',#12711,#10504,#10505);
#8446=AXIS2_PLACEMENT_3D('',#12712,#10506,#10507);
#8447=AXIS2_PLACEMENT_3D('',#12714,#10508,#10509);
#8448=AXIS2_PLACEMENT_3D('',#12717,#10511,#10512);
#8449=AXIS2_PLACEMENT_3D('',#12718,#10513,#10514);
#8450=AXIS2_PLACEMENT_3D('',#12719,#10515,#10516);
#8451=AXIS2_PLACEMENT_3D('',#12720,#10517,#10518);
#8452=AXIS2_PLACEMENT_3D('',#12722,#10519,#10520);
#8453=AXIS2_PLACEMENT_3D('',#12725,#10522,#10523);
#8454=AXIS2_PLACEMENT_3D('',#12726,#10524,#10525);
#8455=AXIS2_PLACEMENT_3D('',#12728,#10526,#10527);
#8456=AXIS2_PLACEMENT_3D('',#12731,#10529,#10530);
#8457=AXIS2_PLACEMENT_3D('',#12732,#10531,#10532);
#8458=AXIS2_PLACEMENT_3D('',#12734,#10533,#10534);
#8459=AXIS2_PLACEMENT_3D('',#12737,#10536,#10537);
#8460=AXIS2_PLACEMENT_3D('',#12738,#10538,#10539);
#8461=AXIS2_PLACEMENT_3D('',#12740,#10540,#10541);
#8462=AXIS2_PLACEMENT_3D('',#12743,#10543,#10544);
#8463=AXIS2_PLACEMENT_3D('',#12744,#10545,#10546);
#8464=AXIS2_PLACEMENT_3D('',#12753,#10551,#10552);
#8465=AXIS2_PLACEMENT_3D('',#12762,#10557,#10558);
#8466=AXIS2_PLACEMENT_3D('',#12765,#10561,#10562);
#8467=AXIS2_PLACEMENT_3D('',#12767,#10564,#10565);
#8468=AXIS2_PLACEMENT_3D('',#12769,#10567,#10568);
#8469=AXIS2_PLACEMENT_3D('',#12770,#10569,#10570);
#8470=AXIS2_PLACEMENT_3D('',#12779,#10575,#10576);
#8471=AXIS2_PLACEMENT_3D('',#12788,#10581,#10582);
#8472=AXIS2_PLACEMENT_3D('',#12791,#10585,#10586);
#8473=AXIS2_PLACEMENT_3D('',#12793,#10588,#10589);
#8474=AXIS2_PLACEMENT_3D('',#12795,#10591,#10592);
#8475=AXIS2_PLACEMENT_3D('',#12796,#10593,#10594);
#8476=AXIS2_PLACEMENT_3D('',#12805,#10599,#10600);
#8477=AXIS2_PLACEMENT_3D('',#12814,#10605,#10606);
#8478=AXIS2_PLACEMENT_3D('',#12817,#10609,#10610);
#8479=AXIS2_PLACEMENT_3D('',#12819,#10612,#10613);
#8480=AXIS2_PLACEMENT_3D('',#12821,#10615,#10616);
#8481=AXIS2_PLACEMENT_3D('',#12822,#10617,#10618);
#8482=AXIS2_PLACEMENT_3D('',#12831,#10623,#10624);
#8483=AXIS2_PLACEMENT_3D('',#12840,#10629,#10630);
#8484=AXIS2_PLACEMENT_3D('',#12843,#10633,#10634);
#8485=AXIS2_PLACEMENT_3D('',#12845,#10636,#10637);
#8486=AXIS2_PLACEMENT_3D('',#12847,#10639,#10640);
#8487=AXIS2_PLACEMENT_3D('',#12848,#10641,#10642);
#8488=AXIS2_PLACEMENT_3D('',#12857,#10647,#10648);
#8489=AXIS2_PLACEMENT_3D('',#12866,#10653,#10654);
#8490=AXIS2_PLACEMENT_3D('',#12869,#10657,#10658);
#8491=AXIS2_PLACEMENT_3D('',#12871,#10660,#10661);
#8492=AXIS2_PLACEMENT_3D('',#12873,#10663,#10664);
#8493=AXIS2_PLACEMENT_3D('',#12874,#10665,#10666);
#8494=AXIS2_PLACEMENT_3D('',#12883,#10671,#10672);
#8495=AXIS2_PLACEMENT_3D('',#12892,#10677,#10678);
#8496=AXIS2_PLACEMENT_3D('',#12895,#10681,#10682);
#8497=AXIS2_PLACEMENT_3D('',#12897,#10684,#10685);
#8498=AXIS2_PLACEMENT_3D('',#12899,#10687,#10688);
#8499=AXIS2_PLACEMENT_3D('',#12900,#10689,#10690);
#8500=AXIS2_PLACEMENT_3D('',#12909,#10695,#10696);
#8501=AXIS2_PLACEMENT_3D('',#12918,#10701,#10702);
#8502=AXIS2_PLACEMENT_3D('',#12921,#10705,#10706);
#8503=AXIS2_PLACEMENT_3D('',#12923,#10708,#10709);
#8504=AXIS2_PLACEMENT_3D('',#12925,#10711,#10712);
#8505=DIRECTION('axis',(0.,0.,1.));
#8506=DIRECTION('refdir',(1.,0.,0.));
#8507=DIRECTION('center_axis',(0.,0.,1.));
#8508=DIRECTION('ref_axis',(1.,0.,0.));
#8509=DIRECTION('center_axis',(0.,0.,-1.));
#8510=DIRECTION('ref_axis',(1.,0.,0.));
#8511=DIRECTION('',(0.,0.,1.));
#8512=DIRECTION('center_axis',(0.,0.,-1.));
#8513=DIRECTION('ref_axis',(1.,0.,0.));
#8514=DIRECTION('center_axis',(0.,0.,-1.));
#8515=DIRECTION('ref_axis',(-1.,0.,0.));
#8516=DIRECTION('center_axis',(0.,-1.,0.));
#8517=DIRECTION('ref_axis',(0.,0.,-1.));
#8518=DIRECTION('',(1.,0.,0.));
#8519=DIRECTION('',(0.,0.,-1.));
#8520=DIRECTION('',(-1.,0.,0.));
#8521=DIRECTION('',(0.,0.,-1.));
#8522=DIRECTION('center_axis',(0.,0.,1.));
#8523=DIRECTION('ref_axis',(1.,0.,0.));
#8524=DIRECTION('center_axis',(0.,0.,-1.));
#8525=DIRECTION('ref_axis',(1.,0.,0.));
#8526=DIRECTION('',(0.,0.,-1.));
#8527=DIRECTION('center_axis',(0.,0.,1.));
#8528=DIRECTION('ref_axis',(1.,0.,0.));
#8529=DIRECTION('center_axis',(1.,0.,0.));
#8530=DIRECTION('ref_axis',(0.,0.,-1.));
#8531=DIRECTION('',(0.,1.,0.));
#8532=DIRECTION('',(0.,0.,-1.));
#8533=DIRECTION('',(0.,-1.,0.));
#8534=DIRECTION('center_axis',(0.,0.,1.));
#8535=DIRECTION('ref_axis',(1.,0.,0.));
#8536=DIRECTION('center_axis',(0.,0.,-1.));
#8537=DIRECTION('ref_axis',(1.,0.,0.));
#8538=DIRECTION('',(0.,0.,-1.));
#8539=DIRECTION('center_axis',(0.,0.,1.));
#8540=DIRECTION('ref_axis',(1.,0.,0.));
#8541=DIRECTION('center_axis',(0.,0.,1.));
#8542=DIRECTION('ref_axis',(1.,0.,0.));
#8543=DIRECTION('center_axis',(0.,0.,-1.));
#8544=DIRECTION('ref_axis',(1.,0.,0.));
#8545=DIRECTION('center_axis',(0.,0.,1.));
#8546=DIRECTION('ref_axis',(1.,0.,0.));
#8547=DIRECTION('',(0.,0.,-1.));
#8548=DIRECTION('center_axis',(0.,0.,1.));
#8549=DIRECTION('ref_axis',(1.,0.,0.));
#8550=DIRECTION('',(1.,0.,0.));
#8551=DIRECTION('center_axis',(0.,0.,1.));
#8552=DIRECTION('ref_axis',(1.,0.,0.));
#8553=DIRECTION('',(0.,1.,0.));
#8554=DIRECTION('center_axis',(0.,0.,1.));
#8555=DIRECTION('ref_axis',(1.,0.,0.));
#8556=DIRECTION('center_axis',(0.,0.,-1.));
#8557=DIRECTION('ref_axis',(1.,0.,0.));
#8558=DIRECTION('',(0.,0.,-1.));
#8559=DIRECTION('',(0.,0.,-1.));
#8560=DIRECTION('center_axis',(-1.,0.,0.));
#8561=DIRECTION('ref_axis',(0.,0.,1.));
#8562=DIRECTION('',(0.,-1.,0.));
#8563=DIRECTION('center_axis',(0.,1.,0.));
#8564=DIRECTION('ref_axis',(0.,0.,1.));
#8565=DIRECTION('',(-1.,0.,0.));
#8566=DIRECTION('center_axis',(0.,0.,1.));
#8567=DIRECTION('ref_axis',(1.,0.,0.));
#8568=DIRECTION('center_axis',(0.,0.,-1.));
#8569=DIRECTION('ref_axis',(1.,0.,0.));
#8570=DIRECTION('',(0.,0.,1.));
#8571=DIRECTION('center_axis',(0.,0.,-1.));
#8572=DIRECTION('ref_axis',(1.,0.,0.));
#8573=DIRECTION('center_axis',(0.,0.,-1.));
#8574=DIRECTION('ref_axis',(-1.,0.,0.));
#8575=DIRECTION('center_axis',(0.,-1.,0.));
#8576=DIRECTION('ref_axis',(0.,0.,-1.));
#8577=DIRECTION('',(1.,0.,0.));
#8578=DIRECTION('',(0.,0.,-1.));
#8579=DIRECTION('',(-1.,0.,0.));
#8580=DIRECTION('',(0.,0.,-1.));
#8581=DIRECTION('center_axis',(0.,0.,1.));
#8582=DIRECTION('ref_axis',(1.,0.,0.));
#8583=DIRECTION('center_axis',(0.,0.,-1.));
#8584=DIRECTION('ref_axis',(1.,0.,0.));
#8585=DIRECTION('',(0.,0.,-1.));
#8586=DIRECTION('center_axis',(0.,0.,1.));
#8587=DIRECTION('ref_axis',(1.,0.,0.));
#8588=DIRECTION('center_axis',(1.,0.,0.));
#8589=DIRECTION('ref_axis',(0.,0.,-1.));
#8590=DIRECTION('',(0.,1.,0.));
#8591=DIRECTION('',(0.,0.,-1.));
#8592=DIRECTION('',(0.,-1.,0.));
#8593=DIRECTION('center_axis',(0.,0.,1.));
#8594=DIRECTION('ref_axis',(1.,0.,0.));
#8595=DIRECTION('center_axis',(0.,0.,-1.));
#8596=DIRECTION('ref_axis',(1.,0.,0.));
#8597=DIRECTION('',(0.,0.,-1.));
#8598=DIRECTION('center_axis',(0.,0.,1.));
#8599=DIRECTION('ref_axis',(1.,0.,0.));
#8600=DIRECTION('center_axis',(0.,0.,1.));
#8601=DIRECTION('ref_axis',(1.,0.,0.));
#8602=DIRECTION('center_axis',(0.,0.,-1.));
#8603=DIRECTION('ref_axis',(1.,0.,0.));
#8604=DIRECTION('center_axis',(0.,0.,1.));
#8605=DIRECTION('ref_axis',(1.,0.,0.));
#8606=DIRECTION('',(0.,0.,-1.));
#8607=DIRECTION('center_axis',(0.,0.,1.));
#8608=DIRECTION('ref_axis',(1.,0.,0.));
#8609=DIRECTION('',(1.,0.,0.));
#8610=DIRECTION('center_axis',(0.,0.,1.));
#8611=DIRECTION('ref_axis',(1.,0.,0.));
#8612=DIRECTION('',(0.,1.,0.));
#8613=DIRECTION('center_axis',(0.,0.,1.));
#8614=DIRECTION('ref_axis',(1.,0.,0.));
#8615=DIRECTION('center_axis',(0.,0.,-1.));
#8616=DIRECTION('ref_axis',(1.,0.,0.));
#8617=DIRECTION('',(0.,0.,-1.));
#8618=DIRECTION('',(0.,0.,-1.));
#8619=DIRECTION('center_axis',(-1.,0.,0.));
#8620=DIRECTION('ref_axis',(0.,0.,1.));
#8621=DIRECTION('',(0.,-1.,0.));
#8622=DIRECTION('center_axis',(0.,1.,0.));
#8623=DIRECTION('ref_axis',(0.,0.,1.));
#8624=DIRECTION('',(-1.,0.,0.));
#8625=DIRECTION('center_axis',(0.,0.,1.));
#8626=DIRECTION('ref_axis',(1.,0.,0.));
#8627=DIRECTION('center_axis',(0.,0.,-1.));
#8628=DIRECTION('ref_axis',(1.,0.,0.));
#8629=DIRECTION('',(0.,0.,-1.));
#8630=DIRECTION('center_axis',(0.,0.,1.));
#8631=DIRECTION('ref_axis',(1.,0.,0.));
#8632=DIRECTION('',(0.,0.,-1.));
#8633=DIRECTION('center_axis',(-1.,0.,0.));
#8634=DIRECTION('ref_axis',(0.,0.,1.));
#8635=DIRECTION('',(0.,-1.,0.));
#8636=DIRECTION('',(0.,1.,0.));
#8637=DIRECTION('',(0.,0.,-1.));
#8638=DIRECTION('center_axis',(0.,0.,1.));
#8639=DIRECTION('ref_axis',(1.,0.,0.));
#8640=DIRECTION('center_axis',(0.,0.,-1.));
#8641=DIRECTION('ref_axis',(1.,0.,0.));
#8642=DIRECTION('center_axis',(0.,0.,1.));
#8643=DIRECTION('ref_axis',(1.,0.,0.));
#8644=DIRECTION('',(0.,0.,-1.));
#8645=DIRECTION('center_axis',(0.,1.,0.));
#8646=DIRECTION('ref_axis',(0.,0.,1.));
#8647=DIRECTION('',(-1.,0.,0.));
#8648=DIRECTION('',(1.,0.,0.));
#8649=DIRECTION('',(0.,0.,-1.));
#8650=DIRECTION('center_axis',(0.,0.,1.));
#8651=DIRECTION('ref_axis',(1.,0.,0.));
#8652=DIRECTION('center_axis',(0.,0.,-1.));
#8653=DIRECTION('ref_axis',(1.,0.,0.));
#8654=DIRECTION('',(0.,0.,-1.));
#8655=DIRECTION('center_axis',(0.,0.,1.));
#8656=DIRECTION('ref_axis',(1.,0.,0.));
#8657=DIRECTION('',(0.,0.,-1.));
#8658=DIRECTION('center_axis',(0.,0.,1.));
#8659=DIRECTION('ref_axis',(1.,0.,0.));
#8660=DIRECTION('center_axis',(0.,0.,-1.));
#8661=DIRECTION('ref_axis',(1.,0.,0.));
#8662=DIRECTION('center_axis',(0.,0.,1.));
#8663=DIRECTION('ref_axis',(1.,0.,0.));
#8664=DIRECTION('',(0.,0.,-1.));
#8665=DIRECTION('center_axis',(1.,0.,0.));
#8666=DIRECTION('ref_axis',(0.,0.,-1.));
#8667=DIRECTION('',(0.,1.,0.));
#8668=DIRECTION('',(0.,-1.,0.));
#8669=DIRECTION('center_axis',(0.,-1.,0.));
#8670=DIRECTION('ref_axis',(0.,0.,-1.));
#8671=DIRECTION('',(1.,0.,0.));
#8672=DIRECTION('',(-1.,0.,0.));
#8673=DIRECTION('center_axis',(0.,0.,1.));
#8674=DIRECTION('ref_axis',(1.,0.,0.));
#8675=DIRECTION('',(0.,0.,-1.));
#8676=DIRECTION('center_axis',(0.,0.,-1.));
#8677=DIRECTION('ref_axis',(1.,0.,0.));
#8678=DIRECTION('',(0.,0.,-1.));
#8679=DIRECTION('center_axis',(0.,0.,1.));
#8680=DIRECTION('ref_axis',(1.,0.,0.));
#8681=DIRECTION('center_axis',(0.,0.,1.));
#8682=DIRECTION('ref_axis',(1.,0.,0.));
#8683=DIRECTION('',(-1.,0.,0.));
#8684=DIRECTION('center_axis',(0.,0.,1.));
#8685=DIRECTION('ref_axis',(1.,0.,0.));
#8686=DIRECTION('',(0.,-1.,0.));
#8687=DIRECTION('center_axis',(0.,0.,1.));
#8688=DIRECTION('ref_axis',(1.,0.,0.));
#8689=DIRECTION('',(1.,0.,0.));
#8690=DIRECTION('center_axis',(0.,0.,1.));
#8691=DIRECTION('ref_axis',(1.,0.,0.));
#8692=DIRECTION('',(0.,1.,0.));
#8693=DIRECTION('center_axis',(0.,0.,1.));
#8694=DIRECTION('ref_axis',(1.,0.,0.));
#8695=DIRECTION('',(0.,0.,-1.));
#8696=DIRECTION('center_axis',(0.,0.,-1.));
#8697=DIRECTION('ref_axis',(1.,0.,0.));
#8698=DIRECTION('',(0.,0.,-1.));
#8699=DIRECTION('center_axis',(0.,0.,1.));
#8700=DIRECTION('ref_axis',(1.,0.,0.));
#8701=DIRECTION('',(0.,0.,-1.));
#8702=DIRECTION('',(0.,0.,-1.));
#8703=DIRECTION('center_axis',(0.,0.,-1.));
#8704=DIRECTION('ref_axis',(1.,0.,0.));
#8705=DIRECTION('center_axis',(0.,0.,1.));
#8706=DIRECTION('ref_axis',(1.,0.,0.));
#8707=DIRECTION('',(0.,-1.,0.));
#8708=DIRECTION('',(-1.,0.,0.));
#8709=DIRECTION('center_axis',(0.,0.,-1.));
#8710=DIRECTION('ref_axis',(1.,0.,0.));
#8711=DIRECTION('',(0.,1.,0.));
#8712=DIRECTION('',(1.,0.,0.));
#8713=DIRECTION('center_axis',(0.,0.,1.));
#8714=DIRECTION('ref_axis',(1.,0.,0.));
#8715=DIRECTION('',(0.,0.,-1.));
#8716=DIRECTION('',(0.,0.,-1.));
#8717=DIRECTION('center_axis',(1.,0.,0.));
#8718=DIRECTION('ref_axis',(0.,0.,-1.));
#8719=DIRECTION('center_axis',(-1.,0.,0.));
#8720=DIRECTION('ref_axis',(0.,0.,1.));
#8721=DIRECTION('center_axis',(0.,1.,0.));
#8722=DIRECTION('ref_axis',(0.,0.,1.));
#8723=DIRECTION('center_axis',(0.,-1.,0.));
#8724=DIRECTION('ref_axis',(0.,0.,-1.));
#8725=DIRECTION('center_axis',(0.,0.,1.));
#8726=DIRECTION('ref_axis',(1.,0.,0.));
#8727=DIRECTION('',(0.,1.,0.));
#8728=DIRECTION('',(1.,0.,0.));
#8729=DIRECTION('',(0.,-1.,0.));
#8730=DIRECTION('',(-1.,0.,0.));
#8731=DIRECTION('center_axis',(0.,1.,0.));
#8732=DIRECTION('ref_axis',(0.,0.,1.));
#8733=DIRECTION('',(0.,0.,1.));
#8734=DIRECTION('',(1.,0.,0.));
#8735=DIRECTION('',(0.,0.,-1.));
#8736=DIRECTION('center_axis',(-1.,0.,0.));
#8737=DIRECTION('ref_axis',(0.,0.,1.));
#8738=DIRECTION('',(0.,0.,-1.));
#8739=DIRECTION('',(0.,1.,0.));
#8740=DIRECTION('',(0.,0.,-1.));
#8741=DIRECTION('',(0.,-1.,0.));
#8742=DIRECTION('',(0.,0.,-1.));
#8743=DIRECTION('',(0.,-1.,0.));
#8744=DIRECTION('center_axis',(0.,-1.,0.));
#8745=DIRECTION('ref_axis',(0.,0.,-1.));
#8746=DIRECTION('',(0.,0.,-1.));
#8747=DIRECTION('',(-1.,0.,0.));
#8748=DIRECTION('',(0.,0.,-1.));
#8749=DIRECTION('',(1.,0.,0.));
#8750=DIRECTION('',(0.,0.,-1.));
#8751=DIRECTION('',(-1.,0.,0.));
#8752=DIRECTION('',(0.,0.,-1.));
#8753=DIRECTION('',(-1.,0.,0.));
#8754=DIRECTION('',(0.,0.,-1.));
#8755=DIRECTION('',(1.,0.,0.));
#8756=DIRECTION('center_axis',(0.,0.,1.));
#8757=DIRECTION('ref_axis',(1.,0.,0.));
#8758=DIRECTION('center_axis',(0.,0.,-1.));
#8759=DIRECTION('ref_axis',(1.,0.,0.));
#8760=DIRECTION('',(0.,0.,1.));
#8761=DIRECTION('center_axis',(0.,0.,-1.));
#8762=DIRECTION('ref_axis',(1.,0.,0.));
#8763=DIRECTION('center_axis',(0.,0.,-1.));
#8764=DIRECTION('ref_axis',(-1.,0.,0.));
#8765=DIRECTION('center_axis',(0.,0.,1.));
#8766=DIRECTION('ref_axis',(1.,0.,0.));
#8767=DIRECTION('center_axis',(0.,0.,1.));
#8768=DIRECTION('ref_axis',(1.,0.,0.));
#8769=DIRECTION('',(0.,0.,-1.));
#8770=DIRECTION('center_axis',(0.,0.,1.));
#8771=DIRECTION('ref_axis',(1.,0.,0.));
#8772=DIRECTION('center_axis',(0.,0.,-1.));
#8773=DIRECTION('ref_axis',(1.,0.,0.));
#8774=DIRECTION('',(0.,0.,1.));
#8775=DIRECTION('center_axis',(0.,0.,-1.));
#8776=DIRECTION('ref_axis',(1.,0.,0.));
#8777=DIRECTION('',(0.,0.,1.));
#8778=DIRECTION('center_axis',(0.,0.,-1.));
#8779=DIRECTION('ref_axis',(1.,0.,0.));
#8780=DIRECTION('',(0.,0.,-1.));
#8781=DIRECTION('center_axis',(0.,0.,-1.));
#8782=DIRECTION('ref_axis',(1.,0.,0.));
#8783=DIRECTION('',(0.,0.,-1.));
#8784=DIRECTION('center_axis',(0.,0.,-1.));
#8785=DIRECTION('ref_axis',(1.,0.,0.));
#8786=DIRECTION('center_axis',(0.,0.,1.));
#8787=DIRECTION('ref_axis',(1.,0.,0.));
#8788=DIRECTION('center_axis',(0.,0.,1.));
#8789=DIRECTION('ref_axis',(1.,0.,0.));
#8790=DIRECTION('',(0.,-1.,0.));
#8791=DIRECTION('center_axis',(0.,0.,1.));
#8792=DIRECTION('ref_axis',(1.,0.,0.));
#8793=DIRECTION('center_axis',(1.,0.,0.));
#8794=DIRECTION('ref_axis',(0.,0.,-1.));
#8795=DIRECTION('',(0.,-1.,0.));
#8796=DIRECTION('',(0.,0.,-1.));
#8797=DIRECTION('',(0.,1.,0.));
#8798=DIRECTION('',(0.,0.,1.));
#8799=DIRECTION('',(0.,-1.,0.));
#8800=DIRECTION('center_axis',(0.,0.,1.));
#8801=DIRECTION('ref_axis',(1.,0.,0.));
#8802=DIRECTION('',(0.,-1.,0.));
#8803=DIRECTION('',(-1.,0.,0.));
#8804=DIRECTION('',(0.,-1.,0.));
#8805=DIRECTION('',(-1.,0.,0.));
#8806=DIRECTION('',(0.,1.,0.));
#8807=DIRECTION('',(1.,0.,0.));
#8808=DIRECTION('',(0.,-1.,0.));
#8809=DIRECTION('',(0.,-1.,0.));
#8810=DIRECTION('',(-1.,0.,0.));
#8811=DIRECTION('center_axis',(0.,0.,-1.));
#8812=DIRECTION('ref_axis',(1.,0.,0.));
#8813=DIRECTION('',(1.,0.,0.));
#8814=DIRECTION('center_axis',(0.,0.,-1.));
#8815=DIRECTION('ref_axis',(1.,0.,0.));
#8816=DIRECTION('',(-1.,0.,0.));
#8817=DIRECTION('',(0.,-1.,0.));
#8818=DIRECTION('',(1.,0.,0.));
#8819=DIRECTION('',(0.,-1.,0.));
#8820=DIRECTION('',(-1.,0.,0.));
#8821=DIRECTION('',(0.,-1.,0.));
#8822=DIRECTION('',(1.,0.,0.));
#8823=DIRECTION('',(0.,-1.,0.));
#8824=DIRECTION('',(-1.,0.,0.));
#8825=DIRECTION('',(0.,-1.,0.));
#8826=DIRECTION('',(1.,0.,0.));
#8827=DIRECTION('',(0.,1.,0.));
#8828=DIRECTION('',(-1.,0.,0.));
#8829=DIRECTION('',(0.,1.,0.));
#8830=DIRECTION('',(1.,0.,0.));
#8831=DIRECTION('',(0.,1.,0.));
#8832=DIRECTION('',(1.,0.,0.));
#8833=DIRECTION('',(0.,-1.,0.));
#8834=DIRECTION('center_axis',(0.,0.,1.));
#8835=DIRECTION('ref_axis',(1.,0.,0.));
#8836=DIRECTION('',(1.,0.,0.));
#8837=DIRECTION('center_axis',(0.,0.,1.));
#8838=DIRECTION('ref_axis',(1.,0.,0.));
#8839=DIRECTION('',(-1.,0.,0.));
#8840=DIRECTION('center_axis',(0.,0.,1.));
#8841=DIRECTION('ref_axis',(1.,0.,0.));
#8842=DIRECTION('',(1.,0.,0.));
#8843=DIRECTION('center_axis',(0.,0.,1.));
#8844=DIRECTION('ref_axis',(1.,0.,0.));
#8845=DIRECTION('',(-1.,0.,0.));
#8846=DIRECTION('center_axis',(0.,0.,1.));
#8847=DIRECTION('ref_axis',(1.,0.,0.));
#8848=DIRECTION('',(0.,1.,0.));
#8849=DIRECTION('',(0.,-1.,0.));
#8850=DIRECTION('',(-1.,0.,0.));
#8851=DIRECTION('center_axis',(0.,0.,1.));
#8852=DIRECTION('ref_axis',(1.,0.,0.));
#8853=DIRECTION('',(-1.,0.,0.));
#8854=DIRECTION('',(0.,-1.,0.));
#8855=DIRECTION('',(1.,0.,0.));
#8856=DIRECTION('center_axis',(0.,0.,-1.));
#8857=DIRECTION('ref_axis',(1.,0.,0.));
#8858=DIRECTION('center_axis',(0.,0.,1.));
#8859=DIRECTION('ref_axis',(1.,0.,0.));
#8860=DIRECTION('',(-1.,0.,0.));
#8861=DIRECTION('',(0.,-1.,0.));
#8862=DIRECTION('',(1.,0.,0.));
#8863=DIRECTION('center_axis',(0.,0.,1.));
#8864=DIRECTION('ref_axis',(1.,0.,0.));
#8865=DIRECTION('',(1.,0.,0.));
#8866=DIRECTION('',(0.,1.,0.));
#8867=DIRECTION('center_axis',(0.,0.,-1.));
#8868=DIRECTION('ref_axis',(1.,0.,0.));
#8869=DIRECTION('center_axis',(-1.,0.,0.));
#8870=DIRECTION('ref_axis',(0.,0.,1.));
#8871=DIRECTION('',(0.,1.,0.));
#8872=DIRECTION('center_axis',(-1.,0.,0.));
#8873=DIRECTION('ref_axis',(0.,0.,1.));
#8874=DIRECTION('',(0.,-1.,0.));
#8875=DIRECTION('center_axis',(-1.,0.,0.));
#8876=DIRECTION('ref_axis',(0.,0.,1.));
#8877=DIRECTION('',(0.,0.,-1.));
#8878=DIRECTION('',(0.,-1.,0.));
#8879=DIRECTION('center_axis',(0.,0.,1.));
#8880=DIRECTION('ref_axis',(1.,0.,0.));
#8881=DIRECTION('center_axis',(0.,0.,1.));
#8882=DIRECTION('ref_axis',(1.,0.,0.));
#8883=DIRECTION('center_axis',(0.,0.,-1.));
#8884=DIRECTION('ref_axis',(1.,0.,0.));
#8885=DIRECTION('',(0.,0.,1.));
#8886=DIRECTION('center_axis',(0.,0.,-1.));
#8887=DIRECTION('ref_axis',(1.,0.,0.));
#8888=DIRECTION('center_axis',(0.,0.,-1.));
#8889=DIRECTION('ref_axis',(-1.,0.,0.));
#8890=DIRECTION('center_axis',(0.,1.,0.));
#8891=DIRECTION('ref_axis',(0.,0.,1.));
#8892=DIRECTION('',(0.,0.,-1.));
#8893=DIRECTION('',(-1.,0.,0.));
#8894=DIRECTION('',(0.,0.,-1.));
#8895=DIRECTION('',(1.,0.,0.));
#8896=DIRECTION('',(0.,0.,-1.));
#8897=DIRECTION('center_axis',(-1.,0.,0.));
#8898=DIRECTION('ref_axis',(0.,0.,1.));
#8899=DIRECTION('',(0.,-1.,0.));
#8900=DIRECTION('',(0.,0.,-1.));
#8901=DIRECTION('',(0.,1.,0.));
#8902=DIRECTION('center_axis',(0.,0.,1.));
#8903=DIRECTION('ref_axis',(1.,0.,0.));
#8904=DIRECTION('',(-1.,0.,0.));
#8905=DIRECTION('',(0.,-1.,0.));
#8906=DIRECTION('center_axis',(1.,0.,0.));
#8907=DIRECTION('ref_axis',(0.,0.,-1.));
#8908=DIRECTION('',(0.,0.,-1.));
#8909=DIRECTION('center_axis',(0.,-1.,0.));
#8910=DIRECTION('ref_axis',(0.,0.,-1.));
#8911=DIRECTION('',(0.,0.,1.));
#8912=DIRECTION('',(1.,0.,0.));
#8913=DIRECTION('center_axis',(1.,0.,0.));
#8914=DIRECTION('ref_axis',(0.,0.,-1.));
#8915=DIRECTION('',(0.,-1.,0.));
#8916=DIRECTION('',(0.,0.,-1.));
#8917=DIRECTION('center_axis',(1.,0.,0.));
#8918=DIRECTION('ref_axis',(0.,0.,-1.));
#8919=DIRECTION('',(0.,0.,-1.));
#8920=DIRECTION('',(0.,-1.,0.));
#8921=DIRECTION('center_axis',(0.,0.,1.));
#8922=DIRECTION('ref_axis',(1.,0.,0.));
#8923=DIRECTION('center_axis',(0.,0.,-1.));
#8924=DIRECTION('ref_axis',(1.,0.,0.));
#8925=DIRECTION('',(0.,0.,1.));
#8926=DIRECTION('center_axis',(0.,0.,-1.));
#8927=DIRECTION('ref_axis',(1.,0.,0.));
#8928=DIRECTION('center_axis',(0.,0.,-1.));
#8929=DIRECTION('ref_axis',(-1.,0.,0.));
#8930=DIRECTION('center_axis',(0.,1.,0.));
#8931=DIRECTION('ref_axis',(0.,0.,1.));
#8932=DIRECTION('',(-1.,0.,0.));
#8933=DIRECTION('',(0.,0.,1.));
#8934=DIRECTION('',(0.,0.,-1.));
#8935=DIRECTION('',(1.,0.,0.));
#8936=DIRECTION('',(0.,0.,-1.));
#8937=DIRECTION('center_axis',(0.,0.,1.));
#8938=DIRECTION('ref_axis',(1.,0.,0.));
#8939=DIRECTION('',(0.,1.,0.));
#8940=DIRECTION('',(-1.,0.,0.));
#8941=DIRECTION('',(0.,-1.,0.));
#8942=DIRECTION('center_axis',(0.,-1.,0.));
#8943=DIRECTION('ref_axis',(0.,0.,-1.));
#8944=DIRECTION('',(1.,0.,0.));
#8945=DIRECTION('',(0.,0.,-1.));
#8946=DIRECTION('',(0.,0.,-1.));
#8947=DIRECTION('',(0.,0.,-1.));
#8948=DIRECTION('center_axis',(-1.,0.,0.));
#8949=DIRECTION('ref_axis',(0.,0.,1.));
#8950=DIRECTION('center_axis',(0.,0.,1.));
#8951=DIRECTION('ref_axis',(1.,0.,0.));
#8952=DIRECTION('',(0.,-1.,0.));
#8953=DIRECTION('',(1.,0.,0.));
#8954=DIRECTION('',(0.,1.,0.));
#8955=DIRECTION('center_axis',(0.,0.,1.));
#8956=DIRECTION('ref_axis',(1.,0.,0.));
#8957=DIRECTION('',(0.,1.,0.));
#8958=DIRECTION('',(1.,0.,0.));
#8959=DIRECTION('center_axis',(0.,0.,-1.));
#8960=DIRECTION('ref_axis',(1.,0.,0.));
#8961=DIRECTION('',(1.,0.,0.));
#8962=DIRECTION('',(0.,1.,0.));
#8963=DIRECTION('',(0.,1.,0.));
#8964=DIRECTION('',(-1.,0.,0.));
#8965=DIRECTION('',(0.,-1.,0.));
#8966=DIRECTION('center_axis',(0.,0.,-1.));
#8967=DIRECTION('ref_axis',(1.,0.,0.));
#8968=DIRECTION('',(1.,0.,0.));
#8969=DIRECTION('center_axis',(0.,0.,-1.));
#8970=DIRECTION('ref_axis',(1.,0.,0.));
#8971=DIRECTION('',(-1.,0.,0.));
#8972=DIRECTION('center_axis',(1.,0.,0.));
#8973=DIRECTION('ref_axis',(0.,0.,-1.));
#8974=DIRECTION('',(0.,0.,-1.));
#8975=DIRECTION('',(0.,-1.,0.));
#8976=DIRECTION('',(0.,0.,-1.));
#8977=DIRECTION('',(0.,-1.,0.));
#8978=DIRECTION('',(0.,0.,-1.));
#8979=DIRECTION('',(0.,0.,-1.));
#8980=DIRECTION('center_axis',(-1.,0.,0.));
#8981=DIRECTION('ref_axis',(0.,0.,1.));
#8982=DIRECTION('',(0.,0.,-1.));
#8983=DIRECTION('center_axis',(-1.,0.,0.));
#8984=DIRECTION('ref_axis',(0.,0.,1.));
#8985=DIRECTION('',(0.,0.,-1.));
#8986=DIRECTION('center_axis',(0.,0.,1.));
#8987=DIRECTION('ref_axis',(1.,0.,0.));
#8988=DIRECTION('center_axis',(0.,0.,-1.));
#8989=DIRECTION('ref_axis',(1.,0.,0.));
#8990=DIRECTION('',(0.,0.,1.));
#8991=DIRECTION('center_axis',(0.,0.,-1.));
#8992=DIRECTION('ref_axis',(1.,0.,0.));
#8993=DIRECTION('center_axis',(0.,0.,-1.));
#8994=DIRECTION('ref_axis',(-1.,0.,0.));
#8995=DIRECTION('center_axis',(0.,-1.,0.));
#8996=DIRECTION('ref_axis',(0.,0.,-1.));
#8997=DIRECTION('',(-1.,0.,0.));
#8998=DIRECTION('',(0.,0.,-1.));
#8999=DIRECTION('center_axis',(0.,0.,1.));
#9000=DIRECTION('ref_axis',(1.,0.,0.));
#9001=DIRECTION('',(0.,1.,0.));
#9002=DIRECTION('',(1.,0.,0.));
#9003=DIRECTION('center_axis',(0.,1.,0.));
#9004=DIRECTION('ref_axis',(0.,0.,1.));
#9005=DIRECTION('',(0.,0.,1.));
#9006=DIRECTION('',(0.,0.,-1.));
#9007=DIRECTION('',(-1.,0.,0.));
#9008=DIRECTION('center_axis',(-1.,0.,0.));
#9009=DIRECTION('ref_axis',(0.,0.,1.));
#9010=DIRECTION('center_axis',(-1.,0.,0.));
#9011=DIRECTION('ref_axis',(0.,0.,1.));
#9012=DIRECTION('',(0.,1.,0.));
#9013=DIRECTION('',(0.,0.,1.));
#9014=DIRECTION('center_axis',(0.,0.,1.));
#9015=DIRECTION('ref_axis',(1.,0.,0.));
#9016=DIRECTION('',(-1.,0.,0.));
#9017=DIRECTION('',(-1.,0.,0.));
#9018=DIRECTION('',(1.,0.,0.));
#9019=DIRECTION('',(0.,1.,0.));
#9020=DIRECTION('',(1.,0.,0.));
#9021=DIRECTION('',(0.,1.,0.));
#9022=DIRECTION('center_axis',(0.,0.,-1.));
#9023=DIRECTION('ref_axis',(1.,0.,0.));
#9024=DIRECTION('',(1.,0.,0.));
#9025=DIRECTION('center_axis',(0.,0.,-1.));
#9026=DIRECTION('ref_axis',(1.,0.,0.));
#9027=DIRECTION('',(-1.,0.,0.));
#9028=DIRECTION('center_axis',(0.,0.,1.));
#9029=DIRECTION('ref_axis',(1.,0.,0.));
#9030=DIRECTION('center_axis',(0.,0.,-1.));
#9031=DIRECTION('ref_axis',(1.,0.,0.));
#9032=DIRECTION('',(0.,0.,1.));
#9033=DIRECTION('center_axis',(0.,0.,-1.));
#9034=DIRECTION('ref_axis',(-1.,0.,0.));
#9035=DIRECTION('center_axis',(0.,0.,1.));
#9036=DIRECTION('ref_axis',(-1.83697019872103E-16,1.,0.));
#9037=DIRECTION('',(0.,0.,-1.));
#9038=DIRECTION('',(0.,0.,1.));
#9039=DIRECTION('',(0.,0.,-1.));
#9040=DIRECTION('',(0.,0.,1.));
#9041=DIRECTION('center_axis',(0.,-1.,0.));
#9042=DIRECTION('ref_axis',(0.,0.,-1.));
#9043=DIRECTION('',(0.,0.,1.));
#9044=DIRECTION('',(1.,0.,0.));
#9045=DIRECTION('',(0.,0.,-1.));
#9046=DIRECTION('center_axis',(0.,1.,0.));
#9047=DIRECTION('ref_axis',(0.,0.,1.));
#9048=DIRECTION('',(0.,0.,1.));
#9049=DIRECTION('center_axis',(0.,0.,1.));
#9050=DIRECTION('ref_axis',(1.,0.,0.));
#9051=DIRECTION('center_axis',(0.,0.,-1.));
#9052=DIRECTION('ref_axis',(1.,0.,0.));
#9053=DIRECTION('',(0.,0.,1.));
#9054=DIRECTION('center_axis',(0.,0.,-1.));
#9055=DIRECTION('ref_axis',(-1.,0.,0.));
#9056=DIRECTION('center_axis',(0.,0.,1.));
#9057=DIRECTION('ref_axis',(1.,0.,0.));
#9058=DIRECTION('',(1.,0.,0.));
#9059=DIRECTION('',(0.,-1.,0.));
#9060=DIRECTION('',(1.,0.,0.));
#9061=DIRECTION('center_axis',(0.,0.,1.));
#9062=DIRECTION('ref_axis',(1.,0.,0.));
#9063=DIRECTION('center_axis',(0.,0.,1.));
#9064=DIRECTION('ref_axis',(1.,0.,0.));
#9065=DIRECTION('',(1.,0.,0.));
#9066=DIRECTION('center_axis',(0.,0.,1.));
#9067=DIRECTION('ref_axis',(1.,0.,0.));
#9068=DIRECTION('',(1.,0.,0.));
#9069=DIRECTION('',(0.,1.,0.));
#9070=DIRECTION('center_axis',(1.,0.,0.));
#9071=DIRECTION('ref_axis',(0.,0.,-1.));
#9072=DIRECTION('',(0.,0.,1.));
#9073=DIRECTION('',(0.,1.,0.));
#9074=DIRECTION('',(0.,0.,-1.));
#9075=DIRECTION('center_axis',(0.,1.,0.));
#9076=DIRECTION('ref_axis',(0.,0.,1.));
#9077=DIRECTION('',(0.,0.,-1.));
#9078=DIRECTION('',(-1.,0.,0.));
#9079=DIRECTION('center_axis',(0.,1.,0.));
#9080=DIRECTION('ref_axis',(0.,0.,1.));
#9081=DIRECTION('',(0.,0.,1.));
#9082=DIRECTION('',(-1.,0.,0.));
#9083=DIRECTION('',(0.,0.,-1.));
#9084=DIRECTION('center_axis',(-1.,0.,0.));
#9085=DIRECTION('ref_axis',(0.,0.,1.));
#9086=DIRECTION('',(0.,0.,-1.));
#9087=DIRECTION('',(0.,-1.,0.));
#9088=DIRECTION('center_axis',(0.,1.,0.));
#9089=DIRECTION('ref_axis',(0.,0.,1.));
#9090=DIRECTION('',(-1.,0.,0.));
#9091=DIRECTION('',(0.,0.,1.));
#9092=DIRECTION('',(0.,0.,-1.));
#9093=DIRECTION('',(-1.,0.,0.));
#9094=DIRECTION('',(0.,0.,-1.));
#9095=DIRECTION('center_axis',(0.,0.,-1.));
#9096=DIRECTION('ref_axis',(-1.,0.,0.));
#9097=DIRECTION('center_axis',(0.,0.,-1.));
#9098=DIRECTION('ref_axis',(1.,0.,0.));
#9099=DIRECTION('center_axis',(0.,0.,1.));
#9100=DIRECTION('ref_axis',(6.12323399573677E-17,-1.,0.));
#9101=DIRECTION('center_axis',(0.,1.,0.));
#9102=DIRECTION('ref_axis',(0.,0.,1.));
#9103=DIRECTION('',(0.,0.,-1.));
#9104=DIRECTION('',(-1.,0.,0.));
#9105=DIRECTION('center_axis',(0.,0.,1.));
#9106=DIRECTION('ref_axis',(1.,0.,0.));
#9107=DIRECTION('',(-1.,0.,0.));
#9108=DIRECTION('',(0.,1.,0.));
#9109=DIRECTION('',(0.,1.,0.));
#9110=DIRECTION('center_axis',(0.,0.,1.));
#9111=DIRECTION('ref_axis',(1.,0.,0.));
#9112=DIRECTION('',(0.,-1.,0.));
#9113=DIRECTION('',(1.,0.,0.));
#9114=DIRECTION('center_axis',(0.,-1.,0.));
#9115=DIRECTION('ref_axis',(0.,0.,-1.));
#9116=DIRECTION('',(0.,0.,-1.));
#9117=DIRECTION('center_axis',(0.,0.,1.));
#9118=DIRECTION('ref_axis',(1.,0.,0.));
#9119=DIRECTION('',(0.,1.,0.));
#9120=DIRECTION('',(1.,0.,0.));
#9121=DIRECTION('center_axis',(1.,0.,0.));
#9122=DIRECTION('ref_axis',(0.,0.,-1.));
#9123=DIRECTION('',(0.,0.,-1.));
#9124=DIRECTION('center_axis',(0.,-1.,0.));
#9125=DIRECTION('ref_axis',(0.,0.,-1.));
#9126=DIRECTION('center_axis',(0.,0.,1.));
#9127=DIRECTION('ref_axis',(1.,0.,0.));
#9128=DIRECTION('',(0.,0.,-1.));
#9129=DIRECTION('',(0.,0.,-1.));
#9130=DIRECTION('center_axis',(0.,-1.,0.));
#9131=DIRECTION('ref_axis',(0.,0.,-1.));
#9132=DIRECTION('',(0.,0.,-1.));
#9133=DIRECTION('center_axis',(0.,0.,1.));
#9134=DIRECTION('ref_axis',(-1.,1.22464679914735E-16,0.));
#9135=DIRECTION('',(0.,0.,-1.));
#9136=DIRECTION('center_axis',(0.,1.,0.));
#9137=DIRECTION('ref_axis',(0.,0.,1.));
#9138=DIRECTION('center_axis',(0.,0.,1.));
#9139=DIRECTION('ref_axis',(1.,0.,0.));
#9140=DIRECTION('',(0.,0.,-1.));
#9141=DIRECTION('',(0.,0.,-1.));
#9142=DIRECTION('center_axis',(0.,-1.,0.));
#9143=DIRECTION('ref_axis',(0.,0.,-1.));
#9144=DIRECTION('',(0.,0.,-1.));
#9145=DIRECTION('center_axis',(0.,0.,1.));
#9146=DIRECTION('ref_axis',(-1.,1.22464679914735E-16,0.));
#9147=DIRECTION('',(0.,0.,-1.));
#9148=DIRECTION('center_axis',(0.,1.,0.));
#9149=DIRECTION('ref_axis',(0.,0.,1.));
#9150=DIRECTION('center_axis',(0.,1.,0.));
#9151=DIRECTION('ref_axis',(0.,0.,1.));
#9152=DIRECTION('',(0.,0.,1.));
#9153=DIRECTION('',(0.,0.,-1.));
#9154=DIRECTION('center_axis',(1.,0.,0.));
#9155=DIRECTION('ref_axis',(0.,0.,-1.));
#9156=DIRECTION('center_axis',(-1.,0.,0.));
#9157=DIRECTION('ref_axis',(0.,0.,1.));
#9158=DIRECTION('center_axis',(-1.,0.,0.));
#9159=DIRECTION('ref_axis',(0.,0.,1.));
#9160=DIRECTION('',(0.,0.,-1.));
#9161=DIRECTION('center_axis',(0.,-1.,0.));
#9162=DIRECTION('ref_axis',(0.,0.,-1.));
#9163=DIRECTION('center_axis',(0.,1.,0.));
#9164=DIRECTION('ref_axis',(0.,0.,1.));
#9165=DIRECTION('center_axis',(0.,-1.,0.));
#9166=DIRECTION('ref_axis',(0.,0.,-1.));
#9167=DIRECTION('center_axis',(0.,1.,0.));
#9168=DIRECTION('ref_axis',(0.,0.,1.));
#9169=DIRECTION('',(0.,0.,-1.));
#9170=DIRECTION('center_axis',(-1.,0.,0.));
#9171=DIRECTION('ref_axis',(0.,0.,1.));
#9172=DIRECTION('center_axis',(0.,-1.,0.));
#9173=DIRECTION('ref_axis',(0.,0.,-1.));
#9174=DIRECTION('',(1.,0.,0.));
#9175=DIRECTION('',(0.,0.,-1.));
#9176=DIRECTION('',(-1.,0.,0.));
#9177=DIRECTION('',(0.,0.,-1.));
#9178=DIRECTION('center_axis',(0.,1.,0.));
#9179=DIRECTION('ref_axis',(0.,0.,1.));
#9180=DIRECTION('',(-1.,0.,0.));
#9181=DIRECTION('',(0.,0.,1.));
#9182=DIRECTION('',(1.,0.,0.));
#9183=DIRECTION('',(0.,0.,-1.));
#9184=DIRECTION('center_axis',(1.,0.,0.));
#9185=DIRECTION('ref_axis',(0.,0.,-1.));
#9186=DIRECTION('',(0.,1.,0.));
#9187=DIRECTION('',(0.,-1.,0.));
#9188=DIRECTION('center_axis',(0.,0.,1.));
#9189=DIRECTION('ref_axis',(1.,0.,0.));
#9190=DIRECTION('',(0.,-1.,0.));
#9191=DIRECTION('',(-1.,0.,0.));
#9192=DIRECTION('',(0.,1.,0.));
#9193=DIRECTION('',(1.,0.,0.));
#9194=DIRECTION('',(0.,-1.,0.));
#9195=DIRECTION('',(1.,0.,0.));
#9196=DIRECTION('',(0.,1.,0.));
#9197=DIRECTION('',(-1.,0.,0.));
#9198=DIRECTION('',(0.,-1.,0.));
#9199=DIRECTION('center_axis',(0.,0.,1.));
#9200=DIRECTION('ref_axis',(1.,0.,0.));
#9201=DIRECTION('center_axis',(0.,0.,1.));
#9202=DIRECTION('ref_axis',(1.,0.,0.));
#9203=DIRECTION('center_axis',(-1.,0.,0.));
#9204=DIRECTION('ref_axis',(0.,0.,1.));
#9205=DIRECTION('',(0.,1.,0.));
#9206=DIRECTION('',(0.,0.,-1.));
#9207=DIRECTION('center_axis',(-1.,0.,0.));
#9208=DIRECTION('ref_axis',(0.,0.,1.));
#9209=DIRECTION('',(0.,0.,-1.));
#9210=DIRECTION('',(0.,1.,0.));
#9211=DIRECTION('center_axis',(0.,0.,1.));
#9212=DIRECTION('ref_axis',(1.,0.,0.));
#9213=DIRECTION('',(0.,0.,1.));
#9214=DIRECTION('center_axis',(0.,0.,-1.));
#9215=DIRECTION('ref_axis',(1.,0.,0.));
#9216=DIRECTION('center_axis',(0.,0.,1.));
#9217=DIRECTION('ref_axis',(1.,0.,0.));
#9218=DIRECTION('',(0.,0.,1.));
#9219=DIRECTION('center_axis',(0.,0.,-1.));
#9220=DIRECTION('ref_axis',(1.,0.,0.));
#9221=DIRECTION('center_axis',(0.,-1.,0.));
#9222=DIRECTION('ref_axis',(0.,0.,-1.));
#9223=DIRECTION('',(1.,0.,0.));
#9224=DIRECTION('',(0.,0.,-1.));
#9225=DIRECTION('',(0.,0.,-1.));
#9226=DIRECTION('center_axis',(-1.,0.,0.));
#9227=DIRECTION('ref_axis',(0.,0.,1.));
#9228=DIRECTION('',(0.,-1.,0.));
#9229=DIRECTION('',(0.,0.,-1.));
#9230=DIRECTION('center_axis',(0.,1.,0.));
#9231=DIRECTION('ref_axis',(0.,0.,1.));
#9232=DIRECTION('',(-1.,0.,0.));
#9233=DIRECTION('',(0.,0.,-1.));
#9234=DIRECTION('center_axis',(1.,0.,0.));
#9235=DIRECTION('ref_axis',(0.,0.,-1.));
#9236=DIRECTION('',(0.,1.,0.));
#9237=DIRECTION('center_axis',(0.,0.,1.));
#9238=DIRECTION('ref_axis',(1.,0.,0.));
#9239=DIRECTION('',(-1.,0.,0.));
#9240=DIRECTION('',(0.,-1.,0.));
#9241=DIRECTION('',(1.,0.,0.));
#9242=DIRECTION('center_axis',(0.,1.,0.));
#9243=DIRECTION('ref_axis',(0.,0.,1.));
#9244=DIRECTION('',(0.,0.,-1.));
#9245=DIRECTION('center_axis',(1.,0.,0.));
#9246=DIRECTION('ref_axis',(0.,0.,-1.));
#9247=DIRECTION('',(0.,0.,-1.));
#9248=DIRECTION('center_axis',(0.,-1.,0.));
#9249=DIRECTION('ref_axis',(0.,0.,-1.));
#9250=DIRECTION('center_axis',(0.,0.,1.));
#9251=DIRECTION('ref_axis',(1.,0.,0.));
#9252=DIRECTION('center_axis',(0.,0.,1.));
#9253=DIRECTION('ref_axis',(1.,0.,0.));
#9254=DIRECTION('',(0.,0.,1.));
#9255=DIRECTION('center_axis',(0.,0.,-1.));
#9256=DIRECTION('ref_axis',(1.,0.,0.));
#9257=DIRECTION('center_axis',(0.,1.,0.));
#9258=DIRECTION('ref_axis',(0.,0.,1.));
#9259=DIRECTION('',(0.,0.,-1.));
#9260=DIRECTION('',(-1.,0.,0.));
#9261=DIRECTION('',(0.,0.,-1.));
#9262=DIRECTION('',(1.,0.,0.));
#9263=DIRECTION('',(0.,0.,-1.));
#9264=DIRECTION('',(-1.,0.,0.));
#9265=DIRECTION('center_axis',(0.,0.,1.));
#9266=DIRECTION('ref_axis',(1.,0.,0.));
#9267=DIRECTION('',(1.,0.,0.));
#9268=DIRECTION('',(0.,1.,0.));
#9269=DIRECTION('',(0.,1.,0.));
#9270=DIRECTION('',(1.,0.,0.));
#9271=DIRECTION('',(0.,1.,0.));
#9272=DIRECTION('',(-1.,0.,0.));
#9273=DIRECTION('',(0.,-1.,0.));
#9274=DIRECTION('center_axis',(0.,0.,1.));
#9275=DIRECTION('ref_axis',(1.,0.,0.));
#9276=DIRECTION('',(0.,1.,0.));
#9277=DIRECTION('',(-1.,0.,0.));
#9278=DIRECTION('',(0.,-1.,0.));
#9279=DIRECTION('center_axis',(1.,0.,0.));
#9280=DIRECTION('ref_axis',(0.,0.,-1.));
#9281=DIRECTION('',(0.,0.,-1.));
#9282=DIRECTION('center_axis',(0.,-1.,0.));
#9283=DIRECTION('ref_axis',(0.,0.,-1.));
#9284=DIRECTION('',(0.,0.,1.));
#9285=DIRECTION('',(0.,0.,-1.));
#9286=DIRECTION('',(1.,0.,0.));
#9287=DIRECTION('center_axis',(-1.,0.,0.));
#9288=DIRECTION('ref_axis',(0.,0.,1.));
#9289=DIRECTION('',(0.,0.,-1.));
#9290=DIRECTION('',(0.,-1.,0.));
#9291=DIRECTION('',(0.,0.,-1.));
#9292=DIRECTION('',(0.,1.,0.));
#9293=DIRECTION('center_axis',(-1.,0.,0.));
#9294=DIRECTION('ref_axis',(0.,0.,-1.));
#9295=DIRECTION('center_axis',(-1.,0.,0.));
#9296=DIRECTION('ref_axis',(0.,0.,-1.));
#9297=DIRECTION('',(0.,1.,0.));
#9298=DIRECTION('center_axis',(-1.,0.,0.));
#9299=DIRECTION('ref_axis',(0.,0.,-1.));
#9300=DIRECTION('',(0.,-1.,0.));
#9301=DIRECTION('center_axis',(-1.,0.,0.));
#9302=DIRECTION('ref_axis',(0.,0.,-1.));
#9303=DIRECTION('',(0.,1.,0.));
#9304=DIRECTION('center_axis',(-1.,0.,0.));
#9305=DIRECTION('ref_axis',(0.,0.,-1.));
#9306=DIRECTION('',(0.,-1.,0.));
#9307=DIRECTION('center_axis',(-1.,0.,0.));
#9308=DIRECTION('ref_axis',(0.,0.,-1.));
#9309=DIRECTION('center_axis',(1.,0.,0.));
#9310=DIRECTION('ref_axis',(0.,-1.22464679914735E-16,1.));
#9311=DIRECTION('center_axis',(1.,0.,0.));
#9312=DIRECTION('ref_axis',(0.,0.,-1.));
#9313=DIRECTION('center_axis',(1.,0.,0.));
#9314=DIRECTION('ref_axis',(0.,0.,-1.));
#9315=DIRECTION('center_axis',(1.,0.,0.));
#9316=DIRECTION('ref_axis',(0.,0.,-1.));
#9317=DIRECTION('center_axis',(1.,0.,0.));
#9318=DIRECTION('ref_axis',(0.,0.,-1.));
#9319=DIRECTION('center_axis',(1.,0.,0.));
#9320=DIRECTION('ref_axis',(0.,0.,-1.));
#9321=DIRECTION('',(1.,0.,0.));
#9322=DIRECTION('',(-1.,0.,0.));
#9323=DIRECTION('center_axis',(0.,0.,1.));
#9324=DIRECTION('ref_axis',(1.,0.,0.));
#9325=DIRECTION('',(0.,-1.,0.));
#9326=DIRECTION('',(1.,0.,0.));
#9327=DIRECTION('center_axis',(1.,0.,0.));
#9328=DIRECTION('ref_axis',(0.,0.,-1.));
#9329=DIRECTION('center_axis',(1.,0.,0.));
#9330=DIRECTION('ref_axis',(0.,0.,-1.));
#9331=DIRECTION('',(-1.,0.,0.));
#9332=DIRECTION('center_axis',(0.,0.,1.));
#9333=DIRECTION('ref_axis',(1.,0.,0.));
#9334=DIRECTION('',(0.,1.,0.));
#9335=DIRECTION('center_axis',(1.,0.,0.));
#9336=DIRECTION('ref_axis',(0.,0.,-1.));
#9337=DIRECTION('center_axis',(1.,0.,0.));
#9338=DIRECTION('ref_axis',(0.,0.,-1.));
#9339=DIRECTION('',(1.,0.,0.));
#9340=DIRECTION('',(-1.,0.,0.));
#9341=DIRECTION('center_axis',(0.,0.,1.));
#9342=DIRECTION('ref_axis',(1.,0.,0.));
#9343=DIRECTION('',(0.,-1.,0.));
#9344=DIRECTION('',(1.,0.,0.));
#9345=DIRECTION('center_axis',(1.,0.,0.));
#9346=DIRECTION('ref_axis',(0.,0.,-1.));
#9347=DIRECTION('center_axis',(1.,0.,0.));
#9348=DIRECTION('ref_axis',(0.,0.,-1.));
#9349=DIRECTION('',(-1.,0.,0.));
#9350=DIRECTION('center_axis',(0.,0.,1.));
#9351=DIRECTION('ref_axis',(1.,0.,0.));
#9352=DIRECTION('',(0.,1.,0.));
#9353=DIRECTION('center_axis',(0.,0.,1.));
#9354=DIRECTION('ref_axis',(1.,0.,0.));
#9355=DIRECTION('',(-1.,0.,0.));
#9356=DIRECTION('',(0.,-1.,0.));
#9357=DIRECTION('',(1.,0.,0.));
#9358=DIRECTION('center_axis',(0.,0.,1.));
#9359=DIRECTION('ref_axis',(1.,0.,0.));
#9360=DIRECTION('',(-1.,0.,0.));
#9361=DIRECTION('',(0.,1.,0.));
#9362=DIRECTION('',(1.,0.,0.));
#9363=DIRECTION('center_axis',(0.,1.,0.));
#9364=DIRECTION('ref_axis',(0.,0.,1.));
#9365=DIRECTION('',(0.,0.,-1.));
#9366=DIRECTION('center_axis',(1.,0.,0.));
#9367=DIRECTION('ref_axis',(0.,0.,-1.));
#9368=DIRECTION('',(0.,0.,-1.));
#9369=DIRECTION('center_axis',(0.,-1.,0.));
#9370=DIRECTION('ref_axis',(0.,0.,-1.));
#9371=DIRECTION('center_axis',(0.,0.,1.));
#9372=DIRECTION('ref_axis',(1.,0.,0.));
#9373=DIRECTION('center_axis',(0.,0.,-1.));
#9374=DIRECTION('ref_axis',(1.,0.,0.));
#9375=DIRECTION('',(0.,0.,1.));
#9376=DIRECTION('center_axis',(0.,0.,-1.));
#9377=DIRECTION('ref_axis',(1.,0.,0.));
#9378=DIRECTION('center_axis',(0.,0.,-1.));
#9379=DIRECTION('ref_axis',(-1.,0.,0.));
#9380=DIRECTION('center_axis',(0.,0.,1.));
#9381=DIRECTION('ref_axis',(1.,0.,0.));
#9382=DIRECTION('center_axis',(0.,0.,1.));
#9383=DIRECTION('ref_axis',(1.,0.,0.));
#9384=DIRECTION('',(0.,0.,-1.));
#9385=DIRECTION('center_axis',(0.,0.,-1.));
#9386=DIRECTION('ref_axis',(1.,0.,0.));
#9387=DIRECTION('',(0.,0.,-1.));
#9388=DIRECTION('center_axis',(0.,1.,0.));
#9389=DIRECTION('ref_axis',(0.,0.,1.));
#9390=DIRECTION('',(1.,0.,0.));
#9391=DIRECTION('',(0.,0.,-1.));
#9392=DIRECTION('',(-1.,0.,0.));
#9393=DIRECTION('',(0.,0.,-1.));
#9394=DIRECTION('center_axis',(0.,0.,1.));
#9395=DIRECTION('ref_axis',(1.,0.,0.));
#9396=DIRECTION('center_axis',(0.,0.,1.));
#9397=DIRECTION('ref_axis',(1.,0.,0.));
#9398=DIRECTION('',(0.,0.,-1.));
#9399=DIRECTION('center_axis',(0.,0.,-1.));
#9400=DIRECTION('ref_axis',(1.,0.,0.));
#9401=DIRECTION('center_axis',(0.,0.,1.));
#9402=DIRECTION('ref_axis',(1.,0.,0.));
#9403=DIRECTION('',(0.,-1.,0.));
#9404=DIRECTION('center_axis',(0.,0.,-1.));
#9405=DIRECTION('ref_axis',(1.,0.,0.));
#9406=DIRECTION('',(0.,1.,0.));
#9407=DIRECTION('center_axis',(0.,0.,-1.));
#9408=DIRECTION('ref_axis',(1.,0.,0.));
#9409=DIRECTION('',(1.,0.,0.));
#9410=DIRECTION('center_axis',(0.,0.,1.));
#9411=DIRECTION('ref_axis',(1.,0.,0.));
#9412=DIRECTION('center_axis',(0.,0.,1.));
#9413=DIRECTION('ref_axis',(1.,0.,0.));
#9414=DIRECTION('',(0.,0.,-1.));
#9415=DIRECTION('center_axis',(0.,0.,1.));
#9416=DIRECTION('ref_axis',(1.,0.,0.));
#9417=DIRECTION('center_axis',(0.,0.,1.));
#9418=DIRECTION('ref_axis',(1.,0.,0.));
#9419=DIRECTION('',(0.,0.,-1.));
#9420=DIRECTION('',(0.,0.,-1.));
#9421=DIRECTION('center_axis',(0.,-1.,0.));
#9422=DIRECTION('ref_axis',(0.,0.,-1.));
#9423=DIRECTION('',(-1.,0.,0.));
#9424=DIRECTION('',(0.,0.,-1.));
#9425=DIRECTION('',(1.,0.,0.));
#9426=DIRECTION('',(1.,0.,0.));
#9427=DIRECTION('',(0.,0.,-1.));
#9428=DIRECTION('center_axis',(0.,0.,1.));
#9429=DIRECTION('ref_axis',(1.,0.,0.));
#9430=DIRECTION('',(0.,1.,0.));
#9431=DIRECTION('center_axis',(0.,0.,1.));
#9432=DIRECTION('ref_axis',(1.,0.,0.));
#9433=DIRECTION('',(0.,-1.,0.));
#9434=DIRECTION('center_axis',(0.,0.,1.));
#9435=DIRECTION('ref_axis',(1.,0.,0.));
#9436=DIRECTION('',(-1.,0.,0.));
#9437=DIRECTION('center_axis',(0.,0.,1.));
#9438=DIRECTION('ref_axis',(1.,0.,0.));
#9439=DIRECTION('',(0.,1.,0.));
#9440=DIRECTION('center_axis',(-1.,0.,0.));
#9441=DIRECTION('ref_axis',(0.,0.,1.));
#9442=DIRECTION('',(0.,1.,0.));
#9443=DIRECTION('',(0.,0.,-1.));
#9444=DIRECTION('',(0.,1.,0.));
#9445=DIRECTION('',(0.,0.,-1.));
#9446=DIRECTION('',(0.,1.,0.));
#9447=DIRECTION('',(0.,0.,-1.));
#9448=DIRECTION('',(0.,-1.,0.));
#9449=DIRECTION('',(0.,0.,-1.));
#9450=DIRECTION('',(0.,-1.,0.));
#9451=DIRECTION('',(0.,0.,-1.));
#9452=DIRECTION('',(0.,-1.,0.));
#9453=DIRECTION('center_axis',(0.,0.,1.));
#9454=DIRECTION('ref_axis',(1.,0.,0.));
#9455=DIRECTION('',(0.,-1.,0.));
#9456=DIRECTION('',(-1.,0.,0.));
#9457=DIRECTION('center_axis',(1.,0.,0.));
#9458=DIRECTION('ref_axis',(0.,0.,-1.));
#9459=DIRECTION('',(0.,0.,-1.));
#9460=DIRECTION('',(0.,1.,0.));
#9461=DIRECTION('',(0.,0.,-1.));
#9462=DIRECTION('',(0.,1.,0.));
#9463=DIRECTION('',(0.,0.,-1.));
#9464=DIRECTION('',(0.,-1.,0.));
#9465=DIRECTION('',(0.,0.,-1.));
#9466=DIRECTION('',(0.,-1.,0.));
#9467=DIRECTION('',(0.,0.,-1.));
#9468=DIRECTION('center_axis',(0.,0.,1.));
#9469=DIRECTION('ref_axis',(1.,0.,0.));
#9470=DIRECTION('center_axis',(0.,0.,-1.));
#9471=DIRECTION('ref_axis',(1.,0.,0.));
#9472=DIRECTION('',(0.,0.,-1.));
#9473=DIRECTION('center_axis',(0.,0.,1.));
#9474=DIRECTION('ref_axis',(1.,0.,0.));
#9475=DIRECTION('center_axis',(0.,0.,1.));
#9476=DIRECTION('ref_axis',(1.,0.,0.));
#9477=DIRECTION('',(0.,0.,-1.));
#9478=DIRECTION('center_axis',(0.,0.,-1.));
#9479=DIRECTION('ref_axis',(1.,0.,0.));
#9480=DIRECTION('center_axis',(0.,0.,1.));
#9481=DIRECTION('ref_axis',(1.,0.,0.));
#9482=DIRECTION('center_axis',(0.,0.,1.));
#9483=DIRECTION('ref_axis',(1.,0.,0.));
#9484=DIRECTION('center_axis',(0.,0.,-1.));
#9485=DIRECTION('ref_axis',(1.,0.,0.));
#9486=DIRECTION('',(0.,0.,-1.));
#9487=DIRECTION('center_axis',(0.,0.,1.));
#9488=DIRECTION('ref_axis',(1.,0.,0.));
#9489=DIRECTION('',(-1.,0.,0.));
#9490=DIRECTION('center_axis',(0.,0.,-1.));
#9491=DIRECTION('ref_axis',(1.,0.,0.));
#9492=DIRECTION('',(1.,0.,0.));
#9493=DIRECTION('center_axis',(0.,0.,1.));
#9494=DIRECTION('ref_axis',(1.,0.,0.));
#9495=DIRECTION('',(0.,0.,-1.));
#9496=DIRECTION('center_axis',(0.,-1.,0.));
#9497=DIRECTION('ref_axis',(0.,0.,-1.));
#9498=DIRECTION('center_axis',(0.,1.,0.));
#9499=DIRECTION('ref_axis',(0.,0.,1.));
#9500=DIRECTION('',(1.,0.,0.));
#9501=DIRECTION('',(-1.,0.,0.));
#9502=DIRECTION('',(-1.,0.,0.));
#9503=DIRECTION('center_axis',(0.,0.,1.));
#9504=DIRECTION('ref_axis',(1.,0.,0.));
#9505=DIRECTION('',(1.,0.,0.));
#9506=DIRECTION('center_axis',(0.,0.,1.));
#9507=DIRECTION('ref_axis',(1.,0.,0.));
#9508=DIRECTION('center_axis',(0.,0.,1.));
#9509=DIRECTION('ref_axis',(1.,0.,0.));
#9510=DIRECTION('center_axis',(0.,0.,1.));
#9511=DIRECTION('ref_axis',(1.,0.,0.));
#9512=DIRECTION('center_axis',(0.,1.,0.));
#9513=DIRECTION('ref_axis',(0.,0.,1.));
#9514=DIRECTION('',(1.,0.,0.));
#9515=DIRECTION('center_axis',(0.,0.,1.));
#9516=DIRECTION('ref_axis',(1.,0.,0.));
#9517=DIRECTION('',(-1.,0.,0.));
#9518=DIRECTION('center_axis',(0.,-1.,0.));
#9519=DIRECTION('ref_axis',(0.,0.,-1.));
#9520=DIRECTION('center_axis',(0.,0.,1.));
#9521=DIRECTION('ref_axis',(1.,0.,0.));
#9522=DIRECTION('center_axis',(0.,0.,-1.));
#9523=DIRECTION('ref_axis',(1.,0.,0.));
#9524=DIRECTION('',(0.,0.,-1.));
#9525=DIRECTION('center_axis',(0.,0.,1.));
#9526=DIRECTION('ref_axis',(1.,0.,0.));
#9527=DIRECTION('',(0.,0.,-1.));
#9528=DIRECTION('center_axis',(0.,1.,0.));
#9529=DIRECTION('ref_axis',(0.,0.,1.));
#9530=DIRECTION('',(-1.,0.,0.));
#9531=DIRECTION('',(1.,0.,0.));
#9532=DIRECTION('',(0.,0.,-1.));
#9533=DIRECTION('center_axis',(0.,0.,1.));
#9534=DIRECTION('ref_axis',(-1.,1.22464679914735E-16,0.));
#9535=DIRECTION('center_axis',(0.,0.,-1.));
#9536=DIRECTION('ref_axis',(1.,0.,0.));
#9537=DIRECTION('center_axis',(0.,0.,1.));
#9538=DIRECTION('ref_axis',(1.,0.,0.));
#9539=DIRECTION('',(0.,0.,-1.));
#9540=DIRECTION('center_axis',(0.,-1.,0.));
#9541=DIRECTION('ref_axis',(0.,0.,-1.));
#9542=DIRECTION('',(1.,0.,0.));
#9543=DIRECTION('',(-1.,0.,0.));
#9544=DIRECTION('center_axis',(0.,0.,1.));
#9545=DIRECTION('ref_axis',(1.,0.,0.));
#9546=DIRECTION('center_axis',(0.,0.,1.));
#9547=DIRECTION('ref_axis',(1.,0.,0.));
#9548=DIRECTION('',(0.,0.,-1.));
#9549=DIRECTION('center_axis',(0.,0.,-1.));
#9550=DIRECTION('ref_axis',(1.,0.,0.));
#9551=DIRECTION('center_axis',(0.,0.,1.));
#9552=DIRECTION('ref_axis',(1.,0.,0.));
#9553=DIRECTION('center_axis',(0.,0.,1.));
#9554=DIRECTION('ref_axis',(1.,0.,0.));
#9555=DIRECTION('center_axis',(0.,0.,1.));
#9556=DIRECTION('ref_axis',(1.,0.,0.));
#9557=DIRECTION('',(0.,0.,-1.));
#9558=DIRECTION('center_axis',(0.,0.,-1.));
#9559=DIRECTION('ref_axis',(1.,0.,0.));
#9560=DIRECTION('center_axis',(0.,0.,1.));
#9561=DIRECTION('ref_axis',(1.,0.,0.));
#9562=DIRECTION('center_axis',(0.,0.,1.));
#9563=DIRECTION('ref_axis',(1.,0.,0.));
#9564=DIRECTION('center_axis',(0.,0.,-1.));
#9565=DIRECTION('ref_axis',(1.,0.,0.));
#9566=DIRECTION('',(0.,0.,-1.));
#9567=DIRECTION('center_axis',(0.,0.,1.));
#9568=DIRECTION('ref_axis',(1.,0.,0.));
#9569=DIRECTION('',(0.,0.,-1.));
#9570=DIRECTION('center_axis',(0.,1.,0.));
#9571=DIRECTION('ref_axis',(0.,0.,1.));
#9572=DIRECTION('',(-1.,0.,0.));
#9573=DIRECTION('',(1.,0.,0.));
#9574=DIRECTION('',(0.,0.,-1.));
#9575=DIRECTION('center_axis',(0.,0.,1.));
#9576=DIRECTION('ref_axis',(-1.,1.22464679914735E-16,0.));
#9577=DIRECTION('center_axis',(0.,0.,-1.));
#9578=DIRECTION('ref_axis',(1.,0.,0.));
#9579=DIRECTION('center_axis',(0.,0.,1.));
#9580=DIRECTION('ref_axis',(1.,0.,0.));
#9581=DIRECTION('',(0.,0.,-1.));
#9582=DIRECTION('center_axis',(0.,-1.,0.));
#9583=DIRECTION('ref_axis',(0.,0.,-1.));
#9584=DIRECTION('',(1.,0.,0.));
#9585=DIRECTION('',(-1.,0.,0.));
#9586=DIRECTION('center_axis',(0.,0.,1.));
#9587=DIRECTION('ref_axis',(1.,0.,0.));
#9588=DIRECTION('center_axis',(0.,0.,1.));
#9589=DIRECTION('ref_axis',(1.,0.,0.));
#9590=DIRECTION('',(0.,0.,-1.));
#9591=DIRECTION('center_axis',(0.,0.,-1.));
#9592=DIRECTION('ref_axis',(1.,0.,0.));
#9593=DIRECTION('center_axis',(0.,0.,1.));
#9594=DIRECTION('ref_axis',(1.,0.,0.));
#9595=DIRECTION('center_axis',(0.,0.,1.));
#9596=DIRECTION('ref_axis',(1.,0.,0.));
#9597=DIRECTION('center_axis',(0.,0.,1.));
#9598=DIRECTION('ref_axis',(1.,0.,0.));
#9599=DIRECTION('',(0.,0.,-1.));
#9600=DIRECTION('center_axis',(0.,0.,-1.));
#9601=DIRECTION('ref_axis',(1.,0.,0.));
#9602=DIRECTION('center_axis',(0.,0.,1.));
#9603=DIRECTION('ref_axis',(1.,0.,0.));
#9604=DIRECTION('center_axis',(0.,0.,1.));
#9605=DIRECTION('ref_axis',(1.,0.,0.));
#9606=DIRECTION('center_axis',(0.,0.,-1.));
#9607=DIRECTION('ref_axis',(1.,0.,0.));
#9608=DIRECTION('',(0.,0.,-1.));
#9609=DIRECTION('center_axis',(0.,0.,1.));
#9610=DIRECTION('ref_axis',(1.,0.,0.));
#9611=DIRECTION('',(0.,0.,-1.));
#9612=DIRECTION('center_axis',(0.,1.,0.));
#9613=DIRECTION('ref_axis',(0.,0.,1.));
#9614=DIRECTION('',(-1.,0.,0.));
#9615=DIRECTION('',(1.,0.,0.));
#9616=DIRECTION('',(0.,0.,-1.));
#9617=DIRECTION('center_axis',(0.,0.,1.));
#9618=DIRECTION('ref_axis',(-1.,1.22464679914735E-16,0.));
#9619=DIRECTION('center_axis',(0.,0.,-1.));
#9620=DIRECTION('ref_axis',(1.,0.,0.));
#9621=DIRECTION('center_axis',(0.,0.,1.));
#9622=DIRECTION('ref_axis',(1.,0.,0.));
#9623=DIRECTION('',(0.,0.,-1.));
#9624=DIRECTION('center_axis',(0.,-1.,0.));
#9625=DIRECTION('ref_axis',(0.,0.,-1.));
#9626=DIRECTION('',(1.,0.,0.));
#9627=DIRECTION('',(-1.,0.,0.));
#9628=DIRECTION('center_axis',(0.,0.,1.));
#9629=DIRECTION('ref_axis',(1.,0.,0.));
#9630=DIRECTION('center_axis',(0.,0.,1.));
#9631=DIRECTION('ref_axis',(1.,0.,0.));
#9632=DIRECTION('',(0.,0.,-1.));
#9633=DIRECTION('center_axis',(0.,0.,-1.));
#9634=DIRECTION('ref_axis',(1.,0.,0.));
#9635=DIRECTION('center_axis',(0.,0.,1.));
#9636=DIRECTION('ref_axis',(1.,0.,0.));
#9637=DIRECTION('center_axis',(0.,0.,1.));
#9638=DIRECTION('ref_axis',(1.,0.,0.));
#9639=DIRECTION('center_axis',(0.,0.,1.));
#9640=DIRECTION('ref_axis',(1.,0.,0.));
#9641=DIRECTION('',(0.,0.,-1.));
#9642=DIRECTION('center_axis',(0.,0.,-1.));
#9643=DIRECTION('ref_axis',(1.,0.,0.));
#9644=DIRECTION('center_axis',(0.,0.,1.));
#9645=DIRECTION('ref_axis',(1.,0.,0.));
#9646=DIRECTION('center_axis',(0.,0.,1.));
#9647=DIRECTION('ref_axis',(1.,0.,0.));
#9648=DIRECTION('center_axis',(0.,0.,-1.));
#9649=DIRECTION('ref_axis',(1.,0.,0.));
#9650=DIRECTION('',(0.,0.,-1.));
#9651=DIRECTION('center_axis',(0.,0.,1.));
#9652=DIRECTION('ref_axis',(1.,0.,0.));
#9653=DIRECTION('',(0.,0.,-1.));
#9654=DIRECTION('center_axis',(0.,1.,0.));
#9655=DIRECTION('ref_axis',(0.,0.,1.));
#9656=DIRECTION('',(-1.,0.,0.));
#9657=DIRECTION('',(1.,0.,0.));
#9658=DIRECTION('',(0.,0.,-1.));
#9659=DIRECTION('center_axis',(0.,0.,1.));
#9660=DIRECTION('ref_axis',(-1.,1.22464679914735E-16,0.));
#9661=DIRECTION('center_axis',(0.,0.,-1.));
#9662=DIRECTION('ref_axis',(1.,0.,0.));
#9663=DIRECTION('center_axis',(0.,0.,1.));
#9664=DIRECTION('ref_axis',(1.,0.,0.));
#9665=DIRECTION('',(0.,0.,-1.));
#9666=DIRECTION('center_axis',(0.,-1.,0.));
#9667=DIRECTION('ref_axis',(0.,0.,-1.));
#9668=DIRECTION('',(1.,0.,0.));
#9669=DIRECTION('',(-1.,0.,0.));
#9670=DIRECTION('center_axis',(0.,0.,1.));
#9671=DIRECTION('ref_axis',(1.,0.,0.));
#9672=DIRECTION('center_axis',(0.,0.,1.));
#9673=DIRECTION('ref_axis',(1.,0.,0.));
#9674=DIRECTION('',(0.,0.,-1.));
#9675=DIRECTION('center_axis',(0.,0.,-1.));
#9676=DIRECTION('ref_axis',(1.,0.,0.));
#9677=DIRECTION('center_axis',(0.,0.,1.));
#9678=DIRECTION('ref_axis',(1.,0.,0.));
#9679=DIRECTION('center_axis',(0.,0.,1.));
#9680=DIRECTION('ref_axis',(1.,0.,0.));
#9681=DIRECTION('center_axis',(0.,0.,1.));
#9682=DIRECTION('ref_axis',(1.,0.,0.));
#9683=DIRECTION('',(0.,0.,-1.));
#9684=DIRECTION('center_axis',(0.,0.,-1.));
#9685=DIRECTION('ref_axis',(1.,0.,0.));
#9686=DIRECTION('center_axis',(0.,0.,1.));
#9687=DIRECTION('ref_axis',(1.,0.,0.));
#9688=DIRECTION('center_axis',(0.,0.,1.));
#9689=DIRECTION('ref_axis',(1.,0.,0.));
#9690=DIRECTION('center_axis',(0.,0.,1.));
#9691=DIRECTION('ref_axis',(1.,0.,0.));
#9692=DIRECTION('',(0.,0.,1.));
#9693=DIRECTION('center_axis',(0.,0.,-1.));
#9694=DIRECTION('ref_axis',(1.,0.,0.));
#9695=DIRECTION('center_axis',(0.,0.,1.));
#9696=DIRECTION('ref_axis',(1.,0.,0.));
#9697=DIRECTION('center_axis',(0.,0.,1.));
#9698=DIRECTION('ref_axis',(1.,0.,0.));
#9699=DIRECTION('',(0.,0.,1.));
#9700=DIRECTION('center_axis',(0.,0.,-1.));
#9701=DIRECTION('ref_axis',(1.,0.,0.));
#9702=DIRECTION('center_axis',(0.,0.,1.));
#9703=DIRECTION('ref_axis',(1.,0.,0.));
#9704=DIRECTION('center_axis',(0.,0.,1.));
#9705=DIRECTION('ref_axis',(1.,0.,0.));
#9706=DIRECTION('',(0.,0.,1.));
#9707=DIRECTION('center_axis',(0.,0.,-1.));
#9708=DIRECTION('ref_axis',(1.,0.,0.));
#9709=DIRECTION('center_axis',(0.,0.,1.));
#9710=DIRECTION('ref_axis',(1.,0.,0.));
#9711=DIRECTION('center_axis',(0.,0.,1.));
#9712=DIRECTION('ref_axis',(1.,0.,0.));
#9713=DIRECTION('',(0.,0.,1.));
#9714=DIRECTION('center_axis',(0.,0.,-1.));
#9715=DIRECTION('ref_axis',(1.,0.,0.));
#9716=DIRECTION('center_axis',(0.,0.,1.));
#9717=DIRECTION('ref_axis',(1.,0.,0.));
#9718=DIRECTION('center_axis',(0.,0.,-1.));
#9719=DIRECTION('ref_axis',(1.,0.,0.));
#9720=DIRECTION('',(0.,0.,-1.));
#9721=DIRECTION('center_axis',(0.,0.,1.));
#9722=DIRECTION('ref_axis',(1.,0.,0.));
#9723=DIRECTION('',(0.,0.,-1.));
#9724=DIRECTION('center_axis',(-1.,0.,0.));
#9725=DIRECTION('ref_axis',(0.,0.,1.));
#9726=DIRECTION('',(0.,-1.,0.));
#9727=DIRECTION('',(0.,1.,0.));
#9728=DIRECTION('',(0.,0.,-1.));
#9729=DIRECTION('center_axis',(0.,0.,1.));
#9730=DIRECTION('ref_axis',(1.,0.,0.));
#9731=DIRECTION('center_axis',(0.,0.,-1.));
#9732=DIRECTION('ref_axis',(1.,0.,0.));
#9733=DIRECTION('center_axis',(0.,0.,1.));
#9734=DIRECTION('ref_axis',(1.,0.,0.));
#9735=DIRECTION('',(0.,0.,-1.));
#9736=DIRECTION('center_axis',(0.,1.,0.));
#9737=DIRECTION('ref_axis',(0.,0.,1.));
#9738=DIRECTION('',(-1.,0.,0.));
#9739=DIRECTION('',(1.,0.,0.));
#9740=DIRECTION('',(0.,0.,-1.));
#9741=DIRECTION('center_axis',(0.,0.,1.));
#9742=DIRECTION('ref_axis',(1.,0.,0.));
#9743=DIRECTION('center_axis',(0.,0.,-1.));
#9744=DIRECTION('ref_axis',(1.,0.,0.));
#9745=DIRECTION('',(0.,0.,-1.));
#9746=DIRECTION('center_axis',(0.,0.,1.));
#9747=DIRECTION('ref_axis',(1.,0.,0.));
#9748=DIRECTION('',(0.,0.,-1.));
#9749=DIRECTION('center_axis',(0.,0.,1.));
#9750=DIRECTION('ref_axis',(1.,0.,0.));
#9751=DIRECTION('center_axis',(0.,0.,-1.));
#9752=DIRECTION('ref_axis',(1.,0.,0.));
#9753=DIRECTION('center_axis',(0.,0.,1.));
#9754=DIRECTION('ref_axis',(1.,0.,0.));
#9755=DIRECTION('',(0.,0.,-1.));
#9756=DIRECTION('center_axis',(1.,0.,0.));
#9757=DIRECTION('ref_axis',(0.,0.,-1.));
#9758=DIRECTION('',(0.,1.,0.));
#9759=DIRECTION('',(0.,-1.,0.));
#9760=DIRECTION('center_axis',(0.,-1.,0.));
#9761=DIRECTION('ref_axis',(0.,0.,-1.));
#9762=DIRECTION('',(1.,0.,0.));
#9763=DIRECTION('',(-1.,0.,0.));
#9764=DIRECTION('center_axis',(0.,0.,1.));
#9765=DIRECTION('ref_axis',(1.,0.,0.));
#9766=DIRECTION('center_axis',(0.,0.,-1.));
#9767=DIRECTION('ref_axis',(1.,0.,0.));
#9768=DIRECTION('',(0.,0.,-1.));
#9769=DIRECTION('center_axis',(0.,0.,1.));
#9770=DIRECTION('ref_axis',(1.,0.,0.));
#9771=DIRECTION('',(0.,0.,-1.));
#9772=DIRECTION('center_axis',(-1.,0.,0.));
#9773=DIRECTION('ref_axis',(0.,0.,1.));
#9774=DIRECTION('',(0.,-1.,0.));
#9775=DIRECTION('',(0.,1.,0.));
#9776=DIRECTION('',(0.,0.,-1.));
#9777=DIRECTION('center_axis',(0.,0.,1.));
#9778=DIRECTION('ref_axis',(1.,0.,0.));
#9779=DIRECTION('center_axis',(0.,0.,-1.));
#9780=DIRECTION('ref_axis',(1.,0.,0.));
#9781=DIRECTION('center_axis',(0.,0.,1.));
#9782=DIRECTION('ref_axis',(1.,0.,0.));
#9783=DIRECTION('',(0.,0.,-1.));
#9784=DIRECTION('center_axis',(0.,1.,0.));
#9785=DIRECTION('ref_axis',(0.,0.,1.));
#9786=DIRECTION('',(-1.,0.,0.));
#9787=DIRECTION('',(1.,0.,0.));
#9788=DIRECTION('',(0.,0.,-1.));
#9789=DIRECTION('center_axis',(0.,0.,1.));
#9790=DIRECTION('ref_axis',(1.,0.,0.));
#9791=DIRECTION('center_axis',(0.,0.,-1.));
#9792=DIRECTION('ref_axis',(1.,0.,0.));
#9793=DIRECTION('',(0.,0.,-1.));
#9794=DIRECTION('center_axis',(0.,0.,1.));
#9795=DIRECTION('ref_axis',(1.,0.,0.));
#9796=DIRECTION('',(0.,0.,-1.));
#9797=DIRECTION('center_axis',(0.,0.,1.));
#9798=DIRECTION('ref_axis',(1.,0.,0.));
#9799=DIRECTION('center_axis',(0.,0.,-1.));
#9800=DIRECTION('ref_axis',(1.,0.,0.));
#9801=DIRECTION('center_axis',(0.,0.,1.));
#9802=DIRECTION('ref_axis',(1.,0.,0.));
#9803=DIRECTION('',(0.,0.,-1.));
#9804=DIRECTION('center_axis',(1.,0.,0.));
#9805=DIRECTION('ref_axis',(0.,0.,-1.));
#9806=DIRECTION('',(0.,1.,0.));
#9807=DIRECTION('',(0.,-1.,0.));
#9808=DIRECTION('center_axis',(0.,-1.,0.));
#9809=DIRECTION('ref_axis',(0.,0.,-1.));
#9810=DIRECTION('',(1.,0.,0.));
#9811=DIRECTION('',(-1.,0.,0.));
#9812=DIRECTION('center_axis',(0.,0.,1.));
#9813=DIRECTION('ref_axis',(1.,0.,0.));
#9814=DIRECTION('',(0.,0.,-1.));
#9815=DIRECTION('center_axis',(0.,0.,-1.));
#9816=DIRECTION('ref_axis',(1.,0.,0.));
#9817=DIRECTION('',(0.,0.,-1.));
#9818=DIRECTION('center_axis',(0.,0.,1.));
#9819=DIRECTION('ref_axis',(1.,0.,0.));
#9820=DIRECTION('center_axis',(0.,0.,1.));
#9821=DIRECTION('ref_axis',(1.,0.,0.));
#9822=DIRECTION('',(-1.,0.,0.));
#9823=DIRECTION('center_axis',(0.,0.,1.));
#9824=DIRECTION('ref_axis',(1.,0.,0.));
#9825=DIRECTION('',(0.,-1.,0.));
#9826=DIRECTION('center_axis',(0.,0.,1.));
#9827=DIRECTION('ref_axis',(1.,0.,0.));
#9828=DIRECTION('',(1.,0.,0.));
#9829=DIRECTION('center_axis',(0.,0.,1.));
#9830=DIRECTION('ref_axis',(1.,0.,0.));
#9831=DIRECTION('',(0.,1.,0.));
#9832=DIRECTION('center_axis',(0.,0.,1.));
#9833=DIRECTION('ref_axis',(1.,0.,0.));
#9834=DIRECTION('',(0.,0.,-1.));
#9835=DIRECTION('center_axis',(0.,0.,-1.));
#9836=DIRECTION('ref_axis',(1.,0.,0.));
#9837=DIRECTION('',(0.,0.,-1.));
#9838=DIRECTION('center_axis',(0.,0.,1.));
#9839=DIRECTION('ref_axis',(1.,0.,0.));
#9840=DIRECTION('',(0.,0.,-1.));
#9841=DIRECTION('',(0.,0.,-1.));
#9842=DIRECTION('center_axis',(0.,0.,-1.));
#9843=DIRECTION('ref_axis',(1.,0.,0.));
#9844=DIRECTION('center_axis',(0.,0.,1.));
#9845=DIRECTION('ref_axis',(1.,0.,0.));
#9846=DIRECTION('',(0.,-1.,0.));
#9847=DIRECTION('',(-1.,0.,0.));
#9848=DIRECTION('center_axis',(0.,0.,-1.));
#9849=DIRECTION('ref_axis',(1.,0.,0.));
#9850=DIRECTION('',(0.,1.,0.));
#9851=DIRECTION('',(1.,0.,0.));
#9852=DIRECTION('center_axis',(0.,0.,1.));
#9853=DIRECTION('ref_axis',(1.,0.,0.));
#9854=DIRECTION('',(0.,0.,-1.));
#9855=DIRECTION('',(0.,0.,-1.));
#9856=DIRECTION('center_axis',(1.,0.,0.));
#9857=DIRECTION('ref_axis',(0.,0.,-1.));
#9858=DIRECTION('center_axis',(-1.,0.,0.));
#9859=DIRECTION('ref_axis',(0.,0.,1.));
#9860=DIRECTION('center_axis',(0.,1.,0.));
#9861=DIRECTION('ref_axis',(0.,0.,1.));
#9862=DIRECTION('center_axis',(0.,-1.,0.));
#9863=DIRECTION('ref_axis',(0.,0.,-1.));
#9864=DIRECTION('center_axis',(0.,0.,1.));
#9865=DIRECTION('ref_axis',(1.,0.,0.));
#9866=DIRECTION('center_axis',(0.,0.,1.));
#9867=DIRECTION('ref_axis',(1.,0.,0.));
#9868=DIRECTION('',(0.,0.,-1.));
#9869=DIRECTION('center_axis',(0.,0.,-1.));
#9870=DIRECTION('ref_axis',(1.,0.,0.));
#9871=DIRECTION('',(0.,0.,-1.));
#9872=DIRECTION('center_axis',(0.,-1.,0.));
#9873=DIRECTION('ref_axis',(0.,0.,-1.));
#9874=DIRECTION('',(-1.,0.,0.));
#9875=DIRECTION('',(1.,0.,0.));
#9876=DIRECTION('',(0.,0.,-1.));
#9877=DIRECTION('center_axis',(0.,0.,1.));
#9878=DIRECTION('ref_axis',(-1.,1.22464679914735E-16,0.));
#9879=DIRECTION('center_axis',(0.,0.,1.));
#9880=DIRECTION('ref_axis',(1.,0.,0.));
#9881=DIRECTION('center_axis',(0.,0.,-1.));
#9882=DIRECTION('ref_axis',(1.,0.,0.));
#9883=DIRECTION('',(0.,0.,-1.));
#9884=DIRECTION('center_axis',(0.,1.,0.));
#9885=DIRECTION('ref_axis',(0.,0.,1.));
#9886=DIRECTION('',(1.,0.,0.));
#9887=DIRECTION('',(-1.,0.,0.));
#9888=DIRECTION('center_axis',(0.,0.,1.));
#9889=DIRECTION('ref_axis',(1.,0.,0.));
#9890=DIRECTION('center_axis',(0.,0.,1.));
#9891=DIRECTION('ref_axis',(1.,0.,0.));
#9892=DIRECTION('',(0.,0.,-1.));
#9893=DIRECTION('center_axis',(0.,0.,-1.));
#9894=DIRECTION('ref_axis',(1.,0.,0.));
#9895=DIRECTION('',(0.,0.,-1.));
#9896=DIRECTION('center_axis',(0.,-1.,0.));
#9897=DIRECTION('ref_axis',(0.,0.,-1.));
#9898=DIRECTION('',(-1.,0.,0.));
#9899=DIRECTION('',(1.,0.,0.));
#9900=DIRECTION('',(0.,0.,-1.));
#9901=DIRECTION('center_axis',(0.,0.,1.));
#9902=DIRECTION('ref_axis',(-1.,1.22464679914735E-16,0.));
#9903=DIRECTION('center_axis',(0.,0.,1.));
#9904=DIRECTION('ref_axis',(1.,0.,0.));
#9905=DIRECTION('center_axis',(0.,0.,-1.));
#9906=DIRECTION('ref_axis',(1.,0.,0.));
#9907=DIRECTION('',(0.,0.,-1.));
#9908=DIRECTION('center_axis',(0.,1.,0.));
#9909=DIRECTION('ref_axis',(0.,0.,1.));
#9910=DIRECTION('',(1.,0.,0.));
#9911=DIRECTION('',(-1.,0.,0.));
#9912=DIRECTION('center_axis',(0.,0.,1.));
#9913=DIRECTION('ref_axis',(1.,0.,0.));
#9914=DIRECTION('center_axis',(0.,0.,1.));
#9915=DIRECTION('ref_axis',(1.,0.,0.));
#9916=DIRECTION('',(0.,0.,-1.));
#9917=DIRECTION('center_axis',(0.,0.,-1.));
#9918=DIRECTION('ref_axis',(1.,0.,0.));
#9919=DIRECTION('',(0.,0.,-1.));
#9920=DIRECTION('center_axis',(0.,-1.,0.));
#9921=DIRECTION('ref_axis',(0.,0.,-1.));
#9922=DIRECTION('',(-1.,0.,0.));
#9923=DIRECTION('',(1.,0.,0.));
#9924=DIRECTION('',(0.,0.,-1.));
#9925=DIRECTION('center_axis',(0.,0.,1.));
#9926=DIRECTION('ref_axis',(-1.,1.22464679914735E-16,0.));
#9927=DIRECTION('center_axis',(0.,0.,1.));
#9928=DIRECTION('ref_axis',(1.,0.,0.));
#9929=DIRECTION('center_axis',(0.,0.,-1.));
#9930=DIRECTION('ref_axis',(1.,0.,0.));
#9931=DIRECTION('',(0.,0.,-1.));
#9932=DIRECTION('center_axis',(0.,1.,0.));
#9933=DIRECTION('ref_axis',(0.,0.,1.));
#9934=DIRECTION('',(1.,0.,0.));
#9935=DIRECTION('',(-1.,0.,0.));
#9936=DIRECTION('center_axis',(0.,0.,1.));
#9937=DIRECTION('ref_axis',(1.,0.,0.));
#9938=DIRECTION('center_axis',(0.,0.,1.));
#9939=DIRECTION('ref_axis',(1.,0.,0.));
#9940=DIRECTION('',(0.,0.,-1.));
#9941=DIRECTION('center_axis',(0.,0.,-1.));
#9942=DIRECTION('ref_axis',(1.,0.,0.));
#9943=DIRECTION('',(0.,0.,-1.));
#9944=DIRECTION('center_axis',(0.,-1.,0.));
#9945=DIRECTION('ref_axis',(0.,0.,-1.));
#9946=DIRECTION('',(-1.,0.,0.));
#9947=DIRECTION('',(1.,0.,0.));
#9948=DIRECTION('',(0.,0.,-1.));
#9949=DIRECTION('center_axis',(0.,0.,1.));
#9950=DIRECTION('ref_axis',(-1.,1.22464679914735E-16,0.));
#9951=DIRECTION('center_axis',(0.,0.,1.));
#9952=DIRECTION('ref_axis',(1.,0.,0.));
#9953=DIRECTION('center_axis',(0.,0.,-1.));
#9954=DIRECTION('ref_axis',(1.,0.,0.));
#9955=DIRECTION('',(0.,0.,-1.));
#9956=DIRECTION('center_axis',(0.,1.,0.));
#9957=DIRECTION('ref_axis',(0.,0.,1.));
#9958=DIRECTION('',(1.,0.,0.));
#9959=DIRECTION('',(-1.,0.,0.));
#9960=DIRECTION('center_axis',(0.,0.,1.));
#9961=DIRECTION('ref_axis',(1.,0.,0.));
#9962=DIRECTION('center_axis',(0.,0.,-1.));
#9963=DIRECTION('ref_axis',(1.,0.,0.));
#9964=DIRECTION('',(0.,0.,1.));
#9965=DIRECTION('center_axis',(0.,0.,-1.));
#9966=DIRECTION('ref_axis',(1.,0.,0.));
#9967=DIRECTION('center_axis',(0.,0.,-1.));
#9968=DIRECTION('ref_axis',(-1.,0.,0.));
#9969=DIRECTION('center_axis',(0.,0.,1.));
#9970=DIRECTION('ref_axis',(1.,0.,0.));
#9971=DIRECTION('center_axis',(0.,0.,1.));
#9972=DIRECTION('ref_axis',(1.,0.,0.));
#9973=DIRECTION('center_axis',(0.,0.,1.));
#9974=DIRECTION('ref_axis',(1.,0.,0.));
#9975=DIRECTION('',(0.,0.,1.));
#9976=DIRECTION('center_axis',(0.,0.,1.));
#9977=DIRECTION('ref_axis',(1.,0.,0.));
#9978=DIRECTION('center_axis',(0.,0.,1.));
#9979=DIRECTION('ref_axis',(1.,0.,0.));
#9980=DIRECTION('',(0.,0.,-1.));
#9981=DIRECTION('center_axis',(0.,0.,-1.));
#9982=DIRECTION('ref_axis',(1.,0.,0.));
#9983=DIRECTION('center_axis',(0.,0.,-1.));
#9984=DIRECTION('ref_axis',(-1.,0.,0.));
#9985=DIRECTION('center_axis',(0.,0.,1.));
#9986=DIRECTION('ref_axis',(1.,0.,0.));
#9987=DIRECTION('center_axis',(0.,0.,-1.));
#9988=DIRECTION('ref_axis',(1.,0.,0.));
#9989=DIRECTION('',(0.,0.,1.));
#9990=DIRECTION('center_axis',(0.,0.,-1.));
#9991=DIRECTION('ref_axis',(1.,0.,0.));
#9992=DIRECTION('center_axis',(0.,0.,-1.));
#9993=DIRECTION('ref_axis',(-1.,0.,0.));
#9994=DIRECTION('center_axis',(0.,0.,1.));
#9995=DIRECTION('ref_axis',(1.,0.,0.));
#9996=DIRECTION('center_axis',(0.,0.,1.));
#9997=DIRECTION('ref_axis',(1.,0.,0.));
#9998=DIRECTION('center_axis',(0.,0.,1.));
#9999=DIRECTION('ref_axis',(1.,0.,0.));
#10000=DIRECTION('',(0.,0.,1.));
#10001=DIRECTION('center_axis',(0.,0.,1.));
#10002=DIRECTION('ref_axis',(1.,0.,0.));
#10003=DIRECTION('center_axis',(0.,0.,1.));
#10004=DIRECTION('ref_axis',(1.,0.,0.));
#10005=DIRECTION('',(0.,0.,-1.));
#10006=DIRECTION('center_axis',(0.,0.,-1.));
#10007=DIRECTION('ref_axis',(1.,0.,0.));
#10008=DIRECTION('center_axis',(0.,0.,-1.));
#10009=DIRECTION('ref_axis',(-1.,0.,0.));
#10010=DIRECTION('center_axis',(0.,0.,1.));
#10011=DIRECTION('ref_axis',(1.,0.,0.));
#10012=DIRECTION('center_axis',(0.,0.,-1.));
#10013=DIRECTION('ref_axis',(1.,0.,0.));
#10014=DIRECTION('',(0.,0.,1.));
#10015=DIRECTION('center_axis',(0.,0.,-1.));
#10016=DIRECTION('ref_axis',(1.,0.,0.));
#10017=DIRECTION('center_axis',(0.,0.,-1.));
#10018=DIRECTION('ref_axis',(-1.,0.,0.));
#10019=DIRECTION('center_axis',(0.,0.,1.));
#10020=DIRECTION('ref_axis',(1.,0.,0.));
#10021=DIRECTION('center_axis',(0.,0.,1.));
#10022=DIRECTION('ref_axis',(1.,0.,0.));
#10023=DIRECTION('center_axis',(0.,0.,1.));
#10024=DIRECTION('ref_axis',(1.,0.,0.));
#10025=DIRECTION('',(0.,0.,1.));
#10026=DIRECTION('center_axis',(0.,0.,1.));
#10027=DIRECTION('ref_axis',(1.,0.,0.));
#10028=DIRECTION('center_axis',(0.,0.,1.));
#10029=DIRECTION('ref_axis',(1.,0.,0.));
#10030=DIRECTION('',(0.,0.,-1.));
#10031=DIRECTION('center_axis',(0.,0.,-1.));
#10032=DIRECTION('ref_axis',(1.,0.,0.));
#10033=DIRECTION('center_axis',(0.,0.,-1.));
#10034=DIRECTION('ref_axis',(-1.,0.,0.));
#10035=DIRECTION('center_axis',(0.,0.,1.));
#10036=DIRECTION('ref_axis',(1.,0.,0.));
#10037=DIRECTION('center_axis',(0.,0.,-1.));
#10038=DIRECTION('ref_axis',(1.,0.,0.));
#10039=DIRECTION('',(0.,0.,1.));
#10040=DIRECTION('center_axis',(0.,0.,-1.));
#10041=DIRECTION('ref_axis',(1.,0.,0.));
#10042=DIRECTION('center_axis',(0.,0.,-1.));
#10043=DIRECTION('ref_axis',(-1.,0.,0.));
#10044=DIRECTION('center_axis',(0.,0.,1.));
#10045=DIRECTION('ref_axis',(1.,0.,0.));
#10046=DIRECTION('center_axis',(0.,0.,1.));
#10047=DIRECTION('ref_axis',(1.,0.,0.));
#10048=DIRECTION('center_axis',(0.,0.,1.));
#10049=DIRECTION('ref_axis',(1.,0.,0.));
#10050=DIRECTION('',(0.,0.,1.));
#10051=DIRECTION('center_axis',(0.,0.,1.));
#10052=DIRECTION('ref_axis',(1.,0.,0.));
#10053=DIRECTION('center_axis',(0.,0.,1.));
#10054=DIRECTION('ref_axis',(1.,0.,0.));
#10055=DIRECTION('',(0.,0.,-1.));
#10056=DIRECTION('center_axis',(0.,0.,-1.));
#10057=DIRECTION('ref_axis',(1.,0.,0.));
#10058=DIRECTION('center_axis',(0.,0.,-1.));
#10059=DIRECTION('ref_axis',(-1.,0.,0.));
#10060=DIRECTION('center_axis',(0.,0.,1.));
#10061=DIRECTION('ref_axis',(1.,0.,0.));
#10062=DIRECTION('',(0.,-1.,0.));
#10063=DIRECTION('',(-1.,0.,0.));
#10064=DIRECTION('',(0.,1.,0.));
#10065=DIRECTION('',(1.,0.,0.));
#10066=DIRECTION('center_axis',(0.,1.,0.));
#10067=DIRECTION('ref_axis',(0.,0.,1.));
#10068=DIRECTION('',(0.,0.,-1.));
#10069=DIRECTION('',(0.,0.,1.));
#10070=DIRECTION('',(-1.,0.,0.));
#10071=DIRECTION('center_axis',(0.,0.,1.));
#10072=DIRECTION('ref_axis',(1.,0.,0.));
#10073=DIRECTION('',(0.,1.,0.));
#10074=DIRECTION('',(0.,-1.,0.));
#10075=DIRECTION('',(1.,0.,0.));
#10076=DIRECTION('center_axis',(0.,-1.,0.));
#10077=DIRECTION('ref_axis',(0.,0.,-1.));
#10078=DIRECTION('',(0.,0.,1.));
#10079=DIRECTION('',(0.,0.,-1.));
#10080=DIRECTION('center_axis',(0.,0.,1.));
#10081=DIRECTION('ref_axis',(1.,0.,0.));
#10082=DIRECTION('',(0.,1.,0.));
#10083=DIRECTION('',(1.,0.,0.));
#10084=DIRECTION('',(0.,-1.,0.));
#10085=DIRECTION('',(-1.,0.,0.));
#10086=DIRECTION('center_axis',(0.,-1.,0.));
#10087=DIRECTION('ref_axis',(0.,0.,-1.));
#10088=DIRECTION('',(0.,0.,-1.));
#10089=DIRECTION('',(0.,0.,1.));
#10090=DIRECTION('',(1.,0.,0.));
#10091=DIRECTION('center_axis',(0.,0.,1.));
#10092=DIRECTION('ref_axis',(1.,0.,0.));
#10093=DIRECTION('',(0.,-1.,0.));
#10094=DIRECTION('',(0.,1.,0.));
#10095=DIRECTION('',(-1.,0.,0.));
#10096=DIRECTION('center_axis',(0.,1.,0.));
#10097=DIRECTION('ref_axis',(0.,0.,1.));
#10098=DIRECTION('',(0.,0.,1.));
#10099=DIRECTION('',(0.,0.,-1.));
#10100=DIRECTION('center_axis',(0.,1.,0.));
#10101=DIRECTION('ref_axis',(0.,0.,1.));
#10102=DIRECTION('',(0.,0.,-1.));
#10103=DIRECTION('',(1.,0.,0.));
#10104=DIRECTION('',(0.,0.,1.));
#10105=DIRECTION('',(1.,0.,0.));
#10106=DIRECTION('center_axis',(0.,-1.,0.));
#10107=DIRECTION('ref_axis',(0.,0.,-1.));
#10108=DIRECTION('',(0.,0.,1.));
#10109=DIRECTION('',(-1.,0.,0.));
#10110=DIRECTION('',(0.,0.,-1.));
#10111=DIRECTION('',(-1.,0.,0.));
#10112=DIRECTION('center_axis',(0.,-1.,0.));
#10113=DIRECTION('ref_axis',(0.,0.,-1.));
#10114=DIRECTION('',(0.,0.,-1.));
#10115=DIRECTION('',(-1.,0.,0.));
#10116=DIRECTION('',(0.,0.,1.));
#10117=DIRECTION('',(-1.,0.,0.));
#10118=DIRECTION('center_axis',(0.,0.,1.));
#10119=DIRECTION('ref_axis',(1.,0.,0.));
#10120=DIRECTION('',(0.,-1.,0.));
#10121=DIRECTION('center_axis',(0.,0.,-1.));
#10122=DIRECTION('ref_axis',(1.,0.,0.));
#10123=DIRECTION('center_axis',(0.,0.,1.));
#10124=DIRECTION('ref_axis',(1.,0.,0.));
#10125=DIRECTION('',(0.,1.,0.));
#10126=DIRECTION('center_axis',(0.,0.,1.));
#10127=DIRECTION('ref_axis',(1.,0.,0.));
#10128=DIRECTION('center_axis',(0.,0.,-1.));
#10129=DIRECTION('ref_axis',(1.,0.,0.));
#10130=DIRECTION('',(0.,1.,0.));
#10131=DIRECTION('',(1.,0.,0.));
#10132=DIRECTION('',(0.,-1.,0.));
#10133=DIRECTION('center_axis',(0.,0.,1.));
#10134=DIRECTION('ref_axis',(1.,0.,0.));
#10135=DIRECTION('center_axis',(0.,1.,0.));
#10136=DIRECTION('ref_axis',(0.,0.,1.));
#10137=DIRECTION('',(0.,0.,1.));
#10138=DIRECTION('',(1.,0.,0.));
#10139=DIRECTION('',(0.,0.,-1.));
#10140=DIRECTION('center_axis',(0.,0.,1.));
#10141=DIRECTION('ref_axis',(1.,0.,0.));
#10142=DIRECTION('center_axis',(0.,0.,1.));
#10143=DIRECTION('ref_axis',(1.,0.,0.));
#10144=DIRECTION('',(0.,0.,-1.));
#10145=DIRECTION('center_axis',(0.,0.,1.));
#10146=DIRECTION('ref_axis',(1.,0.,0.));
#10147=DIRECTION('',(0.,0.,-1.));
#10148=DIRECTION('center_axis',(0.,0.,1.));
#10149=DIRECTION('ref_axis',(1.,0.,0.));
#10150=DIRECTION('',(0.,0.,-1.));
#10151=DIRECTION('center_axis',(0.,0.,1.));
#10152=DIRECTION('ref_axis',(1.,0.,0.));
#10153=DIRECTION('',(0.,0.,-1.));
#10154=DIRECTION('center_axis',(0.,0.,-1.));
#10155=DIRECTION('ref_axis',(1.,0.,0.));
#10156=DIRECTION('center_axis',(-1.,0.,0.));
#10157=DIRECTION('ref_axis',(0.,0.,1.));
#10158=DIRECTION('',(0.,1.,0.));
#10159=DIRECTION('',(0.,0.,1.));
#10160=DIRECTION('',(0.,-1.,0.));
#10161=DIRECTION('',(0.,0.,-1.));
#10162=DIRECTION('',(0.,1.,0.));
#10163=DIRECTION('',(0.,0.,-1.));
#10164=DIRECTION('center_axis',(0.,0.,1.));
#10165=DIRECTION('ref_axis',(1.,0.,0.));
#10166=DIRECTION('',(0.,-1.,0.));
#10167=DIRECTION('',(-1.,0.,0.));
#10168=DIRECTION('center_axis',(0.,0.,1.));
#10169=DIRECTION('ref_axis',(1.,0.,0.));
#10170=DIRECTION('',(0.,-1.,0.));
#10171=DIRECTION('',(-1.,0.,0.));
#10172=DIRECTION('',(0.,1.,0.));
#10173=DIRECTION('center_axis',(0.,0.,1.));
#10174=DIRECTION('ref_axis',(1.,0.,0.));
#10175=DIRECTION('',(1.,0.,0.));
#10176=DIRECTION('center_axis',(0.,0.,-1.));
#10177=DIRECTION('ref_axis',(1.,0.,0.));
#10178=DIRECTION('center_axis',(0.,0.,1.));
#10179=DIRECTION('ref_axis',(1.,0.,0.));
#10180=DIRECTION('',(-1.,0.,0.));
#10181=DIRECTION('center_axis',(-1.,0.,0.));
#10182=DIRECTION('ref_axis',(0.,0.,1.));
#10183=DIRECTION('',(0.,0.,-1.));
#10184=DIRECTION('',(0.,1.,0.));
#10185=DIRECTION('',(0.,0.,-1.));
#10186=DIRECTION('',(0.,1.,0.));
#10187=DIRECTION('',(0.,0.,-1.));
#10188=DIRECTION('center_axis',(0.,-1.,0.));
#10189=DIRECTION('ref_axis',(0.,0.,-1.));
#10190=DIRECTION('',(0.,0.,-1.));
#10191=DIRECTION('',(-1.,0.,0.));
#10192=DIRECTION('',(0.,0.,1.));
#10193=DIRECTION('center_axis',(0.,1.,0.));
#10194=DIRECTION('ref_axis',(0.,0.,1.));
#10195=DIRECTION('',(0.,0.,1.));
#10196=DIRECTION('',(1.,0.,0.));
#10197=DIRECTION('',(0.,0.,-1.));
#10198=DIRECTION('',(1.,0.,0.));
#10199=DIRECTION('center_axis',(0.,1.,0.));
#10200=DIRECTION('ref_axis',(0.,0.,1.));
#10201=DIRECTION('',(0.,0.,-1.));
#10202=DIRECTION('',(1.,0.,0.));
#10203=DIRECTION('',(0.,0.,1.));
#10204=DIRECTION('',(1.,0.,0.));
#10205=DIRECTION('center_axis',(0.,0.,1.));
#10206=DIRECTION('ref_axis',(1.,0.,0.));
#10207=DIRECTION('',(0.,1.,0.));
#10208=DIRECTION('center_axis',(0.,0.,-1.));
#10209=DIRECTION('ref_axis',(1.,0.,0.));
#10210=DIRECTION('center_axis',(0.,0.,1.));
#10211=DIRECTION('ref_axis',(1.,0.,0.));
#10212=DIRECTION('',(0.,-1.,0.));
#10213=DIRECTION('center_axis',(0.,0.,1.));
#10214=DIRECTION('ref_axis',(1.,0.,0.));
#10215=DIRECTION('',(-1.,0.,0.));
#10216=DIRECTION('center_axis',(0.,0.,1.));
#10217=DIRECTION('ref_axis',(1.,0.,0.));
#10218=DIRECTION('center_axis',(0.,0.,-1.));
#10219=DIRECTION('ref_axis',(1.,0.,0.));
#10220=DIRECTION('center_axis',(0.,-1.,0.));
#10221=DIRECTION('ref_axis',(0.,0.,-1.));
#10222=DIRECTION('center_axis',(0.,0.,1.));
#10223=DIRECTION('ref_axis',(1.,0.,0.));
#10224=DIRECTION('center_axis',(0.,0.,1.));
#10225=DIRECTION('ref_axis',(1.,0.,0.));
#10226=DIRECTION('',(0.,0.,-1.));
#10227=DIRECTION('center_axis',(0.,0.,1.));
#10228=DIRECTION('ref_axis',(1.,0.,0.));
#10229=DIRECTION('center_axis',(0.,0.,1.));
#10230=DIRECTION('ref_axis',(1.,0.,0.));
#10231=DIRECTION('center_axis',(0.,0.,1.));
#10232=DIRECTION('ref_axis',(1.,0.,0.));
#10233=DIRECTION('',(0.,0.,-1.));
#10234=DIRECTION('center_axis',(0.,0.,-1.));
#10235=DIRECTION('ref_axis',(1.,0.,0.));
#10236=DIRECTION('center_axis',(1.,0.,0.));
#10237=DIRECTION('ref_axis',(0.,0.,-1.));
#10238=DIRECTION('',(0.,-1.,0.));
#10239=DIRECTION('',(0.,0.,-1.));
#10240=DIRECTION('center_axis',(0.,0.,1.));
#10241=DIRECTION('ref_axis',(1.,0.,0.));
#10242=DIRECTION('',(-1.,0.,0.));
#10243=DIRECTION('center_axis',(0.,0.,-1.));
#10244=DIRECTION('ref_axis',(1.,0.,0.));
#10245=DIRECTION('center_axis',(0.,0.,1.));
#10246=DIRECTION('ref_axis',(1.,0.,0.));
#10247=DIRECTION('',(1.,0.,0.));
#10248=DIRECTION('center_axis',(1.,0.,0.));
#10249=DIRECTION('ref_axis',(0.,0.,-1.));
#10250=DIRECTION('',(0.,0.,-1.));
#10251=DIRECTION('',(0.,-1.,0.));
#10252=DIRECTION('center_axis',(0.,0.,1.));
#10253=DIRECTION('ref_axis',(1.,0.,0.));
#10254=DIRECTION('center_axis',(0.,0.,1.));
#10255=DIRECTION('ref_axis',(1.,0.,0.));
#10256=DIRECTION('',(0.,0.,-1.));
#10257=DIRECTION('center_axis',(0.,-1.,0.));
#10258=DIRECTION('ref_axis',(0.,0.,-1.));
#10259=DIRECTION('',(-1.,0.,0.));
#10260=DIRECTION('center_axis',(0.,0.,1.));
#10261=DIRECTION('ref_axis',(1.,0.,0.));
#10262=DIRECTION('',(1.,0.,0.));
#10263=DIRECTION('center_axis',(0.,0.,1.));
#10264=DIRECTION('ref_axis',(1.,0.,0.));
#10265=DIRECTION('center_axis',(0.,0.,1.));
#10266=DIRECTION('ref_axis',(1.,0.,0.));
#10267=DIRECTION('',(0.,0.,-1.));
#10268=DIRECTION('center_axis',(0.,1.,0.));
#10269=DIRECTION('ref_axis',(0.,0.,1.));
#10270=DIRECTION('center_axis',(0.,0.,1.));
#10271=DIRECTION('ref_axis',(1.,0.,0.));
#10272=DIRECTION('',(0.,0.,-1.));
#10273=DIRECTION('center_axis',(0.,0.,1.));
#10274=DIRECTION('ref_axis',(1.,0.,0.));
#10275=DIRECTION('center_axis',(0.,0.,1.));
#10276=DIRECTION('ref_axis',(1.,0.,0.));
#10277=DIRECTION('',(-1.,0.,0.));
#10278=DIRECTION('center_axis',(0.,0.,1.));
#10279=DIRECTION('ref_axis',(1.,0.,0.));
#10280=DIRECTION('',(1.,0.,0.));
#10281=DIRECTION('center_axis',(0.,0.,1.));
#10282=DIRECTION('ref_axis',(1.,0.,0.));
#10283=DIRECTION('',(0.,0.,-1.));
#10284=DIRECTION('center_axis',(0.,1.,0.));
#10285=DIRECTION('ref_axis',(0.,0.,1.));
#10286=DIRECTION('center_axis',(0.,-1.,0.));
#10287=DIRECTION('ref_axis',(0.,0.,-1.));
#10288=DIRECTION('center_axis',(0.,0.,1.));
#10289=DIRECTION('ref_axis',(1.,0.,0.));
#10290=DIRECTION('center_axis',(0.,0.,1.));
#10291=DIRECTION('ref_axis',(1.,0.,0.));
#10292=DIRECTION('',(0.,0.,-1.));
#10293=DIRECTION('center_axis',(0.,0.,-1.));
#10294=DIRECTION('ref_axis',(1.,0.,0.));
#10295=DIRECTION('center_axis',(0.,0.,1.));
#10296=DIRECTION('ref_axis',(1.,0.,0.));
#10297=DIRECTION('center_axis',(0.,0.,-1.));
#10298=DIRECTION('ref_axis',(-1.,0.,0.));
#10299=DIRECTION('center_axis',(0.,0.,-1.));
#10300=DIRECTION('ref_axis',(1.,0.,0.));
#10301=DIRECTION('center_axis',(0.,0.,-1.));
#10302=DIRECTION('ref_axis',(1.,0.,0.));
#10303=DIRECTION('center_axis',(0.,0.,1.));
#10304=DIRECTION('ref_axis',(1.,0.,0.));
#10305=DIRECTION('center_axis',(0.,0.,1.));
#10306=DIRECTION('ref_axis',(1.,0.,0.));
#10307=DIRECTION('',(0.,0.,-1.));
#10308=DIRECTION('center_axis',(0.,0.,1.));
#10309=DIRECTION('ref_axis',(1.,0.,0.));
#10310=DIRECTION('',(0.,0.,-1.));
#10311=DIRECTION('center_axis',(0.,0.,-1.));
#10312=DIRECTION('ref_axis',(1.,0.,0.));
#10313=DIRECTION('center_axis',(0.,0.,-1.));
#10314=DIRECTION('ref_axis',(-1.,0.,0.));
#10315=DIRECTION('center_axis',(0.,0.,1.));
#10316=DIRECTION('ref_axis',(1.,0.,0.));
#10317=DIRECTION('center_axis',(0.,0.,1.));
#10318=DIRECTION('ref_axis',(1.,0.,0.));
#10319=DIRECTION('center_axis',(0.,0.,1.));
#10320=DIRECTION('ref_axis',(1.,0.,0.));
#10321=DIRECTION('',(0.,0.,-1.));
#10322=DIRECTION('center_axis',(0.,0.,-1.));
#10323=DIRECTION('ref_axis',(1.,0.,0.));
#10324=DIRECTION('center_axis',(0.,0.,1.));
#10325=DIRECTION('ref_axis',(1.,0.,0.));
#10326=DIRECTION('center_axis',(0.,0.,-1.));
#10327=DIRECTION('ref_axis',(-1.,0.,0.));
#10328=DIRECTION('center_axis',(0.,0.,-1.));
#10329=DIRECTION('ref_axis',(1.,0.,0.));
#10330=DIRECTION('center_axis',(0.,0.,-1.));
#10331=DIRECTION('ref_axis',(1.,0.,0.));
#10332=DIRECTION('center_axis',(0.,0.,1.));
#10333=DIRECTION('ref_axis',(1.,0.,0.));
#10334=DIRECTION('center_axis',(0.,0.,1.));
#10335=DIRECTION('ref_axis',(1.,0.,0.));
#10336=DIRECTION('',(0.,0.,-1.));
#10337=DIRECTION('center_axis',(0.,0.,1.));
#10338=DIRECTION('ref_axis',(1.,0.,0.));
#10339=DIRECTION('',(0.,0.,-1.));
#10340=DIRECTION('center_axis',(0.,0.,-1.));
#10341=DIRECTION('ref_axis',(1.,0.,0.));
#10342=DIRECTION('center_axis',(0.,0.,-1.));
#10343=DIRECTION('ref_axis',(-1.,0.,0.));
#10344=DIRECTION('center_axis',(0.,0.,1.));
#10345=DIRECTION('ref_axis',(1.,0.,0.));
#10346=DIRECTION('center_axis',(0.,0.,1.));
#10347=DIRECTION('ref_axis',(1.,0.,0.));
#10348=DIRECTION('',(0.,0.,-1.));
#10349=DIRECTION('center_axis',(0.,0.,-1.));
#10350=DIRECTION('ref_axis',(1.,0.,0.));
#10351=DIRECTION('',(0.,0.,-1.));
#10352=DIRECTION('center_axis',(0.,0.,1.));
#10353=DIRECTION('ref_axis',(1.,0.,0.));
#10354=DIRECTION('center_axis',(0.,0.,1.));
#10355=DIRECTION('ref_axis',(1.,0.,0.));
#10356=DIRECTION('',(-1.,0.,0.));
#10357=DIRECTION('center_axis',(0.,0.,1.));
#10358=DIRECTION('ref_axis',(1.,0.,0.));
#10359=DIRECTION('',(0.,-1.,0.));
#10360=DIRECTION('center_axis',(0.,0.,1.));
#10361=DIRECTION('ref_axis',(1.,0.,0.));
#10362=DIRECTION('',(1.,0.,0.));
#10363=DIRECTION('center_axis',(0.,0.,1.));
#10364=DIRECTION('ref_axis',(1.,0.,0.));
#10365=DIRECTION('',(0.,1.,0.));
#10366=DIRECTION('center_axis',(0.,0.,1.));
#10367=DIRECTION('ref_axis',(1.,0.,0.));
#10368=DIRECTION('',(0.,0.,-1.));
#10369=DIRECTION('center_axis',(0.,0.,-1.));
#10370=DIRECTION('ref_axis',(1.,0.,0.));
#10371=DIRECTION('',(0.,0.,-1.));
#10372=DIRECTION('center_axis',(0.,0.,1.));
#10373=DIRECTION('ref_axis',(1.,0.,0.));
#10374=DIRECTION('',(0.,0.,-1.));
#10375=DIRECTION('',(0.,0.,-1.));
#10376=DIRECTION('center_axis',(0.,0.,-1.));
#10377=DIRECTION('ref_axis',(1.,0.,0.));
#10378=DIRECTION('center_axis',(0.,0.,1.));
#10379=DIRECTION('ref_axis',(1.,0.,0.));
#10380=DIRECTION('',(0.,-1.,0.));
#10381=DIRECTION('',(-1.,0.,0.));
#10382=DIRECTION('center_axis',(0.,0.,-1.));
#10383=DIRECTION('ref_axis',(1.,0.,0.));
#10384=DIRECTION('',(0.,1.,0.));
#10385=DIRECTION('',(1.,0.,0.));
#10386=DIRECTION('center_axis',(0.,0.,1.));
#10387=DIRECTION('ref_axis',(1.,0.,0.));
#10388=DIRECTION('',(0.,0.,-1.));
#10389=DIRECTION('',(0.,0.,-1.));
#10390=DIRECTION('center_axis',(1.,0.,0.));
#10391=DIRECTION('ref_axis',(0.,0.,-1.));
#10392=DIRECTION('center_axis',(-1.,0.,0.));
#10393=DIRECTION('ref_axis',(0.,0.,1.));
#10394=DIRECTION('center_axis',(0.,1.,0.));
#10395=DIRECTION('ref_axis',(0.,0.,1.));
#10396=DIRECTION('center_axis',(0.,-1.,0.));
#10397=DIRECTION('ref_axis',(0.,0.,-1.));
#10398=DIRECTION('center_axis',(0.,0.,1.));
#10399=DIRECTION('ref_axis',(1.,0.,0.));
#10400=DIRECTION('',(0.,0.,-1.));
#10401=DIRECTION('center_axis',(0.,0.,-1.));
#10402=DIRECTION('ref_axis',(1.,0.,0.));
#10403=DIRECTION('',(0.,0.,-1.));
#10404=DIRECTION('center_axis',(0.,0.,1.));
#10405=DIRECTION('ref_axis',(1.,0.,0.));
#10406=DIRECTION('center_axis',(0.,0.,1.));
#10407=DIRECTION('ref_axis',(1.,0.,0.));
#10408=DIRECTION('',(-1.,0.,0.));
#10409=DIRECTION('center_axis',(0.,0.,1.));
#10410=DIRECTION('ref_axis',(1.,0.,0.));
#10411=DIRECTION('',(0.,-1.,0.));
#10412=DIRECTION('center_axis',(0.,0.,1.));
#10413=DIRECTION('ref_axis',(1.,0.,0.));
#10414=DIRECTION('',(1.,0.,0.));
#10415=DIRECTION('center_axis',(0.,0.,1.));
#10416=DIRECTION('ref_axis',(1.,0.,0.));
#10417=DIRECTION('',(0.,1.,0.));
#10418=DIRECTION('center_axis',(0.,0.,1.));
#10419=DIRECTION('ref_axis',(1.,0.,0.));
#10420=DIRECTION('',(0.,0.,-1.));
#10421=DIRECTION('center_axis',(0.,0.,-1.));
#10422=DIRECTION('ref_axis',(1.,0.,0.));
#10423=DIRECTION('',(0.,0.,-1.));
#10424=DIRECTION('center_axis',(0.,0.,1.));
#10425=DIRECTION('ref_axis',(1.,0.,0.));
#10426=DIRECTION('',(0.,0.,-1.));
#10427=DIRECTION('',(0.,0.,-1.));
#10428=DIRECTION('center_axis',(0.,0.,-1.));
#10429=DIRECTION('ref_axis',(1.,0.,0.));
#10430=DIRECTION('center_axis',(0.,0.,1.));
#10431=DIRECTION('ref_axis',(1.,0.,0.));
#10432=DIRECTION('',(0.,-1.,0.));
#10433=DIRECTION('',(-1.,0.,0.));
#10434=DIRECTION('center_axis',(0.,0.,-1.));
#10435=DIRECTION('ref_axis',(1.,0.,0.));
#10436=DIRECTION('',(0.,1.,0.));
#10437=DIRECTION('',(1.,0.,0.));
#10438=DIRECTION('center_axis',(0.,0.,1.));
#10439=DIRECTION('ref_axis',(1.,0.,0.));
#10440=DIRECTION('',(0.,0.,-1.));
#10441=DIRECTION('',(0.,0.,-1.));
#10442=DIRECTION('center_axis',(1.,0.,0.));
#10443=DIRECTION('ref_axis',(0.,0.,-1.));
#10444=DIRECTION('center_axis',(-1.,0.,0.));
#10445=DIRECTION('ref_axis',(0.,0.,1.));
#10446=DIRECTION('center_axis',(0.,1.,0.));
#10447=DIRECTION('ref_axis',(0.,0.,1.));
#10448=DIRECTION('center_axis',(0.,-1.,0.));
#10449=DIRECTION('ref_axis',(0.,0.,-1.));
#10450=DIRECTION('center_axis',(0.,0.,1.));
#10451=DIRECTION('ref_axis',(1.,0.,0.));
#10452=DIRECTION('',(0.,1.,0.));
#10453=DIRECTION('',(-1.,0.,0.));
#10454=DIRECTION('',(0.,-1.,0.));
#10455=DIRECTION('',(1.,0.,0.));
#10456=DIRECTION('center_axis',(0.,0.,1.));
#10457=DIRECTION('ref_axis',(1.,0.,0.));
#10458=DIRECTION('',(0.,-1.,0.));
#10459=DIRECTION('',(-1.,0.,0.));
#10460=DIRECTION('',(0.,1.,0.));
#10461=DIRECTION('',(1.,0.,0.));
#10462=DIRECTION('center_axis',(0.,1.,0.));
#10463=DIRECTION('ref_axis',(0.,0.,1.));
#10464=DIRECTION('',(0.,0.,-1.));
#10465=DIRECTION('',(0.,0.,-1.));
#10466=DIRECTION('center_axis',(1.,0.,0.));
#10467=DIRECTION('ref_axis',(0.,0.,-1.));
#10468=DIRECTION('',(0.,0.,-1.));
#10469=DIRECTION('center_axis',(0.,-1.,0.));
#10470=DIRECTION('ref_axis',(0.,0.,-1.));
#10471=DIRECTION('',(0.,0.,-1.));
#10472=DIRECTION('center_axis',(-1.,0.,0.));
#10473=DIRECTION('ref_axis',(0.,0.,1.));
#10474=DIRECTION('center_axis',(1.,0.,0.));
#10475=DIRECTION('ref_axis',(0.,0.,-1.));
#10476=DIRECTION('center_axis',(1.,0.,0.));
#10477=DIRECTION('ref_axis',(0.,0.,-1.));
#10478=DIRECTION('',(-1.,0.,0.));
#10479=DIRECTION('center_axis',(-1.,0.,0.));
#10480=DIRECTION('ref_axis',(0.,0.,-1.));
#10481=DIRECTION('center_axis',(-1.,0.,0.));
#10482=DIRECTION('ref_axis',(0.,0.,1.));
#10483=DIRECTION('center_axis',(1.,0.,0.));
#10484=DIRECTION('ref_axis',(0.,0.,-1.));
#10485=DIRECTION('center_axis',(1.,0.,0.));
#10486=DIRECTION('ref_axis',(0.,0.,-1.));
#10487=DIRECTION('center_axis',(1.,0.,0.));
#10488=DIRECTION('ref_axis',(0.,0.,-1.));
#10489=DIRECTION('',(1.,0.,0.));
#10490=DIRECTION('center_axis',(-1.,0.,0.));
#10491=DIRECTION('ref_axis',(0.,0.,-1.));
#10492=DIRECTION('center_axis',(1.,0.,0.));
#10493=DIRECTION('ref_axis',(0.,0.,-1.));
#10494=DIRECTION('center_axis',(1.,0.,0.));
#10495=DIRECTION('ref_axis',(0.,0.,-1.));
#10496=DIRECTION('',(1.,0.,0.));
#10497=DIRECTION('center_axis',(-1.,0.,0.));
#10498=DIRECTION('ref_axis',(0.,0.,-1.));
#10499=DIRECTION('center_axis',(1.,0.,0.));
#10500=DIRECTION('ref_axis',(0.,0.,-1.));
#10501=DIRECTION('center_axis',(1.,0.,0.));
#10502=DIRECTION('ref_axis',(0.,0.,-1.));
#10503=DIRECTION('',(1.,0.,0.));
#10504=DIRECTION('center_axis',(-1.,0.,0.));
#10505=DIRECTION('ref_axis',(0.,0.,-1.));
#10506=DIRECTION('center_axis',(1.,0.,0.));
#10507=DIRECTION('ref_axis',(0.,0.,-1.));
#10508=DIRECTION('center_axis',(1.,0.,0.));
#10509=DIRECTION('ref_axis',(0.,0.,-1.));
#10510=DIRECTION('',(-1.,0.,0.));
#10511=DIRECTION('center_axis',(-1.,0.,0.));
#10512=DIRECTION('ref_axis',(0.,0.,-1.));
#10513=DIRECTION('center_axis',(-1.,0.,0.));
#10514=DIRECTION('ref_axis',(0.,0.,1.));
#10515=DIRECTION('center_axis',(1.,0.,0.));
#10516=DIRECTION('ref_axis',(0.,0.,-1.));
#10517=DIRECTION('center_axis',(0.,0.,1.));
#10518=DIRECTION('ref_axis',(1.,0.,0.));
#10519=DIRECTION('center_axis',(0.,0.,1.));
#10520=DIRECTION('ref_axis',(1.,0.,0.));
#10521=DIRECTION('',(0.,0.,1.));
#10522=DIRECTION('center_axis',(0.,0.,-1.));
#10523=DIRECTION('ref_axis',(1.,0.,0.));
#10524=DIRECTION('center_axis',(0.,0.,1.));
#10525=DIRECTION('ref_axis',(1.,0.,0.));
#10526=DIRECTION('center_axis',(0.,0.,1.));
#10527=DIRECTION('ref_axis',(1.,0.,0.));
#10528=DIRECTION('',(0.,0.,1.));
#10529=DIRECTION('center_axis',(0.,0.,-1.));
#10530=DIRECTION('ref_axis',(1.,0.,0.));
#10531=DIRECTION('center_axis',(0.,0.,1.));
#10532=DIRECTION('ref_axis',(1.,0.,0.));
#10533=DIRECTION('center_axis',(0.,0.,1.));
#10534=DIRECTION('ref_axis',(1.,0.,0.));
#10535=DIRECTION('',(0.,0.,1.));
#10536=DIRECTION('center_axis',(0.,0.,-1.));
#10537=DIRECTION('ref_axis',(1.,0.,0.));
#10538=DIRECTION('center_axis',(0.,0.,1.));
#10539=DIRECTION('ref_axis',(1.,0.,0.));
#10540=DIRECTION('center_axis',(0.,0.,1.));
#10541=DIRECTION('ref_axis',(1.,0.,0.));
#10542=DIRECTION('',(0.,0.,1.));
#10543=DIRECTION('center_axis',(0.,0.,-1.));
#10544=DIRECTION('ref_axis',(1.,0.,0.));
#10545=DIRECTION('center_axis',(0.,0.,1.));
#10546=DIRECTION('ref_axis',(1.,0.,0.));
#10547=DIRECTION('',(0.,1.,0.));
#10548=DIRECTION('',(-1.,0.,0.));
#10549=DIRECTION('',(0.,-1.,0.));
#10550=DIRECTION('',(1.,0.,0.));
#10551=DIRECTION('center_axis',(0.,0.,1.));
#10552=DIRECTION('ref_axis',(1.,0.,0.));
#10553=DIRECTION('',(0.,-1.,0.));
#10554=DIRECTION('',(-1.,0.,0.));
#10555=DIRECTION('',(0.,1.,0.));
#10556=DIRECTION('',(1.,0.,0.));
#10557=DIRECTION('center_axis',(0.,1.,0.));
#10558=DIRECTION('ref_axis',(0.,0.,1.));
#10559=DIRECTION('',(0.,0.,-1.));
#10560=DIRECTION('',(0.,0.,-1.));
#10561=DIRECTION('center_axis',(1.,0.,0.));
#10562=DIRECTION('ref_axis',(0.,0.,-1.));
#10563=DIRECTION('',(0.,0.,-1.));
#10564=DIRECTION('center_axis',(0.,-1.,0.));
#10565=DIRECTION('ref_axis',(0.,0.,-1.));
#10566=DIRECTION('',(0.,0.,-1.));
#10567=DIRECTION('center_axis',(-1.,0.,0.));
#10568=DIRECTION('ref_axis',(0.,0.,1.));
#10569=DIRECTION('center_axis',(0.,0.,1.));
#10570=DIRECTION('ref_axis',(1.,0.,0.));
#10571=DIRECTION('',(0.,1.,0.));
#10572=DIRECTION('',(-1.,0.,0.));
#10573=DIRECTION('',(0.,-1.,0.));
#10574=DIRECTION('',(1.,0.,0.));
#10575=DIRECTION('center_axis',(0.,0.,1.));
#10576=DIRECTION('ref_axis',(1.,0.,0.));
#10577=DIRECTION('',(0.,-1.,0.));
#10578=DIRECTION('',(-1.,0.,0.));
#10579=DIRECTION('',(0.,1.,0.));
#10580=DIRECTION('',(1.,0.,0.));
#10581=DIRECTION('center_axis',(0.,1.,0.));
#10582=DIRECTION('ref_axis',(0.,0.,1.));
#10583=DIRECTION('',(0.,0.,-1.));
#10584=DIRECTION('',(0.,0.,-1.));
#10585=DIRECTION('center_axis',(1.,0.,0.));
#10586=DIRECTION('ref_axis',(0.,0.,-1.));
#10587=DIRECTION('',(0.,0.,-1.));
#10588=DIRECTION('center_axis',(0.,-1.,0.));
#10589=DIRECTION('ref_axis',(0.,0.,-1.));
#10590=DIRECTION('',(0.,0.,-1.));
#10591=DIRECTION('center_axis',(-1.,0.,0.));
#10592=DIRECTION('ref_axis',(0.,0.,1.));
#10593=DIRECTION('center_axis',(0.,0.,1.));
#10594=DIRECTION('ref_axis',(1.,0.,0.));
#10595=DIRECTION('',(0.,1.,0.));
#10596=DIRECTION('',(-1.,0.,0.));
#10597=DIRECTION('',(0.,-1.,0.));
#10598=DIRECTION('',(1.,0.,0.));
#10599=DIRECTION('center_axis',(0.,0.,1.));
#10600=DIRECTION('ref_axis',(1.,0.,0.));
#10601=DIRECTION('',(0.,-1.,0.));
#10602=DIRECTION('',(-1.,0.,0.));
#10603=DIRECTION('',(0.,1.,0.));
#10604=DIRECTION('',(1.,0.,0.));
#10605=DIRECTION('center_axis',(0.,1.,0.));
#10606=DIRECTION('ref_axis',(0.,0.,1.));
#10607=DIRECTION('',(0.,0.,-1.));
#10608=DIRECTION('',(0.,0.,-1.));
#10609=DIRECTION('center_axis',(1.,0.,0.));
#10610=DIRECTION('ref_axis',(0.,0.,-1.));
#10611=DIRECTION('',(0.,0.,-1.));
#10612=DIRECTION('center_axis',(0.,-1.,0.));
#10613=DIRECTION('ref_axis',(0.,0.,-1.));
#10614=DIRECTION('',(0.,0.,-1.));
#10615=DIRECTION('center_axis',(-1.,0.,0.));
#10616=DIRECTION('ref_axis',(0.,0.,1.));
#10617=DIRECTION('center_axis',(0.,0.,1.));
#10618=DIRECTION('ref_axis',(1.,0.,0.));
#10619=DIRECTION('',(0.,1.,0.));
#10620=DIRECTION('',(-1.,0.,0.));
#10621=DIRECTION('',(0.,-1.,0.));
#10622=DIRECTION('',(1.,0.,0.));
#10623=DIRECTION('center_axis',(0.,0.,1.));
#10624=DIRECTION('ref_axis',(1.,0.,0.));
#10625=DIRECTION('',(0.,-1.,0.));
#10626=DIRECTION('',(-1.,0.,0.));
#10627=DIRECTION('',(0.,1.,0.));
#10628=DIRECTION('',(1.,0.,0.));
#10629=DIRECTION('center_axis',(0.,1.,0.));
#10630=DIRECTION('ref_axis',(0.,0.,1.));
#10631=DIRECTION('',(0.,0.,-1.));
#10632=DIRECTION('',(0.,0.,-1.));
#10633=DIRECTION('center_axis',(1.,0.,0.));
#10634=DIRECTION('ref_axis',(0.,0.,-1.));
#10635=DIRECTION('',(0.,0.,-1.));
#10636=DIRECTION('center_axis',(0.,-1.,0.));
#10637=DIRECTION('ref_axis',(0.,0.,-1.));
#10638=DIRECTION('',(0.,0.,-1.));
#10639=DIRECTION('center_axis',(-1.,0.,0.));
#10640=DIRECTION('ref_axis',(0.,0.,1.));
#10641=DIRECTION('center_axis',(0.,0.,1.));
#10642=DIRECTION('ref_axis',(1.,0.,0.));
#10643=DIRECTION('',(0.,1.,0.));
#10644=DIRECTION('',(-1.,0.,0.));
#10645=DIRECTION('',(0.,-1.,0.));
#10646=DIRECTION('',(1.,0.,0.));
#10647=DIRECTION('center_axis',(0.,0.,1.));
#10648=DIRECTION('ref_axis',(1.,0.,0.));
#10649=DIRECTION('',(0.,-1.,0.));
#10650=DIRECTION('',(-1.,0.,0.));
#10651=DIRECTION('',(0.,1.,0.));
#10652=DIRECTION('',(1.,0.,0.));
#10653=DIRECTION('center_axis',(0.,1.,0.));
#10654=DIRECTION('ref_axis',(0.,0.,1.));
#10655=DIRECTION('',(0.,0.,-1.));
#10656=DIRECTION('',(0.,0.,-1.));
#10657=DIRECTION('center_axis',(1.,0.,0.));
#10658=DIRECTION('ref_axis',(0.,0.,-1.));
#10659=DIRECTION('',(0.,0.,-1.));
#10660=DIRECTION('center_axis',(0.,-1.,0.));
#10661=DIRECTION('ref_axis',(0.,0.,-1.));
#10662=DIRECTION('',(0.,0.,-1.));
#10663=DIRECTION('center_axis',(-1.,0.,0.));
#10664=DIRECTION('ref_axis',(0.,0.,1.));
#10665=DIRECTION('center_axis',(0.,0.,1.));
#10666=DIRECTION('ref_axis',(1.,0.,0.));
#10667=DIRECTION('',(0.,1.,0.));
#10668=DIRECTION('',(-1.,0.,0.));
#10669=DIRECTION('',(0.,-1.,0.));
#10670=DIRECTION('',(1.,0.,0.));
#10671=DIRECTION('center_axis',(0.,0.,1.));
#10672=DIRECTION('ref_axis',(1.,0.,0.));
#10673=DIRECTION('',(0.,-1.,0.));
#10674=DIRECTION('',(-1.,0.,0.));
#10675=DIRECTION('',(0.,1.,0.));
#10676=DIRECTION('',(1.,0.,0.));
#10677=DIRECTION('center_axis',(0.,1.,0.));
#10678=DIRECTION('ref_axis',(0.,0.,1.));
#10679=DIRECTION('',(0.,0.,-1.));
#10680=DIRECTION('',(0.,0.,-1.));
#10681=DIRECTION('center_axis',(1.,0.,0.));
#10682=DIRECTION('ref_axis',(0.,0.,-1.));
#10683=DIRECTION('',(0.,0.,-1.));
#10684=DIRECTION('center_axis',(0.,-1.,0.));
#10685=DIRECTION('ref_axis',(0.,0.,-1.));
#10686=DIRECTION('',(0.,0.,-1.));
#10687=DIRECTION('center_axis',(-1.,0.,0.));
#10688=DIRECTION('ref_axis',(0.,0.,1.));
#10689=DIRECTION('center_axis',(0.,0.,1.));
#10690=DIRECTION('ref_axis',(1.,0.,0.));
#10691=DIRECTION('',(0.,1.,0.));
#10692=DIRECTION('',(-1.,0.,0.));
#10693=DIRECTION('',(0.,-1.,0.));
#10694=DIRECTION('',(1.,0.,0.));
#10695=DIRECTION('center_axis',(0.,0.,1.));
#10696=DIRECTION('ref_axis',(1.,0.,0.));
#10697=DIRECTION('',(0.,-1.,0.));
#10698=DIRECTION('',(-1.,0.,0.));
#10699=DIRECTION('',(0.,1.,0.));
#10700=DIRECTION('',(1.,0.,0.));
#10701=DIRECTION('center_axis',(0.,1.,0.));
#10702=DIRECTION('ref_axis',(0.,0.,1.));
#10703=DIRECTION('',(0.,0.,-1.));
#10704=DIRECTION('',(0.,0.,-1.));
#10705=DIRECTION('center_axis',(1.,0.,0.));
#10706=DIRECTION('ref_axis',(0.,0.,-1.));
#10707=DIRECTION('',(0.,0.,-1.));
#10708=DIRECTION('center_axis',(0.,-1.,0.));
#10709=DIRECTION('ref_axis',(0.,0.,-1.));
#10710=DIRECTION('',(0.,0.,-1.));
#10711=DIRECTION('center_axis',(-1.,0.,0.));
#10712=DIRECTION('ref_axis',(0.,0.,1.));
#10713=CARTESIAN_POINT('',(0.,0.,0.));
#10714=CARTESIAN_POINT('Origin',(0.,39.,7.05));
#10715=CARTESIAN_POINT('',(-1.35,39.,3.));
#10716=CARTESIAN_POINT('Origin',(0.,39.,3.));
#10717=CARTESIAN_POINT('',(-1.35,39.,11.));
#10718=CARTESIAN_POINT('',(-1.35,39.,7.05));
#10719=CARTESIAN_POINT('Origin',(0.,39.,11.));
#10720=CARTESIAN_POINT('Origin',(0.,39.,3.));
#10721=CARTESIAN_POINT('Origin',(0.,42.,6.));
#10722=CARTESIAN_POINT('',(-36.,42.,2.));
#10723=CARTESIAN_POINT('',(36.,42.,2.));
#10724=CARTESIAN_POINT('',(0.,42.,2.));
#10725=CARTESIAN_POINT('',(-36.,42.,11.));
#10726=CARTESIAN_POINT('',(-36.,42.,6.));
#10727=CARTESIAN_POINT('',(36.,42.,11.));
#10728=CARTESIAN_POINT('',(0.,42.,11.));
#10729=CARTESIAN_POINT('',(36.,42.,6.));
#10730=CARTESIAN_POINT('Origin',(-36.,40.,6.));
#10731=CARTESIAN_POINT('',(-38.,40.,2.));
#10732=CARTESIAN_POINT('Origin',(-36.,40.,2.));
#10733=CARTESIAN_POINT('',(-38.,40.,11.));
#10734=CARTESIAN_POINT('',(-38.,40.,6.));
#10735=CARTESIAN_POINT('Origin',(-36.,40.,11.));
#10736=CARTESIAN_POINT('Origin',(-38.,39.,6.));
#10737=CARTESIAN_POINT('',(-38.,38.,2.));
#10738=CARTESIAN_POINT('',(-38.,19.5,2.));
#10739=CARTESIAN_POINT('',(-38.,38.,11.));
#10740=CARTESIAN_POINT('',(-38.,38.,6.));
#10741=CARTESIAN_POINT('',(-38.,39.,11.));
#10742=CARTESIAN_POINT('Origin',(-36.,38.,6.));
#10743=CARTESIAN_POINT('',(-36.,36.,2.));
#10744=CARTESIAN_POINT('Origin',(-36.,38.,2.));
#10745=CARTESIAN_POINT('',(-36.,36.,11.));
#10746=CARTESIAN_POINT('',(-36.,36.,6.));
#10747=CARTESIAN_POINT('Origin',(-36.,38.,11.));
#10748=CARTESIAN_POINT('Origin',(36.,40.,6.));
#10749=CARTESIAN_POINT('',(38.,40.,2.));
#10750=CARTESIAN_POINT('Origin',(36.,40.,2.));
#10751=CARTESIAN_POINT('',(38.,40.,11.));
#10752=CARTESIAN_POINT('Origin',(36.,40.,11.));
#10753=CARTESIAN_POINT('',(38.,40.,6.));
#10754=CARTESIAN_POINT('Origin',(0.,39.,11.));
#10755=CARTESIAN_POINT('',(36.,36.,11.));
#10756=CARTESIAN_POINT('',(0.,36.,11.));
#10757=CARTESIAN_POINT('',(38.,38.,11.));
#10758=CARTESIAN_POINT('Origin',(36.,38.,11.));
#10759=CARTESIAN_POINT('',(38.,39.,11.));
#10760=CARTESIAN_POINT('Origin',(36.,38.,6.));
#10761=CARTESIAN_POINT('',(38.,38.,2.));
#10762=CARTESIAN_POINT('',(36.,36.,2.));
#10763=CARTESIAN_POINT('Origin',(36.,38.,2.));
#10764=CARTESIAN_POINT('',(38.,38.,6.));
#10765=CARTESIAN_POINT('',(36.,36.,6.));
#10766=CARTESIAN_POINT('Origin',(38.,39.,6.));
#10767=CARTESIAN_POINT('',(38.,19.5,2.));
#10768=CARTESIAN_POINT('Origin',(0.,36.,6.));
#10769=CARTESIAN_POINT('',(0.,36.,2.));
#10770=CARTESIAN_POINT('Origin',(0.,-39.,7.05));
#10771=CARTESIAN_POINT('',(-1.35,-39.,3.));
#10772=CARTESIAN_POINT('Origin',(0.,-39.,3.));
#10773=CARTESIAN_POINT('',(-1.35,-39.,11.));
#10774=CARTESIAN_POINT('',(-1.35,-39.,7.05));
#10775=CARTESIAN_POINT('Origin',(0.,-39.,11.));
#10776=CARTESIAN_POINT('Origin',(0.,-39.,3.));
#10777=CARTESIAN_POINT('Origin',(0.,-36.,6.));
#10778=CARTESIAN_POINT('',(-36.,-36.,2.));
#10779=CARTESIAN_POINT('',(36.,-36.,2.));
#10780=CARTESIAN_POINT('',(0.,-36.,2.));
#10781=CARTESIAN_POINT('',(-36.,-36.,11.));
#10782=CARTESIAN_POINT('',(-36.,-36.,6.));
#10783=CARTESIAN_POINT('',(36.,-36.,11.));
#10784=CARTESIAN_POINT('',(0.,-36.,11.));
#10785=CARTESIAN_POINT('',(36.,-36.,6.));
#10786=CARTESIAN_POINT('Origin',(-36.,-38.,6.));
#10787=CARTESIAN_POINT('',(-38.,-38.,2.));
#10788=CARTESIAN_POINT('Origin',(-36.,-38.,2.));
#10789=CARTESIAN_POINT('',(-38.,-38.,11.));
#10790=CARTESIAN_POINT('',(-38.,-38.,6.));
#10791=CARTESIAN_POINT('Origin',(-36.,-38.,11.));
#10792=CARTESIAN_POINT('Origin',(-38.,-39.,6.));
#10793=CARTESIAN_POINT('',(-38.,-40.,2.));
#10794=CARTESIAN_POINT('',(-38.,-19.5,2.));
#10795=CARTESIAN_POINT('',(-38.,-40.,11.));
#10796=CARTESIAN_POINT('',(-38.,-40.,6.));
#10797=CARTESIAN_POINT('',(-38.,-39.,11.));
#10798=CARTESIAN_POINT('Origin',(-36.,-40.,6.));
#10799=CARTESIAN_POINT('',(-36.,-42.,2.));
#10800=CARTESIAN_POINT('Origin',(-36.,-40.,2.));
#10801=CARTESIAN_POINT('',(-36.,-42.,11.));
#10802=CARTESIAN_POINT('',(-36.,-42.,6.));
#10803=CARTESIAN_POINT('Origin',(-36.,-40.,11.));
#10804=CARTESIAN_POINT('Origin',(36.,-38.,6.));
#10805=CARTESIAN_POINT('',(38.,-38.,2.));
#10806=CARTESIAN_POINT('Origin',(36.,-38.,2.));
#10807=CARTESIAN_POINT('',(38.,-38.,11.));
#10808=CARTESIAN_POINT('Origin',(36.,-38.,11.));
#10809=CARTESIAN_POINT('',(38.,-38.,6.));
#10810=CARTESIAN_POINT('Origin',(0.,-39.,11.));
#10811=CARTESIAN_POINT('',(36.,-42.,11.));
#10812=CARTESIAN_POINT('',(0.,-42.,11.));
#10813=CARTESIAN_POINT('',(38.,-40.,11.));
#10814=CARTESIAN_POINT('Origin',(36.,-40.,11.));
#10815=CARTESIAN_POINT('',(38.,-39.,11.));
#10816=CARTESIAN_POINT('Origin',(36.,-40.,6.));
#10817=CARTESIAN_POINT('',(38.,-40.,2.));
#10818=CARTESIAN_POINT('',(36.,-42.,2.));
#10819=CARTESIAN_POINT('Origin',(36.,-40.,2.));
#10820=CARTESIAN_POINT('',(38.,-40.,6.));
#10821=CARTESIAN_POINT('',(36.,-42.,6.));
#10822=CARTESIAN_POINT('Origin',(38.,-39.,6.));
#10823=CARTESIAN_POINT('',(38.,-19.5,2.));
#10824=CARTESIAN_POINT('Origin',(0.,-42.,6.));
#10825=CARTESIAN_POINT('',(0.,-42.,2.));
#10826=CARTESIAN_POINT('Origin',(34.,26.,1.5));
#10827=CARTESIAN_POINT('',(34.,29.,2.));
#10828=CARTESIAN_POINT('',(37.,26.,2.));
#10829=CARTESIAN_POINT('Origin',(34.,26.,2.));
#10830=CARTESIAN_POINT('',(34.,29.,1.));
#10831=CARTESIAN_POINT('',(34.,29.,1.5));
#10832=CARTESIAN_POINT('',(37.,26.,1.));
#10833=CARTESIAN_POINT('Origin',(34.,26.,1.));
#10834=CARTESIAN_POINT('',(37.,26.,1.5));
#10835=CARTESIAN_POINT('Origin',(37.,0.,1.5));
#10836=CARTESIAN_POINT('',(37.,-26.,2.));
#10837=CARTESIAN_POINT('',(37.,0.,2.));
#10838=CARTESIAN_POINT('',(37.,-26.,1.));
#10839=CARTESIAN_POINT('',(37.,0.,1.));
#10840=CARTESIAN_POINT('',(37.,-26.,1.5));
#10841=CARTESIAN_POINT('Origin',(34.,-26.,1.5));
#10842=CARTESIAN_POINT('',(34.,-29.,2.));
#10843=CARTESIAN_POINT('Origin',(34.,-26.,2.));
#10844=CARTESIAN_POINT('',(34.,-29.,1.));
#10845=CARTESIAN_POINT('Origin',(34.,-26.,1.));
#10846=CARTESIAN_POINT('',(34.,-29.,1.5));
#10847=CARTESIAN_POINT('Origin',(0.,-29.,1.5));
#10848=CARTESIAN_POINT('',(-34.,-29.,2.));
#10849=CARTESIAN_POINT('',(0.,-29.,2.));
#10850=CARTESIAN_POINT('',(-34.,-29.,1.));
#10851=CARTESIAN_POINT('',(0.,-29.,1.));
#10852=CARTESIAN_POINT('',(-34.,-29.,1.5));
#10853=CARTESIAN_POINT('Origin',(-34.,26.,1.5));
#10854=CARTESIAN_POINT('',(-37.,26.,2.));
#10855=CARTESIAN_POINT('',(-34.,29.,2.));
#10856=CARTESIAN_POINT('Origin',(-34.,26.,2.));
#10857=CARTESIAN_POINT('',(-37.,26.,1.));
#10858=CARTESIAN_POINT('',(-37.,26.,1.5));
#10859=CARTESIAN_POINT('',(-34.,29.,1.));
#10860=CARTESIAN_POINT('Origin',(-34.,26.,1.));
#10861=CARTESIAN_POINT('',(-34.,29.,1.5));
#10862=CARTESIAN_POINT('Origin',(-34.,-26.,1.5));
#10863=CARTESIAN_POINT('',(-37.,-26.,2.));
#10864=CARTESIAN_POINT('Origin',(-34.,-26.,2.));
#10865=CARTESIAN_POINT('',(-37.,-26.,1.));
#10866=CARTESIAN_POINT('Origin',(-34.,-26.,1.));
#10867=CARTESIAN_POINT('',(-37.,-26.,1.5));
#10868=CARTESIAN_POINT('Origin',(-37.,0.,1.5));
#10869=CARTESIAN_POINT('',(-37.,0.,2.));
#10870=CARTESIAN_POINT('',(-37.,0.,1.));
#10871=CARTESIAN_POINT('Origin',(0.,29.,1.5));
#10872=CARTESIAN_POINT('',(0.,29.,2.));
#10873=CARTESIAN_POINT('',(0.,29.,1.));
#10874=CARTESIAN_POINT('Origin',(39.,39.,1.5));
#10875=CARTESIAN_POINT('',(43.,39.,2.));
#10876=CARTESIAN_POINT('',(43.,39.,1.));
#10877=CARTESIAN_POINT('',(43.,39.,1.5));
#10878=CARTESIAN_POINT('',(39.,43.,1.));
#10879=CARTESIAN_POINT('Origin',(39.,39.,1.));
#10880=CARTESIAN_POINT('',(39.,43.,2.));
#10881=CARTESIAN_POINT('',(39.,43.,1.5));
#10882=CARTESIAN_POINT('Origin',(39.,39.,2.));
#10883=CARTESIAN_POINT('Origin',(0.,0.,2.));
#10884=CARTESIAN_POINT('',(-39.,43.,2.));
#10885=CARTESIAN_POINT('',(0.,43.,2.));
#10886=CARTESIAN_POINT('',(-43.,39.,2.));
#10887=CARTESIAN_POINT('Origin',(-39.,39.,2.));
#10888=CARTESIAN_POINT('',(-43.,-39.,2.));
#10889=CARTESIAN_POINT('',(-43.,0.,2.));
#10890=CARTESIAN_POINT('',(-39.,-43.,2.));
#10891=CARTESIAN_POINT('Origin',(-39.,-39.,2.));
#10892=CARTESIAN_POINT('',(39.,-43.,2.));
#10893=CARTESIAN_POINT('',(0.,-43.,2.));
#10894=CARTESIAN_POINT('',(43.,-39.,2.));
#10895=CARTESIAN_POINT('Origin',(39.,-39.,2.));
#10896=CARTESIAN_POINT('',(43.,0.,2.));
#10897=CARTESIAN_POINT('Origin',(39.,-39.,1.5));
#10898=CARTESIAN_POINT('',(39.,-43.,1.));
#10899=CARTESIAN_POINT('',(39.,-43.,1.5));
#10900=CARTESIAN_POINT('',(43.,-39.,1.));
#10901=CARTESIAN_POINT('Origin',(39.,-39.,1.));
#10902=CARTESIAN_POINT('',(43.,-39.,1.5));
#10903=CARTESIAN_POINT('Origin',(-39.,39.,1.5));
#10904=CARTESIAN_POINT('',(-43.,39.,1.));
#10905=CARTESIAN_POINT('',(-43.,39.,1.5));
#10906=CARTESIAN_POINT('',(-39.,43.,1.));
#10907=CARTESIAN_POINT('',(-39.,43.,1.5));
#10908=CARTESIAN_POINT('Origin',(-39.,39.,1.));
#10909=CARTESIAN_POINT('Origin',(0.,0.,1.));
#10910=CARTESIAN_POINT('',(43.,0.,1.));
#10911=CARTESIAN_POINT('',(-39.,-43.,1.));
#10912=CARTESIAN_POINT('',(0.,-43.,1.));
#10913=CARTESIAN_POINT('',(-43.,-39.,1.));
#10914=CARTESIAN_POINT('Origin',(-39.,-39.,1.));
#10915=CARTESIAN_POINT('',(-43.,0.,1.));
#10916=CARTESIAN_POINT('',(0.,43.,1.));
#10917=CARTESIAN_POINT('Origin',(-39.,-39.,1.5));
#10918=CARTESIAN_POINT('',(-39.,-43.,1.5));
#10919=CARTESIAN_POINT('',(-43.,-39.,1.5));
#10920=CARTESIAN_POINT('Origin',(-43.,0.,1.5));
#10921=CARTESIAN_POINT('Origin',(43.,0.,1.5));
#10922=CARTESIAN_POINT('Origin',(0.,-43.,1.5));
#10923=CARTESIAN_POINT('Origin',(0.,43.,1.5));
#10924=CARTESIAN_POINT('Origin',(9.5,39.,11.2));
#10925=CARTESIAN_POINT('',(49.,35.6,11.2));
#10926=CARTESIAN_POINT('',(49.,42.,11.2));
#10927=CARTESIAN_POINT('',(49.,24.25,11.2));
#10928=CARTESIAN_POINT('',(47.4,35.6,11.2));
#10929=CARTESIAN_POINT('',(9.5,35.6,11.2));
#10930=CARTESIAN_POINT('',(47.4,42.,11.2));
#10931=CARTESIAN_POINT('',(47.4,19.5,11.2));
#10932=CARTESIAN_POINT('',(28.95,42.,11.2));
#10933=CARTESIAN_POINT('Origin',(9.5,35.6,6.7));
#10934=CARTESIAN_POINT('',(49.,35.6,3.3));
#10935=CARTESIAN_POINT('',(49.,35.6,4.75));
#10936=CARTESIAN_POINT('',(47.4,35.6,3.3));
#10937=CARTESIAN_POINT('',(28.85,35.6,3.3));
#10938=CARTESIAN_POINT('',(47.4,35.6,9.75));
#10939=CARTESIAN_POINT('Origin',(49.,9.5,2.8));
#10940=CARTESIAN_POINT('',(49.,42.,11.3));
#10941=CARTESIAN_POINT('',(49.,42.,16.));
#10942=CARTESIAN_POINT('',(49.,-15.,11.3));
#10943=CARTESIAN_POINT('',(49.,-12.75,11.3));
#10944=CARTESIAN_POINT('',(49.,-15.,2.3));
#10945=CARTESIAN_POINT('',(49.,-15.,2.8));
#10946=CARTESIAN_POINT('',(49.,34.,2.3));
#10947=CARTESIAN_POINT('',(49.,9.5,2.3));
#10948=CARTESIAN_POINT('',(49.,34.,3.3));
#10949=CARTESIAN_POINT('',(49.,34.,2.8));
#10950=CARTESIAN_POINT('',(49.,13.5,3.3));
#10951=CARTESIAN_POINT('Origin',(48.4,42.,12.8));
#10952=CARTESIAN_POINT('',(47.4,42.,11.3));
#10953=CARTESIAN_POINT('',(47.4,42.,16.));
#10954=CARTESIAN_POINT('',(48.,42.,11.3));
#10955=CARTESIAN_POINT('',(28.6,42.,11.3));
#10956=CARTESIAN_POINT('',(48.,42.,14.3));
#10957=CARTESIAN_POINT('',(48.,42.,12.8));
#10958=CARTESIAN_POINT('',(47.4,42.,14.3));
#10959=CARTESIAN_POINT('',(28.6,42.,14.3));
#10960=CARTESIAN_POINT('',(47.4,42.,28.7));
#10961=CARTESIAN_POINT('',(47.4,42.,16.));
#10962=CARTESIAN_POINT('',(49.,42.,28.7));
#10963=CARTESIAN_POINT('',(48.2,42.,28.7));
#10964=CARTESIAN_POINT('',(49.,42.,14.3));
#10965=CARTESIAN_POINT('',(49.,42.,16.));
#10966=CARTESIAN_POINT('',(49.4,42.,14.3));
#10967=CARTESIAN_POINT('',(48.4,42.,14.3));
#10968=CARTESIAN_POINT('',(49.4,42.,11.3));
#10969=CARTESIAN_POINT('',(49.4,42.,12.8));
#10970=CARTESIAN_POINT('',(48.4,42.,11.3));
#10971=CARTESIAN_POINT('Origin',(50.,25.,29.05));
#10972=CARTESIAN_POINT('',(48.65,25.,25.));
#10973=CARTESIAN_POINT('Origin',(50.,25.,25.));
#10974=CARTESIAN_POINT('',(48.65,25.,33.));
#10975=CARTESIAN_POINT('',(48.65,25.,29.05));
#10976=CARTESIAN_POINT('Origin',(50.,25.,33.));
#10977=CARTESIAN_POINT('Origin',(50.,25.,25.));
#10978=CARTESIAN_POINT('Origin',(50.,25.,22.15));
#10979=CARTESIAN_POINT('',(46.9,25.,33.));
#10980=CARTESIAN_POINT('Origin',(50.,25.,33.));
#10981=CARTESIAN_POINT('',(46.9,25.,28.7));
#10982=CARTESIAN_POINT('',(46.9,25.,22.15));
#10983=CARTESIAN_POINT('',(47.4,23.3118056983866,28.7));
#10984=CARTESIAN_POINT('Origin',(50.,25.,28.7));
#10985=CARTESIAN_POINT('',(49.,22.0657198497758,28.7));
#10986=CARTESIAN_POINT('Origin',(50.,25.,28.7));
#10987=CARTESIAN_POINT('',(49.,22.0657198497758,14.3));
#10988=CARTESIAN_POINT('',(49.,22.0657198497758,22.15));
#10989=CARTESIAN_POINT('',(49.4,21.9586187348509,14.3));
#10990=CARTESIAN_POINT('Origin',(50.,25.,14.3));
#10991=CARTESIAN_POINT('',(49.4,21.9586187348509,11.3));
#10992=CARTESIAN_POINT('',(49.4,21.9586187348509,22.15));
#10993=CARTESIAN_POINT('',(49.4,28.0413812651491,11.3));
#10994=CARTESIAN_POINT('Origin',(50.,25.,11.3));
#10995=CARTESIAN_POINT('',(49.4,28.0413812651491,14.3));
#10996=CARTESIAN_POINT('',(49.4,28.0413812651491,22.15));
#10997=CARTESIAN_POINT('',(49.,27.9342801502242,14.3));
#10998=CARTESIAN_POINT('Origin',(50.,25.,14.3));
#10999=CARTESIAN_POINT('',(49.,27.9342801502242,28.7));
#11000=CARTESIAN_POINT('',(49.,27.9342801502242,22.15));
#11001=CARTESIAN_POINT('',(47.4,26.6881943016134,28.7));
#11002=CARTESIAN_POINT('Origin',(50.,25.,28.7));
#11003=CARTESIAN_POINT('Origin',(50.,25.,28.7));
#11004=CARTESIAN_POINT('Origin',(43.7,25.,28.7));
#11005=CARTESIAN_POINT('',(47.4,13.5,28.7));
#11006=CARTESIAN_POINT('Origin',(50.,25.,33.));
#11007=CARTESIAN_POINT('Origin',(47.4,0.,12.8));
#11008=CARTESIAN_POINT('',(47.4,33.4,28.7));
#11009=CARTESIAN_POINT('',(47.4,13.5,28.7));
#11010=CARTESIAN_POINT('',(47.4,33.4,3.3));
#11011=CARTESIAN_POINT('',(47.4,33.4,14.4));
#11012=CARTESIAN_POINT('',(47.4,-13.,3.3));
#11013=CARTESIAN_POINT('',(47.4,11.5,3.3));
#11014=CARTESIAN_POINT('',(47.4,-13.,28.7));
#11015=CARTESIAN_POINT('',(47.4,-13.,14.4));
#11016=CARTESIAN_POINT('',(47.4,13.5,28.7));
#11017=CARTESIAN_POINT('Origin',(9.,-39.,11.3));
#11018=CARTESIAN_POINT('',(49.4,-42.,11.3));
#11019=CARTESIAN_POINT('',(49.4,0.,11.3));
#11020=CARTESIAN_POINT('',(48.,-42.,11.3));
#11021=CARTESIAN_POINT('',(48.4,-42.,11.3));
#11022=CARTESIAN_POINT('',(48.,-43.,11.3));
#11023=CARTESIAN_POINT('',(48.,-39.,11.3));
#11024=CARTESIAN_POINT('',(-30.,-43.,11.3));
#11025=CARTESIAN_POINT('',(9.,-43.,11.3));
#11026=CARTESIAN_POINT('',(-30.,43.,11.3));
#11027=CARTESIAN_POINT('',(-30.,39.,11.3));
#11028=CARTESIAN_POINT('',(48.,43.,11.3));
#11029=CARTESIAN_POINT('',(9.,43.,11.3));
#11030=CARTESIAN_POINT('',(48.,39.,11.3));
#11031=CARTESIAN_POINT('',(47.4,35.,11.3));
#11032=CARTESIAN_POINT('',(47.4,-12.75,11.3));
#11033=CARTESIAN_POINT('',(45.9933259094192,35.,11.3));
#11034=CARTESIAN_POINT('',(9.,35.,11.3));
#11035=CARTESIAN_POINT('',(45.849561369755,34.8,11.3));
#11036=CARTESIAN_POINT('Origin',(43.,37.,11.3));
#11037=CARTESIAN_POINT('',(40.150438630245,34.8,11.3));
#11038=CARTESIAN_POINT('',(36.25,34.8,11.3));
#11039=CARTESIAN_POINT('',(40.0066740905808,35.,11.3));
#11040=CARTESIAN_POINT('Origin',(43.,37.,11.3));
#11041=CARTESIAN_POINT('',(-28.,35.,11.3));
#11042=CARTESIAN_POINT('',(9.,35.,11.3));
#11043=CARTESIAN_POINT('',(-28.,29.,11.3));
#11044=CARTESIAN_POINT('',(-28.,0.,11.3));
#11045=CARTESIAN_POINT('',(-21.,29.,11.3));
#11046=CARTESIAN_POINT('',(-25.5,29.,11.3));
#11047=CARTESIAN_POINT('',(-21.,21.,11.3));
#11048=CARTESIAN_POINT('',(-21.,25.,11.3));
#11049=CARTESIAN_POINT('',(-28.,21.,11.3));
#11050=CARTESIAN_POINT('',(-25.5,21.,11.3));
#11051=CARTESIAN_POINT('',(-28.,-21.,11.3));
#11052=CARTESIAN_POINT('',(-28.,0.,11.3));
#11053=CARTESIAN_POINT('',(-21.,-21.,11.3));
#11054=CARTESIAN_POINT('',(-25.5,-21.,11.3));
#11055=CARTESIAN_POINT('',(-21.,-29.,11.3));
#11056=CARTESIAN_POINT('',(-21.,-25.,11.3));
#11057=CARTESIAN_POINT('',(-28.,-29.,11.3));
#11058=CARTESIAN_POINT('',(-25.5,-29.,11.3));
#11059=CARTESIAN_POINT('',(-28.,-35.,11.3));
#11060=CARTESIAN_POINT('',(-28.,0.,11.3));
#11061=CARTESIAN_POINT('',(47.4,-35.,11.3));
#11062=CARTESIAN_POINT('',(9.,-35.,11.3));
#11063=CARTESIAN_POINT('',(47.4,-28.,11.3));
#11064=CARTESIAN_POINT('',(47.4,0.,11.3));
#11065=CARTESIAN_POINT('',(41.,-28.,11.3));
#11066=CARTESIAN_POINT('',(44.5,-28.,11.3));
#11067=CARTESIAN_POINT('',(41.,-22.,11.3));
#11068=CARTESIAN_POINT('',(41.,-25.,11.3));
#11069=CARTESIAN_POINT('',(47.4,-22.,11.3));
#11070=CARTESIAN_POINT('',(44.5,-22.,11.3));
#11071=CARTESIAN_POINT('',(47.4,-15.,11.3));
#11072=CARTESIAN_POINT('',(47.4,0.,11.3));
#11073=CARTESIAN_POINT('',(28.6,-15.,11.3));
#11074=CARTESIAN_POINT('',(49.4,0.,11.3));
#11075=CARTESIAN_POINT('',(-26.,40.7,11.3));
#11076=CARTESIAN_POINT('',(-26.,37.3,11.3));
#11077=CARTESIAN_POINT('Origin',(-26.,39.,11.3));
#11078=CARTESIAN_POINT('',(26.,37.3,11.3));
#11079=CARTESIAN_POINT('',(4.5,37.3,11.3));
#11080=CARTESIAN_POINT('',(26.,40.7,11.3));
#11081=CARTESIAN_POINT('Origin',(26.,39.,11.3));
#11082=CARTESIAN_POINT('',(4.5,40.7,11.3));
#11083=CARTESIAN_POINT('',(-26.,-37.3,11.3));
#11084=CARTESIAN_POINT('',(-26.,-40.7,11.3));
#11085=CARTESIAN_POINT('Origin',(-26.,-39.,11.3));
#11086=CARTESIAN_POINT('',(26.,-40.7,11.3));
#11087=CARTESIAN_POINT('',(4.5,-40.7,11.3));
#11088=CARTESIAN_POINT('',(26.,-37.3,11.3));
#11089=CARTESIAN_POINT('Origin',(26.,-39.,11.3));
#11090=CARTESIAN_POINT('',(4.5,-37.3,11.3));
#11091=CARTESIAN_POINT('Origin',(48.2,13.5,28.7));
#11092=CARTESIAN_POINT('',(49.,13.5,28.7));
#11093=CARTESIAN_POINT('',(47.4,34.8,28.7));
#11094=CARTESIAN_POINT('',(47.4,13.5,28.7));
#11095=CARTESIAN_POINT('',(45.849561369755,34.8,28.7));
#11096=CARTESIAN_POINT('',(29.5,34.8,28.7));
#11097=CARTESIAN_POINT('',(40.150438630245,34.8,28.7));
#11098=CARTESIAN_POINT('Origin',(43.,37.,28.7));
#11099=CARTESIAN_POINT('',(10.,34.8,28.7));
#11100=CARTESIAN_POINT('',(29.5,34.8,28.7));
#11101=CARTESIAN_POINT('',(10.,33.4,28.7));
#11102=CARTESIAN_POINT('',(10.,34.1,28.7));
#11103=CARTESIAN_POINT('',(29.5,33.4,28.7));
#11104=CARTESIAN_POINT('',(41.65,37.,28.7));
#11105=CARTESIAN_POINT('Origin',(43.,37.,28.7));
#11106=CARTESIAN_POINT('Origin',(48.2,13.5,28.7));
#11107=CARTESIAN_POINT('',(10.,-13.,28.7));
#11108=CARTESIAN_POINT('',(29.5,-13.,28.7));
#11109=CARTESIAN_POINT('',(10.,-15.,28.7));
#11110=CARTESIAN_POINT('',(10.,-14.,28.7));
#11111=CARTESIAN_POINT('',(14.0100251257868,-15.,28.7));
#11112=CARTESIAN_POINT('',(48.2,-15.,28.7));
#11113=CARTESIAN_POINT('',(17.9899748742132,-15.,28.7));
#11114=CARTESIAN_POINT('Origin',(16.,-18.,28.7));
#11115=CARTESIAN_POINT('',(49.,-15.,28.7));
#11116=CARTESIAN_POINT('',(48.2,-15.,28.7));
#11117=CARTESIAN_POINT('',(49.,13.5,28.7));
#11118=CARTESIAN_POINT('',(14.65,-18.,28.7));
#11119=CARTESIAN_POINT('Origin',(16.,-18.,28.7));
#11120=CARTESIAN_POINT('Origin',(49.4,0.,12.8));
#11121=CARTESIAN_POINT('',(49.4,0.,14.3));
#11122=CARTESIAN_POINT('Origin',(49.,13.5,16.));
#11123=CARTESIAN_POINT('',(49.,-12.75,14.3));
#11124=CARTESIAN_POINT('Origin',(49.,13.5,16.));
#11125=CARTESIAN_POINT('',(49.,-15.,14.3));
#11126=CARTESIAN_POINT('',(49.,-15.,16.));
#11127=CARTESIAN_POINT('',(49.,-12.75,14.3));
#11128=CARTESIAN_POINT('Origin',(9.,-39.,14.3));
#11129=CARTESIAN_POINT('Origin',(44.,-25.,29.05));
#11130=CARTESIAN_POINT('',(42.65,-25.,25.));
#11131=CARTESIAN_POINT('Origin',(44.,-25.,25.));
#11132=CARTESIAN_POINT('',(42.65,-25.,33.));
#11133=CARTESIAN_POINT('',(42.65,-25.,29.05));
#11134=CARTESIAN_POINT('Origin',(44.,-25.,33.));
#11135=CARTESIAN_POINT('Origin',(44.,-25.,25.));
#11136=CARTESIAN_POINT('Origin',(44.5,-28.,22.15));
#11137=CARTESIAN_POINT('',(47.4,-28.,14.3));
#11138=CARTESIAN_POINT('',(47.4,-28.,17.475));
#11139=CARTESIAN_POINT('',(48.,-28.,14.3));
#11140=CARTESIAN_POINT('',(26.75,-28.,14.3));
#11141=CARTESIAN_POINT('',(48.,-28.,33.));
#11142=CARTESIAN_POINT('',(48.,-28.,22.15));
#11143=CARTESIAN_POINT('',(41.,-28.,33.));
#11144=CARTESIAN_POINT('',(44.5,-28.,33.));
#11145=CARTESIAN_POINT('',(41.,-28.,22.15));
#11146=CARTESIAN_POINT('Origin',(48.,-25.,22.15));
#11147=CARTESIAN_POINT('',(48.,-22.,14.3));
#11148=CARTESIAN_POINT('',(48.,-32.,14.3));
#11149=CARTESIAN_POINT('',(48.,-22.,33.));
#11150=CARTESIAN_POINT('',(48.,-22.,22.15));
#11151=CARTESIAN_POINT('',(48.,-25.,33.));
#11152=CARTESIAN_POINT('Origin',(44.5,-25.,33.));
#11153=CARTESIAN_POINT('',(41.,-22.,33.));
#11154=CARTESIAN_POINT('',(44.5,-22.,33.));
#11155=CARTESIAN_POINT('',(41.,-25.,33.));
#11156=CARTESIAN_POINT('Origin',(41.,-25.,22.15));
#11157=CARTESIAN_POINT('',(41.,-22.,22.15));
#11158=CARTESIAN_POINT('Origin',(44.5,-22.,22.15));
#11159=CARTESIAN_POINT('',(47.4,-22.,14.3));
#11160=CARTESIAN_POINT('',(47.4,-22.,17.475));
#11161=CARTESIAN_POINT('',(26.75,-22.,14.3));
#11162=CARTESIAN_POINT('Origin',(47.4,0.,12.8));
#11163=CARTESIAN_POINT('',(47.4,-15.,14.3));
#11164=CARTESIAN_POINT('',(47.4,0.,14.3));
#11165=CARTESIAN_POINT('',(47.4,-15.,14.4));
#11166=CARTESIAN_POINT('Origin',(47.4,0.,12.8));
#11167=CARTESIAN_POINT('',(47.4,-35.,14.3));
#11168=CARTESIAN_POINT('',(47.4,-35.,12.8));
#11169=CARTESIAN_POINT('',(47.4,0.,14.3));
#11170=CARTESIAN_POINT('Origin',(-25.,25.,29.05));
#11171=CARTESIAN_POINT('',(-26.35,25.,25.));
#11172=CARTESIAN_POINT('Origin',(-25.,25.,25.));
#11173=CARTESIAN_POINT('',(-26.35,25.,33.));
#11174=CARTESIAN_POINT('',(-26.35,25.,29.05));
#11175=CARTESIAN_POINT('Origin',(-25.,25.,33.));
#11176=CARTESIAN_POINT('Origin',(-25.,25.,25.));
#11177=CARTESIAN_POINT('Origin',(-25.5,21.,22.15));
#11178=CARTESIAN_POINT('',(-28.,21.,14.3));
#11179=CARTESIAN_POINT('',(-30.,21.,14.3));
#11180=CARTESIAN_POINT('',(-8.25,21.,14.3));
#11181=CARTESIAN_POINT('',(-28.,21.,17.475));
#11182=CARTESIAN_POINT('',(-21.,21.,33.));
#11183=CARTESIAN_POINT('',(-21.,21.,22.15));
#11184=CARTESIAN_POINT('',(-30.,21.,33.));
#11185=CARTESIAN_POINT('',(-25.5,21.,33.));
#11186=CARTESIAN_POINT('',(-30.,21.,22.15));
#11187=CARTESIAN_POINT('Origin',(-25.5,25.,33.));
#11188=CARTESIAN_POINT('',(-21.,29.,33.));
#11189=CARTESIAN_POINT('',(-21.,25.,33.));
#11190=CARTESIAN_POINT('',(-30.,29.,33.));
#11191=CARTESIAN_POINT('',(-25.5,29.,33.));
#11192=CARTESIAN_POINT('',(-30.,25.,33.));
#11193=CARTESIAN_POINT('Origin',(-25.5,29.,22.15));
#11194=CARTESIAN_POINT('',(-30.,29.,14.3));
#11195=CARTESIAN_POINT('',(-28.,29.,14.3));
#11196=CARTESIAN_POINT('',(-8.25,29.,14.3));
#11197=CARTESIAN_POINT('',(-30.,29.,22.15));
#11198=CARTESIAN_POINT('',(-21.,29.,22.15));
#11199=CARTESIAN_POINT('',(-28.,29.,17.475));
#11200=CARTESIAN_POINT('Origin',(-21.,25.,22.15));
#11201=CARTESIAN_POINT('Origin',(9.,-39.,14.3));
#11202=CARTESIAN_POINT('',(-30.,-21.,14.3));
#11203=CARTESIAN_POINT('',(-30.,-39.,14.3));
#11204=CARTESIAN_POINT('',(-28.,-21.,14.3));
#11205=CARTESIAN_POINT('',(-8.25,-21.,14.3));
#11206=CARTESIAN_POINT('',(-28.,0.,14.3));
#11207=CARTESIAN_POINT('Origin',(9.,-39.,14.3));
#11208=CARTESIAN_POINT('',(-28.,35.,14.3));
#11209=CARTESIAN_POINT('',(-28.,0.,14.3));
#11210=CARTESIAN_POINT('',(40.0066740905808,35.,14.3));
#11211=CARTESIAN_POINT('',(9.,35.,14.3));
#11212=CARTESIAN_POINT('',(45.9933259094192,35.,14.3));
#11213=CARTESIAN_POINT('Origin',(43.,37.,14.3));
#11214=CARTESIAN_POINT('',(47.4,35.,14.3));
#11215=CARTESIAN_POINT('',(9.,35.,14.3));
#11216=CARTESIAN_POINT('',(47.4,-12.75,14.3));
#11217=CARTESIAN_POINT('',(48.,43.,14.3));
#11218=CARTESIAN_POINT('',(48.,39.,14.3));
#11219=CARTESIAN_POINT('',(-30.,43.,14.3));
#11220=CARTESIAN_POINT('',(9.,43.,14.3));
#11221=CARTESIAN_POINT('',(-30.,-39.,14.3));
#11222=CARTESIAN_POINT('',(-26.,37.3,14.3));
#11223=CARTESIAN_POINT('',(-26.,40.7,14.3));
#11224=CARTESIAN_POINT('Origin',(-26.,39.,14.3));
#11225=CARTESIAN_POINT('',(26.,40.7,14.3));
#11226=CARTESIAN_POINT('',(4.5,40.7,14.3));
#11227=CARTESIAN_POINT('',(26.,37.3,14.3));
#11228=CARTESIAN_POINT('Origin',(26.,39.,14.3));
#11229=CARTESIAN_POINT('',(4.5,37.3,14.3));
#11230=CARTESIAN_POINT('Origin',(-30.,-39.,12.8));
#11231=CARTESIAN_POINT('',(-30.,-43.,14.3));
#11232=CARTESIAN_POINT('',(-30.,-43.,12.8));
#11233=CARTESIAN_POINT('',(-30.,-29.,14.3));
#11234=CARTESIAN_POINT('',(-30.,-39.,14.3));
#11235=CARTESIAN_POINT('',(-30.,-29.,33.));
#11236=CARTESIAN_POINT('',(-30.,-29.,22.15));
#11237=CARTESIAN_POINT('',(-30.,-21.,33.));
#11238=CARTESIAN_POINT('',(-30.,-25.,33.));
#11239=CARTESIAN_POINT('',(-30.,-21.,22.15));
#11240=CARTESIAN_POINT('',(-30.,43.,12.8));
#11241=CARTESIAN_POINT('Origin',(-28.,0.,12.8));
#11242=CARTESIAN_POINT('',(-28.,-21.,17.475));
#11243=CARTESIAN_POINT('Origin',(-28.,0.,12.8));
#11244=CARTESIAN_POINT('',(-28.,35.,12.8));
#11245=CARTESIAN_POINT('Origin',(-25.,-25.,29.05));
#11246=CARTESIAN_POINT('',(-26.35,-25.,25.));
#11247=CARTESIAN_POINT('Origin',(-25.,-25.,25.));
#11248=CARTESIAN_POINT('',(-26.35,-25.,33.));
#11249=CARTESIAN_POINT('',(-26.35,-25.,29.05));
#11250=CARTESIAN_POINT('Origin',(-25.,-25.,33.));
#11251=CARTESIAN_POINT('Origin',(-25.,-25.,25.));
#11252=CARTESIAN_POINT('Origin',(-25.5,-21.,22.15));
#11253=CARTESIAN_POINT('',(-21.,-21.,33.));
#11254=CARTESIAN_POINT('',(-25.5,-21.,33.));
#11255=CARTESIAN_POINT('',(-21.,-21.,22.15));
#11256=CARTESIAN_POINT('Origin',(-25.5,-25.,33.));
#11257=CARTESIAN_POINT('',(-21.,-29.,33.));
#11258=CARTESIAN_POINT('',(-21.,-25.,33.));
#11259=CARTESIAN_POINT('',(-25.5,-29.,33.));
#11260=CARTESIAN_POINT('Origin',(-25.5,-29.,22.15));
#11261=CARTESIAN_POINT('',(-28.,-29.,14.3));
#11262=CARTESIAN_POINT('',(-28.,-29.,17.475));
#11263=CARTESIAN_POINT('',(-21.,-29.,22.15));
#11264=CARTESIAN_POINT('',(-8.25,-29.,14.3));
#11265=CARTESIAN_POINT('Origin',(-21.,-25.,22.15));
#11266=CARTESIAN_POINT('Origin',(-28.,0.,12.8));
#11267=CARTESIAN_POINT('',(-28.,-35.,14.3));
#11268=CARTESIAN_POINT('',(-28.,0.,14.3));
#11269=CARTESIAN_POINT('',(-28.,-35.,12.8));
#11270=CARTESIAN_POINT('Origin',(9.,-39.,14.3));
#11271=CARTESIAN_POINT('',(28.6,-15.,14.3));
#11272=CARTESIAN_POINT('',(9.,-35.,14.3));
#11273=CARTESIAN_POINT('',(48.,-43.,14.3));
#11274=CARTESIAN_POINT('',(9.,-43.,14.3));
#11275=CARTESIAN_POINT('',(48.,-42.,14.3));
#11276=CARTESIAN_POINT('',(48.,-39.,14.3));
#11277=CARTESIAN_POINT('',(49.4,-42.,14.3));
#11278=CARTESIAN_POINT('',(48.4,-42.,14.3));
#11279=CARTESIAN_POINT('',(49.4,0.,14.3));
#11280=CARTESIAN_POINT('',(-26.,-40.7,14.3));
#11281=CARTESIAN_POINT('',(-26.,-37.3,14.3));
#11282=CARTESIAN_POINT('Origin',(-26.,-39.,14.3));
#11283=CARTESIAN_POINT('',(26.,-37.3,14.3));
#11284=CARTESIAN_POINT('',(4.5,-37.3,14.3));
#11285=CARTESIAN_POINT('',(26.,-40.7,14.3));
#11286=CARTESIAN_POINT('Origin',(26.,-39.,14.3));
#11287=CARTESIAN_POINT('',(4.5,-40.7,14.3));
#11288=CARTESIAN_POINT('Origin',(43.,37.,24.75));
#11289=CARTESIAN_POINT('',(41.65,37.,20.7));
#11290=CARTESIAN_POINT('Origin',(43.,37.,20.7));
#11291=CARTESIAN_POINT('',(41.65,37.,24.75));
#11292=CARTESIAN_POINT('Origin',(43.,37.,20.7));
#11293=CARTESIAN_POINT('Origin',(43.,37.,20.));
#11294=CARTESIAN_POINT('',(40.150438630245,34.8,20.));
#11295=CARTESIAN_POINT('',(45.849561369755,34.8,20.));
#11296=CARTESIAN_POINT('',(45.9933259094192,35.,20.));
#11297=CARTESIAN_POINT('',(40.0066740905808,35.,20.));
#11298=CARTESIAN_POINT('Origin',(29.5,34.8,16.));
#11299=CARTESIAN_POINT('',(47.4,34.8,3.3));
#11300=CARTESIAN_POINT('',(47.4,34.8,14.4));
#11301=CARTESIAN_POINT('',(10.,34.8,3.3));
#11302=CARTESIAN_POINT('',(29.5,34.8,3.3));
#11303=CARTESIAN_POINT('',(10.,34.8,16.));
#11304=CARTESIAN_POINT('Origin',(9.,35.,12.8));
#11305=CARTESIAN_POINT('',(47.4,35.,12.8));
#11306=CARTESIAN_POINT('Origin',(16.,-18.,24.75));
#11307=CARTESIAN_POINT('',(14.65,-18.,20.7));
#11308=CARTESIAN_POINT('Origin',(16.,-18.,20.7));
#11309=CARTESIAN_POINT('',(14.65,-18.,24.75));
#11310=CARTESIAN_POINT('Origin',(16.,-18.,20.7));
#11311=CARTESIAN_POINT('Origin',(16.,-16.,15.3));
#11312=CARTESIAN_POINT('',(12.,-15.,15.3));
#11313=CARTESIAN_POINT('',(14.0100251257868,-15.,15.3));
#11314=CARTESIAN_POINT('',(32.1,-15.,15.3));
#11315=CARTESIAN_POINT('',(12.,-18.,15.3));
#11316=CARTESIAN_POINT('',(12.,-16.,15.3));
#11317=CARTESIAN_POINT('',(12.4,-18.,15.3));
#11318=CARTESIAN_POINT('',(16.,-18.,15.3));
#11319=CARTESIAN_POINT('Origin',(16.,-18.,15.3));
#11320=CARTESIAN_POINT('Origin',(16.,-16.,15.3));
#11321=CARTESIAN_POINT('',(17.9899748742132,-15.,15.3));
#11322=CARTESIAN_POINT('',(20.,-15.,15.3));
#11323=CARTESIAN_POINT('',(32.1,-15.,15.3));
#11324=CARTESIAN_POINT('',(19.6,-18.,15.3));
#11325=CARTESIAN_POINT('Origin',(16.,-18.,15.3));
#11326=CARTESIAN_POINT('',(20.,-18.,15.3));
#11327=CARTESIAN_POINT('',(16.,-18.,15.3));
#11328=CARTESIAN_POINT('',(20.,-16.,15.3));
#11329=CARTESIAN_POINT('Origin',(12.,-16.,13.3));
#11330=CARTESIAN_POINT('',(12.,-15.,11.3));
#11331=CARTESIAN_POINT('',(12.,-15.,14.65));
#11332=CARTESIAN_POINT('',(12.,-18.,11.3));
#11333=CARTESIAN_POINT('',(12.,-16.,11.3));
#11334=CARTESIAN_POINT('',(12.,-18.,13.3));
#11335=CARTESIAN_POINT('Origin',(16.,-18.,13.3));
#11336=CARTESIAN_POINT('',(12.4,-18.,11.3));
#11337=CARTESIAN_POINT('',(12.4,-18.,20.));
#11338=CARTESIAN_POINT('',(16.,-18.,11.3));
#11339=CARTESIAN_POINT('Origin',(16.,-18.,13.3));
#11340=CARTESIAN_POINT('',(19.6,-18.,11.3));
#11341=CARTESIAN_POINT('',(19.6,-18.,20.));
#11342=CARTESIAN_POINT('',(20.,-18.,11.3));
#11343=CARTESIAN_POINT('',(16.,-18.,11.3));
#11344=CARTESIAN_POINT('',(20.,-18.,13.3));
#11345=CARTESIAN_POINT('Origin',(20.,-16.,13.3));
#11346=CARTESIAN_POINT('',(20.,-15.,11.3));
#11347=CARTESIAN_POINT('',(20.,-15.,14.65));
#11348=CARTESIAN_POINT('',(20.,-16.,11.3));
#11349=CARTESIAN_POINT('Origin',(48.2,-15.,16.));
#11350=CARTESIAN_POINT('',(32.1,-15.,11.3));
#11351=CARTESIAN_POINT('',(14.0100251257868,-15.,20.));
#11352=CARTESIAN_POINT('',(10.,-15.,2.3));
#11353=CARTESIAN_POINT('',(10.,-15.,16.));
#11354=CARTESIAN_POINT('',(29.5,-15.,2.3));
#11355=CARTESIAN_POINT('',(17.9899748742132,-15.,20.));
#11356=CARTESIAN_POINT('Origin',(16.,-18.,11.3));
#11357=CARTESIAN_POINT('Origin',(16.,-18.,11.3));
#11358=CARTESIAN_POINT('Origin',(16.,-18.,20.));
#11359=CARTESIAN_POINT('Origin',(29.5,33.4,16.));
#11360=CARTESIAN_POINT('',(10.,33.4,3.3));
#11361=CARTESIAN_POINT('',(10.,33.4,16.));
#11362=CARTESIAN_POINT('',(29.5,33.4,3.3));
#11363=CARTESIAN_POINT('Origin',(48.2,13.5,3.3));
#11364=CARTESIAN_POINT('',(10.,34.,3.3));
#11365=CARTESIAN_POINT('',(29.5,34.,3.3));
#11366=CARTESIAN_POINT('',(10.,34.1,3.3));
#11367=CARTESIAN_POINT('',(47.4,13.5,3.3));
#11368=CARTESIAN_POINT('Origin',(29.5,9.5,3.3));
#11369=CARTESIAN_POINT('',(10.,-13.,3.3));
#11370=CARTESIAN_POINT('',(10.,9.5,3.3));
#11371=CARTESIAN_POINT('',(29.5,-13.,3.3));
#11372=CARTESIAN_POINT('Origin',(29.5,-13.,16.));
#11373=CARTESIAN_POINT('',(10.,-13.,16.));
#11374=CARTESIAN_POINT('Origin',(29.5,9.5,2.3));
#11375=CARTESIAN_POINT('',(10.,34.,2.3));
#11376=CARTESIAN_POINT('',(10.,9.5,2.3));
#11377=CARTESIAN_POINT('',(29.5,34.,2.3));
#11378=CARTESIAN_POINT('Origin',(10.,9.5,2.8));
#11379=CARTESIAN_POINT('',(10.,34.,2.8));
#11380=CARTESIAN_POINT('Origin',(29.5,34.,2.8));
#11381=CARTESIAN_POINT('Origin',(26.,39.,12.8));
#11382=CARTESIAN_POINT('',(26.,37.3,12.8));
#11383=CARTESIAN_POINT('',(26.,40.7,12.8));
#11384=CARTESIAN_POINT('Origin',(0.,40.7,12.8));
#11385=CARTESIAN_POINT('',(-26.,40.7,12.8));
#11386=CARTESIAN_POINT('Origin',(-26.,39.,12.8));
#11387=CARTESIAN_POINT('',(-26.,37.3,12.8));
#11388=CARTESIAN_POINT('Origin',(0.,37.3,12.8));
#11389=CARTESIAN_POINT('Origin',(26.,-39.,12.8));
#11390=CARTESIAN_POINT('',(26.,-40.7,12.8));
#11391=CARTESIAN_POINT('',(26.,-37.3,12.8));
#11392=CARTESIAN_POINT('Origin',(0.,-37.3,12.8));
#11393=CARTESIAN_POINT('',(-26.,-37.3,12.8));
#11394=CARTESIAN_POINT('Origin',(-26.,-39.,12.8));
#11395=CARTESIAN_POINT('',(-26.,-40.7,12.8));
#11396=CARTESIAN_POINT('Origin',(0.,-40.7,12.8));
#11397=CARTESIAN_POINT('Origin',(48.4,-42.,12.8));
#11398=CARTESIAN_POINT('',(48.,-42.,12.8));
#11399=CARTESIAN_POINT('',(49.4,-42.,12.8));
#11400=CARTESIAN_POINT('Origin',(47.4,0.,12.8));
#11401=CARTESIAN_POINT('Origin',(49.4,0.,12.8));
#11402=CARTESIAN_POINT('Origin',(48.,39.,12.8));
#11403=CARTESIAN_POINT('',(48.,43.,12.8));
#11404=CARTESIAN_POINT('Origin',(9.,-35.,12.8));
#11405=CARTESIAN_POINT('Origin',(9.,35.,12.8));
#11406=CARTESIAN_POINT('Origin',(9.,43.,12.8));
#11407=CARTESIAN_POINT('Origin',(9.,-43.,12.8));
#11408=CARTESIAN_POINT('',(48.,-43.,12.8));
#11409=CARTESIAN_POINT('Origin',(48.,-39.,12.8));
#11410=CARTESIAN_POINT('Origin',(50.25,28.5,30.));
#11411=CARTESIAN_POINT('',(46.5,28.5,31.));
#11412=CARTESIAN_POINT('',(47.,28.5,31.));
#11413=CARTESIAN_POINT('',(39.875,28.5,31.));
#11414=CARTESIAN_POINT('',(46.5,28.5,29.));
#11415=CARTESIAN_POINT('',(46.5,28.5,30.));
#11416=CARTESIAN_POINT('',(47.,28.5,29.));
#11417=CARTESIAN_POINT('',(39.875,28.5,29.));
#11418=CARTESIAN_POINT('',(47.,28.5,30.));
#11419=CARTESIAN_POINT('Origin',(50.25,21.5,30.));
#11420=CARTESIAN_POINT('',(47.,21.5,31.));
#11421=CARTESIAN_POINT('',(46.5,21.5,31.));
#11422=CARTESIAN_POINT('',(39.875,21.5,31.));
#11423=CARTESIAN_POINT('',(47.,21.5,29.));
#11424=CARTESIAN_POINT('',(47.,21.5,30.));
#11425=CARTESIAN_POINT('',(46.5,21.5,29.));
#11426=CARTESIAN_POINT('',(39.875,21.5,29.));
#11427=CARTESIAN_POINT('',(46.5,21.5,30.));
#11428=CARTESIAN_POINT('Origin',(46.5,25.,30.));
#11429=CARTESIAN_POINT('',(46.5,17.25,31.));
#11430=CARTESIAN_POINT('',(46.5,17.25,29.));
#11431=CARTESIAN_POINT('Origin',(29.5,9.5,29.));
#11432=CARTESIAN_POINT('',(47.,-21.5,29.));
#11433=CARTESIAN_POINT('',(47.,9.5,29.));
#11434=CARTESIAN_POINT('',(12.,-21.5,29.));
#11435=CARTESIAN_POINT('',(29.5,-21.5,29.));
#11436=CARTESIAN_POINT('',(12.,40.5,29.));
#11437=CARTESIAN_POINT('',(12.,9.5,29.));
#11438=CARTESIAN_POINT('',(47.,40.5,29.));
#11439=CARTESIAN_POINT('',(29.5,40.5,29.));
#11440=CARTESIAN_POINT('',(47.,9.5,29.));
#11441=CARTESIAN_POINT('',(17.,-10.,29.));
#11442=CARTESIAN_POINT('',(42.,-10.,29.));
#11443=CARTESIAN_POINT('',(29.5,-10.,29.));
#11444=CARTESIAN_POINT('',(42.,29.,29.));
#11445=CARTESIAN_POINT('',(42.,9.5,29.));
#11446=CARTESIAN_POINT('',(17.,29.,29.));
#11447=CARTESIAN_POINT('',(29.5,29.,29.));
#11448=CARTESIAN_POINT('',(17.,9.5,29.));
#11449=CARTESIAN_POINT('',(14.3,-18.,29.));
#11450=CARTESIAN_POINT('Origin',(16.,-18.,29.));
#11451=CARTESIAN_POINT('',(41.3,37.,29.));
#11452=CARTESIAN_POINT('Origin',(43.,37.,29.));
#11453=CARTESIAN_POINT('Origin',(47.,9.5,30.));
#11454=CARTESIAN_POINT('',(47.,-21.5,31.));
#11455=CARTESIAN_POINT('',(47.,9.5,31.));
#11456=CARTESIAN_POINT('',(47.,-21.5,30.));
#11457=CARTESIAN_POINT('Origin',(47.,9.5,30.));
#11458=CARTESIAN_POINT('',(47.,40.5,31.));
#11459=CARTESIAN_POINT('',(47.,40.5,30.));
#11460=CARTESIAN_POINT('',(47.,9.5,31.));
#11461=CARTESIAN_POINT('Origin',(43.,37.,30.));
#11462=CARTESIAN_POINT('',(41.3,37.,31.));
#11463=CARTESIAN_POINT('',(41.3,37.,30.));
#11464=CARTESIAN_POINT('Origin',(43.,37.,31.));
#11465=CARTESIAN_POINT('Origin',(16.,-18.,30.));
#11466=CARTESIAN_POINT('',(14.3,-18.,31.));
#11467=CARTESIAN_POINT('',(14.3,-18.,30.));
#11468=CARTESIAN_POINT('Origin',(16.,-18.,31.));
#11469=CARTESIAN_POINT('Origin',(29.5,29.,30.));
#11470=CARTESIAN_POINT('',(17.,29.,31.));
#11471=CARTESIAN_POINT('',(42.,29.,31.));
#11472=CARTESIAN_POINT('',(29.5,29.,31.));
#11473=CARTESIAN_POINT('',(17.,29.,30.));
#11474=CARTESIAN_POINT('',(42.,29.,30.));
#11475=CARTESIAN_POINT('Origin',(42.,9.5,30.));
#11476=CARTESIAN_POINT('',(42.,-10.,31.));
#11477=CARTESIAN_POINT('',(42.,9.5,31.));
#11478=CARTESIAN_POINT('',(42.,-10.,30.));
#11479=CARTESIAN_POINT('Origin',(29.5,-10.,30.));
#11480=CARTESIAN_POINT('',(17.,-10.,31.));
#11481=CARTESIAN_POINT('',(29.5,-10.,31.));
#11482=CARTESIAN_POINT('',(17.,-10.,30.));
#11483=CARTESIAN_POINT('Origin',(17.,9.5,30.));
#11484=CARTESIAN_POINT('',(17.,9.5,31.));
#11485=CARTESIAN_POINT('Origin',(29.5,9.5,31.));
#11486=CARTESIAN_POINT('',(12.,40.5,31.));
#11487=CARTESIAN_POINT('',(29.5,40.5,31.));
#11488=CARTESIAN_POINT('',(12.,-21.5,31.));
#11489=CARTESIAN_POINT('',(12.,9.5,31.));
#11490=CARTESIAN_POINT('',(29.5,-21.5,31.));
#11491=CARTESIAN_POINT('Origin',(29.5,-21.5,30.));
#11492=CARTESIAN_POINT('',(12.,-21.5,30.));
#11493=CARTESIAN_POINT('Origin',(12.,9.5,30.));
#11494=CARTESIAN_POINT('',(12.,40.5,30.));
#11495=CARTESIAN_POINT('Origin',(29.5,40.5,30.));
#11496=CARTESIAN_POINT('Origin',(0.,0.,15.5));
#11497=CARTESIAN_POINT('',(-1.7,-2.0818995585505E-16,14.));
#11498=CARTESIAN_POINT('Origin',(0.,0.,14.));
#11499=CARTESIAN_POINT('',(-1.7,2.0818995585505E-16,17.));
#11500=CARTESIAN_POINT('',(-1.7,-2.0818995585505E-16,15.5));
#11501=CARTESIAN_POINT('Origin',(0.,0.,17.));
#11502=CARTESIAN_POINT('Origin',(1.75,-3.,15.5));
#11503=CARTESIAN_POINT('',(3.5,-3.,14.197224362268));
#11504=CARTESIAN_POINT('',(3.5,-3.,14.));
#11505=CARTESIAN_POINT('',(3.5,-3.,17.25));
#11506=CARTESIAN_POINT('',(6.5,-3.,14.197224362268));
#11507=CARTESIAN_POINT('',(5.,-3.,14.197224362268));
#11508=CARTESIAN_POINT('',(6.5,-3.,17.));
#11509=CARTESIAN_POINT('',(6.5,-3.,15.5));
#11510=CARTESIAN_POINT('',(-3.,-3.,17.));
#11511=CARTESIAN_POINT('',(1.75,-3.,17.));
#11512=CARTESIAN_POINT('',(-3.,-3.,14.));
#11513=CARTESIAN_POINT('',(-3.,-3.,15.5));
#11514=CARTESIAN_POINT('',(1.75,-3.,14.));
#11515=CARTESIAN_POINT('Origin',(1.75,0.,14.));
#11516=CARTESIAN_POINT('',(3.5,-2.87228132326901,14.));
#11517=CARTESIAN_POINT('',(6.5,-2.87228132326901,14.));
#11518=CARTESIAN_POINT('',(5.,-2.87228132326901,14.));
#11519=CARTESIAN_POINT('',(3.5,0.,14.));
#11520=CARTESIAN_POINT('',(-3.,3.,14.));
#11521=CARTESIAN_POINT('',(-3.,0.,14.));
#11522=CARTESIAN_POINT('',(3.5,3.,14.));
#11523=CARTESIAN_POINT('',(1.75,3.,14.));
#11524=CARTESIAN_POINT('',(3.5,2.87228132326901,14.));
#11525=CARTESIAN_POINT('',(3.5,0.,14.));
#11526=CARTESIAN_POINT('',(6.5,2.87228132326901,14.));
#11527=CARTESIAN_POINT('',(5.,2.87228132326901,14.));
#11528=CARTESIAN_POINT('',(6.5,0.,14.));
#11529=CARTESIAN_POINT('Origin',(1.75,0.,17.));
#11530=CARTESIAN_POINT('',(6.5,3.,17.));
#11531=CARTESIAN_POINT('',(6.5,0.,17.));
#11532=CARTESIAN_POINT('',(-3.,3.,17.));
#11533=CARTESIAN_POINT('',(1.75,3.,17.));
#11534=CARTESIAN_POINT('',(-3.,0.,17.));
#11535=CARTESIAN_POINT('Origin',(-3.,0.,15.5));
#11536=CARTESIAN_POINT('',(-3.,3.,15.5));
#11537=CARTESIAN_POINT('Origin',(1.75,3.,15.5));
#11538=CARTESIAN_POINT('',(3.5,3.,14.197224362268));
#11539=CARTESIAN_POINT('',(3.5,3.,17.25));
#11540=CARTESIAN_POINT('',(6.5,3.,14.197224362268));
#11541=CARTESIAN_POINT('',(6.5,3.,15.5));
#11542=CARTESIAN_POINT('',(5.,3.,14.197224362268));
#11543=CARTESIAN_POINT('Origin',(6.5,0.,19.));
#11544=CARTESIAN_POINT('',(6.5,-11.,26.));
#11545=CARTESIAN_POINT('',(6.5,-11.,12.));
#11546=CARTESIAN_POINT('',(6.5,-11.,19.));
#11547=CARTESIAN_POINT('',(6.5,11.,12.));
#11548=CARTESIAN_POINT('',(6.5,0.,12.));
#11549=CARTESIAN_POINT('',(6.5,11.,26.));
#11550=CARTESIAN_POINT('',(6.5,11.,19.));
#11551=CARTESIAN_POINT('',(6.5,0.,26.));
#11552=CARTESIAN_POINT('Origin',(6.5,0.,16.));
#11553=CARTESIAN_POINT('',(6.5,-8.,14.3));
#11554=CARTESIAN_POINT('',(6.5,-8.,17.7));
#11555=CARTESIAN_POINT('Origin',(6.5,-8.,16.));
#11556=CARTESIAN_POINT('',(6.5,-6.,17.7));
#11557=CARTESIAN_POINT('',(6.5,-3.5,17.7));
#11558=CARTESIAN_POINT('',(6.5,-6.,14.3));
#11559=CARTESIAN_POINT('Origin',(6.5,-6.,16.));
#11560=CARTESIAN_POINT('',(6.5,-3.5,14.3));
#11561=CARTESIAN_POINT('',(6.5,6.,14.3));
#11562=CARTESIAN_POINT('',(6.5,6.,17.7));
#11563=CARTESIAN_POINT('Origin',(6.5,6.,16.));
#11564=CARTESIAN_POINT('',(6.5,8.,17.7));
#11565=CARTESIAN_POINT('',(6.5,3.5,17.7));
#11566=CARTESIAN_POINT('',(6.5,8.,14.3));
#11567=CARTESIAN_POINT('Origin',(6.5,8.,16.));
#11568=CARTESIAN_POINT('',(6.5,3.5,14.3));
#11569=CARTESIAN_POINT('Origin',(6.5,0.,16.));
#11570=CARTESIAN_POINT('Origin',(5.,0.,16.));
#11571=CARTESIAN_POINT('Origin',(3.5,0.,16.));
#11572=CARTESIAN_POINT('Origin',(5.,0.,16.));
#11573=CARTESIAN_POINT('Origin',(3.5,0.,16.));
#11574=CARTESIAN_POINT('Origin',(5.,8.,16.));
#11575=CARTESIAN_POINT('',(3.5,8.,14.3));
#11576=CARTESIAN_POINT('',(3.5,8.,17.7));
#11577=CARTESIAN_POINT('Origin',(3.5,8.,16.));
#11578=CARTESIAN_POINT('',(5.,8.,14.3));
#11579=CARTESIAN_POINT('',(5.,8.,17.7));
#11580=CARTESIAN_POINT('Origin',(5.,7.,17.7));
#11581=CARTESIAN_POINT('',(3.5,6.,17.7));
#11582=CARTESIAN_POINT('',(3.5,3.5,17.7));
#11583=CARTESIAN_POINT('',(5.,6.,17.7));
#11584=CARTESIAN_POINT('Origin',(5.,6.,16.));
#11585=CARTESIAN_POINT('',(3.5,6.,14.3));
#11586=CARTESIAN_POINT('Origin',(3.5,6.,16.));
#11587=CARTESIAN_POINT('',(5.,6.,14.3));
#11588=CARTESIAN_POINT('Origin',(5.,7.,14.3));
#11589=CARTESIAN_POINT('',(3.5,3.5,14.3));
#11590=CARTESIAN_POINT('Origin',(5.,-6.,16.));
#11591=CARTESIAN_POINT('',(3.5,-6.,14.3));
#11592=CARTESIAN_POINT('',(3.5,-6.,17.7));
#11593=CARTESIAN_POINT('Origin',(3.5,-6.,16.));
#11594=CARTESIAN_POINT('',(5.,-6.,14.3));
#11595=CARTESIAN_POINT('',(5.,-6.,17.7));
#11596=CARTESIAN_POINT('Origin',(5.,-7.,17.7));
#11597=CARTESIAN_POINT('',(3.5,-8.,17.7));
#11598=CARTESIAN_POINT('',(3.5,-3.5,17.7));
#11599=CARTESIAN_POINT('',(5.,-8.,17.7));
#11600=CARTESIAN_POINT('Origin',(5.,-8.,16.));
#11601=CARTESIAN_POINT('',(3.5,-8.,14.3));
#11602=CARTESIAN_POINT('Origin',(3.5,-8.,16.));
#11603=CARTESIAN_POINT('',(5.,-8.,14.3));
#11604=CARTESIAN_POINT('Origin',(5.,-7.,14.3));
#11605=CARTESIAN_POINT('',(3.5,-3.5,14.3));
#11606=CARTESIAN_POINT('Origin',(5.,0.,26.));
#11607=CARTESIAN_POINT('',(3.5,11.,26.));
#11608=CARTESIAN_POINT('',(5.,11.,26.));
#11609=CARTESIAN_POINT('',(3.5,-11.,26.));
#11610=CARTESIAN_POINT('',(3.5,0.,26.));
#11611=CARTESIAN_POINT('',(5.,-11.,26.));
#11612=CARTESIAN_POINT('Origin',(5.,0.,12.));
#11613=CARTESIAN_POINT('',(3.5,-11.,12.));
#11614=CARTESIAN_POINT('',(5.,-11.,12.));
#11615=CARTESIAN_POINT('',(3.5,11.,12.));
#11616=CARTESIAN_POINT('',(3.5,0.,12.));
#11617=CARTESIAN_POINT('',(5.,11.,12.));
#11618=CARTESIAN_POINT('Origin',(5.,-11.,19.));
#11619=CARTESIAN_POINT('',(3.5,-11.,19.));
#11620=CARTESIAN_POINT('Origin',(3.5,0.,19.));
#11621=CARTESIAN_POINT('',(3.5,11.,19.));
#11622=CARTESIAN_POINT('Origin',(5.,11.,19.));
#11623=CARTESIAN_POINT('Origin',(0.,0.,12.3));
#11624=CARTESIAN_POINT('',(-1.25,-1.53080849893419E-16,10.5));
#11625=CARTESIAN_POINT('Origin',(0.,0.,10.5));
#11626=CARTESIAN_POINT('',(-1.25,1.53080849893419E-16,14.));
#11627=CARTESIAN_POINT('',(-1.25,-1.53080849893419E-16,12.3));
#11628=CARTESIAN_POINT('Origin',(0.,0.,14.));
#11629=CARTESIAN_POINT('Origin',(0.,0.,10.5));
#11630=CARTESIAN_POINT('Origin',(2.3,7.8,8.7));
#11631=CARTESIAN_POINT('',(3.,7.8,9.));
#11632=CARTESIAN_POINT('',(2.3,8.5,9.));
#11633=CARTESIAN_POINT('Origin',(2.3,7.8,9.));
#11634=CARTESIAN_POINT('',(3.,7.8,6.8));
#11635=CARTESIAN_POINT('',(3.,7.8,8.7));
#11636=CARTESIAN_POINT('',(2.3,8.5,6.8));
#11637=CARTESIAN_POINT('Origin',(2.3,7.8,6.8));
#11638=CARTESIAN_POINT('',(2.3,8.5,8.7));
#11639=CARTESIAN_POINT('Origin',(0.,6.5,8.7));
#11640=CARTESIAN_POINT('',(-2.3,6.5,9.));
#11641=CARTESIAN_POINT('',(2.3,6.5,9.));
#11642=CARTESIAN_POINT('',(0.,6.5,9.));
#11643=CARTESIAN_POINT('',(-2.3,6.5,6.8));
#11644=CARTESIAN_POINT('',(-2.3,6.5,8.7));
#11645=CARTESIAN_POINT('',(2.3,6.5,6.8));
#11646=CARTESIAN_POINT('',(0.,6.5,6.8));
#11647=CARTESIAN_POINT('',(2.3,6.5,8.7));
#11648=CARTESIAN_POINT('Origin',(-2.3,7.2,8.7));
#11649=CARTESIAN_POINT('',(-3.,7.2,9.));
#11650=CARTESIAN_POINT('Origin',(-2.3,7.2,9.));
#11651=CARTESIAN_POINT('',(-3.,7.2,6.8));
#11652=CARTESIAN_POINT('',(-3.,7.2,8.7));
#11653=CARTESIAN_POINT('Origin',(-2.3,7.2,6.8));
#11654=CARTESIAN_POINT('Origin',(0.,7.5,6.8));
#11655=CARTESIAN_POINT('',(3.,7.2,6.8));
#11656=CARTESIAN_POINT('',(3.,7.5,6.8));
#11657=CARTESIAN_POINT('Origin',(2.3,7.2,6.8));
#11658=CARTESIAN_POINT('',(-3.,7.8,6.8));
#11659=CARTESIAN_POINT('',(-3.,7.5,6.8));
#11660=CARTESIAN_POINT('',(-2.3,8.5,6.8));
#11661=CARTESIAN_POINT('Origin',(-2.3,7.8,6.8));
#11662=CARTESIAN_POINT('',(0.,8.5,6.8));
#11663=CARTESIAN_POINT('Origin',(2.3,7.2,8.7));
#11664=CARTESIAN_POINT('',(3.,7.2,9.));
#11665=CARTESIAN_POINT('Origin',(2.3,7.2,9.));
#11666=CARTESIAN_POINT('',(3.,7.2,8.7));
#11667=CARTESIAN_POINT('Origin',(-2.3,7.8,8.7));
#11668=CARTESIAN_POINT('',(-2.3,8.5,9.));
#11669=CARTESIAN_POINT('',(-3.,7.8,9.));
#11670=CARTESIAN_POINT('Origin',(-2.3,7.8,9.));
#11671=CARTESIAN_POINT('',(-2.3,8.5,8.7));
#11672=CARTESIAN_POINT('',(-3.,7.8,8.7));
#11673=CARTESIAN_POINT('Origin',(0.,8.5,9.8));
#11674=CARTESIAN_POINT('',(3.,8.5,10.6));
#11675=CARTESIAN_POINT('',(-3.,8.5,10.6));
#11676=CARTESIAN_POINT('',(0.,8.5,10.6));
#11677=CARTESIAN_POINT('',(3.,8.5,9.));
#11678=CARTESIAN_POINT('',(3.,8.5,9.8));
#11679=CARTESIAN_POINT('',(0.,8.5,9.));
#11680=CARTESIAN_POINT('',(-3.,8.5,9.));
#11681=CARTESIAN_POINT('',(0.,8.5,9.));
#11682=CARTESIAN_POINT('',(-3.,8.5,9.8));
#11683=CARTESIAN_POINT('Origin',(0.,0.,9.));
#11684=CARTESIAN_POINT('',(-3.,0.,9.));
#11685=CARTESIAN_POINT('Origin',(0.,0.,9.));
#11686=CARTESIAN_POINT('',(3.,-7.2,9.));
#11687=CARTESIAN_POINT('',(3.,0.,9.));
#11688=CARTESIAN_POINT('',(2.3,-6.5,9.));
#11689=CARTESIAN_POINT('Origin',(2.3,-7.2,9.));
#11690=CARTESIAN_POINT('',(-2.3,-6.5,9.));
#11691=CARTESIAN_POINT('',(0.,-6.5,9.));
#11692=CARTESIAN_POINT('',(-3.,-7.2,9.));
#11693=CARTESIAN_POINT('Origin',(-2.3,-7.2,9.));
#11694=CARTESIAN_POINT('',(-3.,0.,9.));
#11695=CARTESIAN_POINT('Origin',(3.,0.,11.6));
#11696=CARTESIAN_POINT('',(3.,2.,10.6));
#11697=CARTESIAN_POINT('',(3.,0.,10.6));
#11698=CARTESIAN_POINT('',(3.,2.,14.));
#11699=CARTESIAN_POINT('',(3.,2.,11.6));
#11700=CARTESIAN_POINT('',(3.,-2.,14.));
#11701=CARTESIAN_POINT('',(3.,0.,14.));
#11702=CARTESIAN_POINT('',(3.,-2.,10.6));
#11703=CARTESIAN_POINT('',(3.,-2.,11.6));
#11704=CARTESIAN_POINT('',(3.,-8.5,10.6));
#11705=CARTESIAN_POINT('',(3.,0.,10.6));
#11706=CARTESIAN_POINT('',(3.,-8.5,9.));
#11707=CARTESIAN_POINT('',(3.,-8.5,9.8));
#11708=CARTESIAN_POINT('',(3.,-7.8,9.));
#11709=CARTESIAN_POINT('',(3.,0.,9.));
#11710=CARTESIAN_POINT('',(3.,-7.8,6.8));
#11711=CARTESIAN_POINT('',(3.,-7.8,8.7));
#11712=CARTESIAN_POINT('',(3.,-7.2,6.8));
#11713=CARTESIAN_POINT('',(3.,-7.5,6.8));
#11714=CARTESIAN_POINT('',(3.,-7.2,8.7));
#11715=CARTESIAN_POINT('',(3.,0.,9.));
#11716=CARTESIAN_POINT('Origin',(0.,0.,10.6));
#11717=CARTESIAN_POINT('',(-3.,2.,10.6));
#11718=CARTESIAN_POINT('',(-3.,0.,10.6));
#11719=CARTESIAN_POINT('',(0.,2.,10.6));
#11720=CARTESIAN_POINT('Origin',(-3.,0.,11.6));
#11721=CARTESIAN_POINT('',(-3.,-7.2,6.8));
#11722=CARTESIAN_POINT('',(-3.,-7.2,8.7));
#11723=CARTESIAN_POINT('',(-3.,-7.8,6.8));
#11724=CARTESIAN_POINT('',(-3.,-7.5,6.8));
#11725=CARTESIAN_POINT('',(-3.,-7.8,9.));
#11726=CARTESIAN_POINT('',(-3.,-7.8,8.7));
#11727=CARTESIAN_POINT('',(-3.,-8.5,9.));
#11728=CARTESIAN_POINT('',(-3.,0.,9.));
#11729=CARTESIAN_POINT('',(-3.,-8.5,10.6));
#11730=CARTESIAN_POINT('',(-3.,-8.5,9.8));
#11731=CARTESIAN_POINT('',(-3.,-2.,10.6));
#11732=CARTESIAN_POINT('',(-3.,0.,10.6));
#11733=CARTESIAN_POINT('',(-3.,-2.,14.));
#11734=CARTESIAN_POINT('',(-3.,-2.,11.6));
#11735=CARTESIAN_POINT('',(-3.,2.,14.));
#11736=CARTESIAN_POINT('',(-3.,0.,14.));
#11737=CARTESIAN_POINT('',(-3.,2.,11.6));
#11738=CARTESIAN_POINT('Origin',(2.3,-7.2,8.7));
#11739=CARTESIAN_POINT('',(2.3,-6.5,6.8));
#11740=CARTESIAN_POINT('Origin',(2.3,-7.2,6.8));
#11741=CARTESIAN_POINT('',(2.3,-6.5,8.7));
#11742=CARTESIAN_POINT('Origin',(2.3,-7.8,8.7));
#11743=CARTESIAN_POINT('',(2.3,-8.5,9.));
#11744=CARTESIAN_POINT('Origin',(2.3,-7.8,9.));
#11745=CARTESIAN_POINT('',(2.3,-8.5,6.8));
#11746=CARTESIAN_POINT('',(2.3,-8.5,8.7));
#11747=CARTESIAN_POINT('Origin',(2.3,-7.8,6.8));
#11748=CARTESIAN_POINT('Origin',(-2.3,-7.8,8.7));
#11749=CARTESIAN_POINT('',(-2.3,-8.5,9.));
#11750=CARTESIAN_POINT('Origin',(-2.3,-7.8,9.));
#11751=CARTESIAN_POINT('',(-2.3,-8.5,6.8));
#11752=CARTESIAN_POINT('Origin',(-2.3,-7.8,6.8));
#11753=CARTESIAN_POINT('',(-2.3,-8.5,8.7));
#11754=CARTESIAN_POINT('Origin',(0.,-7.5,6.8));
#11755=CARTESIAN_POINT('',(0.,-8.5,6.8));
#11756=CARTESIAN_POINT('',(-2.3,-6.5,6.8));
#11757=CARTESIAN_POINT('Origin',(-2.3,-7.2,6.8));
#11758=CARTESIAN_POINT('',(0.,-6.5,6.8));
#11759=CARTESIAN_POINT('Origin',(-2.3,-7.2,8.7));
#11760=CARTESIAN_POINT('',(-2.3,-6.5,8.7));
#11761=CARTESIAN_POINT('Origin',(0.,-6.5,8.7));
#11762=CARTESIAN_POINT('Origin',(0.,-8.5,9.8));
#11763=CARTESIAN_POINT('',(0.,-8.5,10.6));
#11764=CARTESIAN_POINT('',(0.,-8.5,9.));
#11765=CARTESIAN_POINT('',(0.,-8.5,9.));
#11766=CARTESIAN_POINT('Origin',(0.,0.,10.6));
#11767=CARTESIAN_POINT('',(0.,-2.,10.6));
#11768=CARTESIAN_POINT('Origin',(0.,0.,9.));
#11769=CARTESIAN_POINT('Origin',(0.,0.,9.));
#11770=CARTESIAN_POINT('Origin',(0.,0.,9.));
#11771=CARTESIAN_POINT('Origin',(0.,-2.,11.6));
#11772=CARTESIAN_POINT('',(0.,-2.,14.));
#11773=CARTESIAN_POINT('Origin',(0.,0.,14.));
#11774=CARTESIAN_POINT('',(0.,2.,14.));
#11775=CARTESIAN_POINT('Origin',(0.,2.,11.6));
#11776=CARTESIAN_POINT('Origin',(43.5,16.,34.3));
#11777=CARTESIAN_POINT('',(43.5,16.9,35.3));
#11778=CARTESIAN_POINT('',(43.5,15.1,35.3));
#11779=CARTESIAN_POINT('Origin',(43.5,16.,35.3));
#11780=CARTESIAN_POINT('',(43.5,16.9,33.3));
#11781=CARTESIAN_POINT('',(43.5,16.9,34.3));
#11782=CARTESIAN_POINT('',(43.5,15.1,33.3));
#11783=CARTESIAN_POINT('Origin',(43.5,16.,33.3));
#11784=CARTESIAN_POINT('',(43.5,15.1,34.3));
#11785=CARTESIAN_POINT('Origin',(41.5,15.1,34.3));
#11786=CARTESIAN_POINT('',(39.5,15.1,35.3));
#11787=CARTESIAN_POINT('',(27.,15.1,35.3));
#11788=CARTESIAN_POINT('',(39.5,15.1,33.3));
#11789=CARTESIAN_POINT('',(27.,15.1,33.3));
#11790=CARTESIAN_POINT('',(39.5,15.1,34.3));
#11791=CARTESIAN_POINT('Origin',(39.5,16.,34.3));
#11792=CARTESIAN_POINT('',(39.5,16.9,35.3));
#11793=CARTESIAN_POINT('Origin',(39.5,16.,35.3));
#11794=CARTESIAN_POINT('',(39.5,16.9,33.3));
#11795=CARTESIAN_POINT('Origin',(39.5,16.,33.3));
#11796=CARTESIAN_POINT('',(39.5,16.9,34.3));
#11797=CARTESIAN_POINT('Origin',(41.5,16.9,34.3));
#11798=CARTESIAN_POINT('',(27.,16.9,35.3));
#11799=CARTESIAN_POINT('',(27.,16.9,33.3));
#11800=CARTESIAN_POINT('Origin',(41.5,11.5,38.3));
#11801=CARTESIAN_POINT('',(40.3,11.5,39.3));
#11802=CARTESIAN_POINT('Origin',(41.5,11.5,39.3));
#11803=CARTESIAN_POINT('',(40.3,11.5,37.3));
#11804=CARTESIAN_POINT('',(40.3,11.5,38.3));
#11805=CARTESIAN_POINT('Origin',(41.5,11.5,37.3));
#11806=CARTESIAN_POINT('Origin',(41.5,11.5,39.3));
#11807=CARTESIAN_POINT('Origin',(41.5,11.5,36.3));
#11808=CARTESIAN_POINT('',(38.8,11.5,37.3));
#11809=CARTESIAN_POINT('Origin',(41.5,11.5,37.3));
#11810=CARTESIAN_POINT('',(38.8,11.5,35.3));
#11811=CARTESIAN_POINT('',(38.8,11.5,36.3));
#11812=CARTESIAN_POINT('Origin',(41.5,11.5,35.3));
#11813=CARTESIAN_POINT('Origin',(41.5,11.5,37.3));
#11814=CARTESIAN_POINT('Origin',(43.5,-16.,34.3));
#11815=CARTESIAN_POINT('',(43.5,-15.1,35.3));
#11816=CARTESIAN_POINT('',(43.5,-16.9,35.3));
#11817=CARTESIAN_POINT('Origin',(43.5,-16.,35.3));
#11818=CARTESIAN_POINT('',(43.5,-15.1,33.3));
#11819=CARTESIAN_POINT('',(43.5,-15.1,34.3));
#11820=CARTESIAN_POINT('',(43.5,-16.9,33.3));
#11821=CARTESIAN_POINT('Origin',(43.5,-16.,33.3));
#11822=CARTESIAN_POINT('',(43.5,-16.9,34.3));
#11823=CARTESIAN_POINT('Origin',(41.5,-16.9,34.3));
#11824=CARTESIAN_POINT('',(39.5,-16.9,35.3));
#11825=CARTESIAN_POINT('',(27.,-16.9,35.3));
#11826=CARTESIAN_POINT('',(39.5,-16.9,33.3));
#11827=CARTESIAN_POINT('',(27.,-16.9,33.3));
#11828=CARTESIAN_POINT('',(39.5,-16.9,34.3));
#11829=CARTESIAN_POINT('Origin',(39.5,-16.,34.3));
#11830=CARTESIAN_POINT('',(39.5,-15.1,35.3));
#11831=CARTESIAN_POINT('Origin',(39.5,-16.,35.3));
#11832=CARTESIAN_POINT('',(39.5,-15.1,33.3));
#11833=CARTESIAN_POINT('Origin',(39.5,-16.,33.3));
#11834=CARTESIAN_POINT('',(39.5,-15.1,34.3));
#11835=CARTESIAN_POINT('Origin',(41.5,-15.1,34.3));
#11836=CARTESIAN_POINT('',(27.,-15.1,35.3));
#11837=CARTESIAN_POINT('',(27.,-15.1,33.3));
#11838=CARTESIAN_POINT('Origin',(41.5,-11.5,38.3));
#11839=CARTESIAN_POINT('',(40.3,-11.5,39.3));
#11840=CARTESIAN_POINT('Origin',(41.5,-11.5,39.3));
#11841=CARTESIAN_POINT('',(40.3,-11.5,37.3));
#11842=CARTESIAN_POINT('',(40.3,-11.5,38.3));
#11843=CARTESIAN_POINT('Origin',(41.5,-11.5,37.3));
#11844=CARTESIAN_POINT('Origin',(41.5,-11.5,39.3));
#11845=CARTESIAN_POINT('Origin',(41.5,-11.5,36.3));
#11846=CARTESIAN_POINT('',(38.8,-11.5,37.3));
#11847=CARTESIAN_POINT('Origin',(41.5,-11.5,37.3));
#11848=CARTESIAN_POINT('',(38.8,-11.5,35.3));
#11849=CARTESIAN_POINT('',(38.8,-11.5,36.3));
#11850=CARTESIAN_POINT('Origin',(41.5,-11.5,35.3));
#11851=CARTESIAN_POINT('Origin',(41.5,-11.5,37.3));
#11852=CARTESIAN_POINT('Origin',(-14.5,16.,34.3));
#11853=CARTESIAN_POINT('',(-14.5,16.9,35.3));
#11854=CARTESIAN_POINT('',(-14.5,15.1,35.3));
#11855=CARTESIAN_POINT('Origin',(-14.5,16.,35.3));
#11856=CARTESIAN_POINT('',(-14.5,16.9,33.3));
#11857=CARTESIAN_POINT('',(-14.5,16.9,34.3));
#11858=CARTESIAN_POINT('',(-14.5,15.1,33.3));
#11859=CARTESIAN_POINT('Origin',(-14.5,16.,33.3));
#11860=CARTESIAN_POINT('',(-14.5,15.1,34.3));
#11861=CARTESIAN_POINT('Origin',(-16.5,15.1,34.3));
#11862=CARTESIAN_POINT('',(-18.5,15.1,35.3));
#11863=CARTESIAN_POINT('',(-2.,15.1,35.3));
#11864=CARTESIAN_POINT('',(-18.5,15.1,33.3));
#11865=CARTESIAN_POINT('',(-2.,15.1,33.3));
#11866=CARTESIAN_POINT('',(-18.5,15.1,34.3));
#11867=CARTESIAN_POINT('Origin',(-18.5,16.,34.3));
#11868=CARTESIAN_POINT('',(-18.5,16.9,35.3));
#11869=CARTESIAN_POINT('Origin',(-18.5,16.,35.3));
#11870=CARTESIAN_POINT('',(-18.5,16.9,33.3));
#11871=CARTESIAN_POINT('Origin',(-18.5,16.,33.3));
#11872=CARTESIAN_POINT('',(-18.5,16.9,34.3));
#11873=CARTESIAN_POINT('Origin',(-16.5,16.9,34.3));
#11874=CARTESIAN_POINT('',(-2.,16.9,35.3));
#11875=CARTESIAN_POINT('',(-2.,16.9,33.3));
#11876=CARTESIAN_POINT('Origin',(-16.5,11.5,38.3));
#11877=CARTESIAN_POINT('',(-17.7,11.5,39.3));
#11878=CARTESIAN_POINT('Origin',(-16.5,11.5,39.3));
#11879=CARTESIAN_POINT('',(-17.7,11.5,37.3));
#11880=CARTESIAN_POINT('',(-17.7,11.5,38.3));
#11881=CARTESIAN_POINT('Origin',(-16.5,11.5,37.3));
#11882=CARTESIAN_POINT('Origin',(-16.5,11.5,39.3));
#11883=CARTESIAN_POINT('Origin',(-16.5,11.5,36.3));
#11884=CARTESIAN_POINT('',(-19.2,11.5,37.3));
#11885=CARTESIAN_POINT('Origin',(-16.5,11.5,37.3));
#11886=CARTESIAN_POINT('',(-19.2,11.5,35.3));
#11887=CARTESIAN_POINT('',(-19.2,11.5,36.3));
#11888=CARTESIAN_POINT('Origin',(-16.5,11.5,35.3));
#11889=CARTESIAN_POINT('Origin',(-16.5,11.5,37.3));
#11890=CARTESIAN_POINT('Origin',(-14.5,-16.,34.3));
#11891=CARTESIAN_POINT('',(-14.5,-15.1,35.3));
#11892=CARTESIAN_POINT('',(-14.5,-16.9,35.3));
#11893=CARTESIAN_POINT('Origin',(-14.5,-16.,35.3));
#11894=CARTESIAN_POINT('',(-14.5,-15.1,33.3));
#11895=CARTESIAN_POINT('',(-14.5,-15.1,34.3));
#11896=CARTESIAN_POINT('',(-14.5,-16.9,33.3));
#11897=CARTESIAN_POINT('Origin',(-14.5,-16.,33.3));
#11898=CARTESIAN_POINT('',(-14.5,-16.9,34.3));
#11899=CARTESIAN_POINT('Origin',(-16.5,-16.9,34.3));
#11900=CARTESIAN_POINT('',(-18.5,-16.9,35.3));
#11901=CARTESIAN_POINT('',(-2.,-16.9,35.3));
#11902=CARTESIAN_POINT('',(-18.5,-16.9,33.3));
#11903=CARTESIAN_POINT('',(-2.,-16.9,33.3));
#11904=CARTESIAN_POINT('',(-18.5,-16.9,34.3));
#11905=CARTESIAN_POINT('Origin',(-18.5,-16.,34.3));
#11906=CARTESIAN_POINT('',(-18.5,-15.1,35.3));
#11907=CARTESIAN_POINT('Origin',(-18.5,-16.,35.3));
#11908=CARTESIAN_POINT('',(-18.5,-15.1,33.3));
#11909=CARTESIAN_POINT('Origin',(-18.5,-16.,33.3));
#11910=CARTESIAN_POINT('',(-18.5,-15.1,34.3));
#11911=CARTESIAN_POINT('Origin',(-16.5,-15.1,34.3));
#11912=CARTESIAN_POINT('',(-2.,-15.1,35.3));
#11913=CARTESIAN_POINT('',(-2.,-15.1,33.3));
#11914=CARTESIAN_POINT('Origin',(-16.5,-11.5,38.3));
#11915=CARTESIAN_POINT('',(-17.7,-11.5,39.3));
#11916=CARTESIAN_POINT('Origin',(-16.5,-11.5,39.3));
#11917=CARTESIAN_POINT('',(-17.7,-11.5,37.3));
#11918=CARTESIAN_POINT('',(-17.7,-11.5,38.3));
#11919=CARTESIAN_POINT('Origin',(-16.5,-11.5,37.3));
#11920=CARTESIAN_POINT('Origin',(-16.5,-11.5,39.3));
#11921=CARTESIAN_POINT('Origin',(-16.5,-11.5,36.3));
#11922=CARTESIAN_POINT('',(-19.2,-11.5,37.3));
#11923=CARTESIAN_POINT('Origin',(-16.5,-11.5,37.3));
#11924=CARTESIAN_POINT('',(-19.2,-11.5,35.3));
#11925=CARTESIAN_POINT('',(-19.2,-11.5,36.3));
#11926=CARTESIAN_POINT('Origin',(-16.5,-11.5,35.3));
#11927=CARTESIAN_POINT('Origin',(-16.5,-11.5,37.3));
#11928=CARTESIAN_POINT('Origin',(50.,25.,34.3));
#11929=CARTESIAN_POINT('',(48.3,25.,33.3));
#11930=CARTESIAN_POINT('Origin',(50.,25.,33.3));
#11931=CARTESIAN_POINT('',(48.3,25.,35.3));
#11932=CARTESIAN_POINT('',(48.3,25.,34.3));
#11933=CARTESIAN_POINT('Origin',(50.,25.,35.3));
#11934=CARTESIAN_POINT('Origin',(44.,-25.,34.3));
#11935=CARTESIAN_POINT('',(42.3,-25.,33.3));
#11936=CARTESIAN_POINT('Origin',(44.,-25.,33.3));
#11937=CARTESIAN_POINT('',(42.3,-25.,35.3));
#11938=CARTESIAN_POINT('',(42.3,-25.,34.3));
#11939=CARTESIAN_POINT('Origin',(44.,-25.,35.3));
#11940=CARTESIAN_POINT('Origin',(-25.,25.,34.3));
#11941=CARTESIAN_POINT('',(-26.7,25.,33.3));
#11942=CARTESIAN_POINT('Origin',(-25.,25.,33.3));
#11943=CARTESIAN_POINT('',(-26.7,25.,35.3));
#11944=CARTESIAN_POINT('',(-26.7,25.,34.3));
#11945=CARTESIAN_POINT('Origin',(-25.,25.,35.3));
#11946=CARTESIAN_POINT('Origin',(-25.,-25.,34.3));
#11947=CARTESIAN_POINT('',(-26.7,-25.,33.3));
#11948=CARTESIAN_POINT('Origin',(-25.,-25.,33.3));
#11949=CARTESIAN_POINT('',(-26.7,-25.,35.3));
#11950=CARTESIAN_POINT('',(-26.7,-25.,34.3));
#11951=CARTESIAN_POINT('Origin',(-25.,-25.,35.3));
#11952=CARTESIAN_POINT('Origin',(32.,21.,34.3));
#11953=CARTESIAN_POINT('',(32.,23.,35.3));
#11954=CARTESIAN_POINT('',(34.,21.,35.3));
#11955=CARTESIAN_POINT('Origin',(32.,21.,35.3));
#11956=CARTESIAN_POINT('',(32.,23.,33.3));
#11957=CARTESIAN_POINT('',(32.,23.,34.3));
#11958=CARTESIAN_POINT('',(34.,21.,33.3));
#11959=CARTESIAN_POINT('Origin',(32.,21.,33.3));
#11960=CARTESIAN_POINT('',(34.,21.,34.3));
#11961=CARTESIAN_POINT('Origin',(34.,20.,34.3));
#11962=CARTESIAN_POINT('',(34.,19.,35.3));
#11963=CARTESIAN_POINT('',(34.,10.,35.3));
#11964=CARTESIAN_POINT('',(34.,19.,33.3));
#11965=CARTESIAN_POINT('',(34.,10.,33.3));
#11966=CARTESIAN_POINT('',(34.,19.,34.3));
#11967=CARTESIAN_POINT('Origin',(32.,19.,34.3));
#11968=CARTESIAN_POINT('',(32.,17.,35.3));
#11969=CARTESIAN_POINT('Origin',(32.,19.,35.3));
#11970=CARTESIAN_POINT('',(32.,17.,33.3));
#11971=CARTESIAN_POINT('Origin',(32.,19.,33.3));
#11972=CARTESIAN_POINT('',(32.,17.,34.3));
#11973=CARTESIAN_POINT('Origin',(7.5,17.,34.3));
#11974=CARTESIAN_POINT('',(-17.,17.,35.3));
#11975=CARTESIAN_POINT('',(10.,17.,35.3));
#11976=CARTESIAN_POINT('',(-17.,17.,33.3));
#11977=CARTESIAN_POINT('',(10.,17.,33.3));
#11978=CARTESIAN_POINT('',(-17.,17.,34.3));
#11979=CARTESIAN_POINT('Origin',(-17.,21.,34.3));
#11980=CARTESIAN_POINT('',(-19.,21.,35.3));
#11981=CARTESIAN_POINT('',(-17.,23.,35.3));
#11982=CARTESIAN_POINT('Origin',(-17.,21.,35.3));
#11983=CARTESIAN_POINT('',(-19.,21.,33.3));
#11984=CARTESIAN_POINT('',(-19.,21.,34.3));
#11985=CARTESIAN_POINT('',(-17.,23.,33.3));
#11986=CARTESIAN_POINT('Origin',(-17.,21.,33.3));
#11987=CARTESIAN_POINT('',(-17.,23.,34.3));
#11988=CARTESIAN_POINT('Origin',(-17.,19.,34.3));
#11989=CARTESIAN_POINT('',(-19.,19.,35.3));
#11990=CARTESIAN_POINT('Origin',(-17.,19.,35.3));
#11991=CARTESIAN_POINT('',(-19.,19.,33.3));
#11992=CARTESIAN_POINT('Origin',(-17.,19.,33.3));
#11993=CARTESIAN_POINT('',(-19.,19.,34.3));
#11994=CARTESIAN_POINT('Origin',(-19.,20.,34.3));
#11995=CARTESIAN_POINT('',(-19.,10.,35.3));
#11996=CARTESIAN_POINT('',(-19.,10.,33.3));
#11997=CARTESIAN_POINT('Origin',(7.5,23.,34.3));
#11998=CARTESIAN_POINT('',(10.,23.,35.3));
#11999=CARTESIAN_POINT('',(10.,23.,33.3));
#12000=CARTESIAN_POINT('Origin',(33.,5.,34.3));
#12001=CARTESIAN_POINT('',(33.,7.,35.3));
#12002=CARTESIAN_POINT('',(35.,5.,35.3));
#12003=CARTESIAN_POINT('Origin',(33.,5.,35.3));
#12004=CARTESIAN_POINT('',(33.,7.,33.3));
#12005=CARTESIAN_POINT('',(33.,7.,34.3));
#12006=CARTESIAN_POINT('',(35.,5.,33.3));
#12007=CARTESIAN_POINT('Origin',(33.,5.,33.3));
#12008=CARTESIAN_POINT('',(35.,5.,34.3));
#12009=CARTESIAN_POINT('Origin',(35.,0.,34.3));
#12010=CARTESIAN_POINT('',(35.,-5.,35.3));
#12011=CARTESIAN_POINT('',(35.,0.,35.3));
#12012=CARTESIAN_POINT('',(35.,-5.,33.3));
#12013=CARTESIAN_POINT('',(35.,0.,33.3));
#12014=CARTESIAN_POINT('',(35.,-5.,34.3));
#12015=CARTESIAN_POINT('Origin',(33.,-5.,34.3));
#12016=CARTESIAN_POINT('',(33.,-7.,35.3));
#12017=CARTESIAN_POINT('Origin',(33.,-5.,35.3));
#12018=CARTESIAN_POINT('',(33.,-7.,33.3));
#12019=CARTESIAN_POINT('Origin',(33.,-5.,33.3));
#12020=CARTESIAN_POINT('',(33.,-7.,34.3));
#12021=CARTESIAN_POINT('Origin',(10.5,-7.,34.3));
#12022=CARTESIAN_POINT('',(-12.,-7.,35.3));
#12023=CARTESIAN_POINT('',(11.5,-7.,35.3));
#12024=CARTESIAN_POINT('',(-12.,-7.,33.3));
#12025=CARTESIAN_POINT('',(11.5,-7.,33.3));
#12026=CARTESIAN_POINT('',(-12.,-7.,34.3));
#12027=CARTESIAN_POINT('Origin',(-12.,5.,34.3));
#12028=CARTESIAN_POINT('',(-14.,5.,35.3));
#12029=CARTESIAN_POINT('',(-12.,7.,35.3));
#12030=CARTESIAN_POINT('Origin',(-12.,5.,35.3));
#12031=CARTESIAN_POINT('',(-14.,5.,33.3));
#12032=CARTESIAN_POINT('',(-14.,5.,34.3));
#12033=CARTESIAN_POINT('',(-12.,7.,33.3));
#12034=CARTESIAN_POINT('Origin',(-12.,5.,33.3));
#12035=CARTESIAN_POINT('',(-12.,7.,34.3));
#12036=CARTESIAN_POINT('Origin',(-12.,-5.,34.3));
#12037=CARTESIAN_POINT('',(-14.,-5.,35.3));
#12038=CARTESIAN_POINT('Origin',(-12.,-5.,35.3));
#12039=CARTESIAN_POINT('',(-14.,-5.,33.3));
#12040=CARTESIAN_POINT('Origin',(-12.,-5.,33.3));
#12041=CARTESIAN_POINT('',(-14.,-5.,34.3));
#12042=CARTESIAN_POINT('Origin',(-14.,0.,34.3));
#12043=CARTESIAN_POINT('',(-14.,0.,35.3));
#12044=CARTESIAN_POINT('',(-14.,0.,33.3));
#12045=CARTESIAN_POINT('Origin',(10.5,7.,34.3));
#12046=CARTESIAN_POINT('',(11.5,7.,35.3));
#12047=CARTESIAN_POINT('',(11.5,7.,33.3));
#12048=CARTESIAN_POINT('Origin',(51.,26.,34.3));
#12049=CARTESIAN_POINT('',(54.,26.,35.3));
#12050=CARTESIAN_POINT('',(54.,26.,33.3));
#12051=CARTESIAN_POINT('',(54.,26.,34.3));
#12052=CARTESIAN_POINT('',(51.,29.,33.3));
#12053=CARTESIAN_POINT('Origin',(51.,26.,33.3));
#12054=CARTESIAN_POINT('',(51.,29.,35.3));
#12055=CARTESIAN_POINT('',(51.,29.,34.3));
#12056=CARTESIAN_POINT('Origin',(51.,26.,35.3));
#12057=CARTESIAN_POINT('Origin',(12.5,0.,35.3));
#12058=CARTESIAN_POINT('',(-26.,29.,35.3));
#12059=CARTESIAN_POINT('',(12.5,29.,35.3));
#12060=CARTESIAN_POINT('',(-29.,26.,35.3));
#12061=CARTESIAN_POINT('Origin',(-26.,26.,35.3));
#12062=CARTESIAN_POINT('',(-29.,-26.,35.3));
#12063=CARTESIAN_POINT('',(-29.,0.,35.3));
#12064=CARTESIAN_POINT('',(-26.,-29.,35.3));
#12065=CARTESIAN_POINT('Origin',(-26.,-26.,35.3));
#12066=CARTESIAN_POINT('',(51.,-29.,35.3));
#12067=CARTESIAN_POINT('',(12.5,-29.,35.3));
#12068=CARTESIAN_POINT('',(54.,-26.,35.3));
#12069=CARTESIAN_POINT('Origin',(51.,-26.,35.3));
#12070=CARTESIAN_POINT('',(54.,0.,35.3));
#12071=CARTESIAN_POINT('Origin',(51.,-26.,34.3));
#12072=CARTESIAN_POINT('',(51.,-29.,33.3));
#12073=CARTESIAN_POINT('',(51.,-29.,34.3));
#12074=CARTESIAN_POINT('',(54.,-26.,33.3));
#12075=CARTESIAN_POINT('Origin',(51.,-26.,33.3));
#12076=CARTESIAN_POINT('',(54.,-26.,34.3));
#12077=CARTESIAN_POINT('Origin',(-26.,26.,34.3));
#12078=CARTESIAN_POINT('',(-29.,26.,33.3));
#12079=CARTESIAN_POINT('',(-29.,26.,34.3));
#12080=CARTESIAN_POINT('',(-26.,29.,33.3));
#12081=CARTESIAN_POINT('',(-26.,29.,34.3));
#12082=CARTESIAN_POINT('Origin',(-26.,26.,33.3));
#12083=CARTESIAN_POINT('Origin',(12.5,0.,33.3));
#12084=CARTESIAN_POINT('',(54.,0.,33.3));
#12085=CARTESIAN_POINT('',(-26.,-29.,33.3));
#12086=CARTESIAN_POINT('',(12.5,-29.,33.3));
#12087=CARTESIAN_POINT('',(-29.,-26.,33.3));
#12088=CARTESIAN_POINT('Origin',(-26.,-26.,33.3));
#12089=CARTESIAN_POINT('',(-29.,0.,33.3));
#12090=CARTESIAN_POINT('',(12.5,29.,33.3));
#12091=CARTESIAN_POINT('Origin',(-26.,-26.,34.3));
#12092=CARTESIAN_POINT('',(-26.,-29.,34.3));
#12093=CARTESIAN_POINT('',(-29.,-26.,34.3));
#12094=CARTESIAN_POINT('Origin',(-29.,0.,34.3));
#12095=CARTESIAN_POINT('Origin',(54.,0.,34.3));
#12096=CARTESIAN_POINT('Origin',(12.5,-29.,34.3));
#12097=CARTESIAN_POINT('Origin',(12.5,29.,34.3));
#12098=CARTESIAN_POINT('Origin',(29.,7.5,52.));
#12099=CARTESIAN_POINT('',(29.,6.6,51.));
#12100=CARTESIAN_POINT('',(29.,8.4,51.));
#12101=CARTESIAN_POINT('Origin',(29.,7.5,51.));
#12102=CARTESIAN_POINT('',(29.,6.6,53.));
#12103=CARTESIAN_POINT('',(29.,6.6,52.));
#12104=CARTESIAN_POINT('',(29.,8.4,53.));
#12105=CARTESIAN_POINT('Origin',(29.,7.5,53.));
#12106=CARTESIAN_POINT('',(29.,8.4,52.));
#12107=CARTESIAN_POINT('Origin',(8.5,8.4,52.));
#12108=CARTESIAN_POINT('',(-12.,8.4,51.));
#12109=CARTESIAN_POINT('',(10.,8.4,51.));
#12110=CARTESIAN_POINT('',(-12.,8.4,53.));
#12111=CARTESIAN_POINT('',(10.,8.4,53.));
#12112=CARTESIAN_POINT('',(-12.,8.4,52.));
#12113=CARTESIAN_POINT('Origin',(-12.,7.5,52.));
#12114=CARTESIAN_POINT('',(-12.,6.6,51.));
#12115=CARTESIAN_POINT('Origin',(-12.,7.5,51.));
#12116=CARTESIAN_POINT('',(-12.,6.6,53.));
#12117=CARTESIAN_POINT('Origin',(-12.,7.5,53.));
#12118=CARTESIAN_POINT('',(-12.,6.6,52.));
#12119=CARTESIAN_POINT('Origin',(8.5,6.6,52.));
#12120=CARTESIAN_POINT('',(10.,6.6,51.));
#12121=CARTESIAN_POINT('',(10.,6.6,53.));
#12122=CARTESIAN_POINT('Origin',(29.,2.5,52.));
#12123=CARTESIAN_POINT('',(29.,1.6,51.));
#12124=CARTESIAN_POINT('',(29.,3.4,51.));
#12125=CARTESIAN_POINT('Origin',(29.,2.5,51.));
#12126=CARTESIAN_POINT('',(29.,1.6,53.));
#12127=CARTESIAN_POINT('',(29.,1.6,52.));
#12128=CARTESIAN_POINT('',(29.,3.4,53.));
#12129=CARTESIAN_POINT('Origin',(29.,2.5,53.));
#12130=CARTESIAN_POINT('',(29.,3.4,52.));
#12131=CARTESIAN_POINT('Origin',(8.5,3.4,52.));
#12132=CARTESIAN_POINT('',(-12.,3.4,51.));
#12133=CARTESIAN_POINT('',(10.,3.4,51.));
#12134=CARTESIAN_POINT('',(-12.,3.4,53.));
#12135=CARTESIAN_POINT('',(10.,3.4,53.));
#12136=CARTESIAN_POINT('',(-12.,3.4,52.));
#12137=CARTESIAN_POINT('Origin',(-12.,2.5,52.));
#12138=CARTESIAN_POINT('',(-12.,1.6,51.));
#12139=CARTESIAN_POINT('Origin',(-12.,2.5,51.));
#12140=CARTESIAN_POINT('',(-12.,1.6,53.));
#12141=CARTESIAN_POINT('Origin',(-12.,2.5,53.));
#12142=CARTESIAN_POINT('',(-12.,1.6,52.));
#12143=CARTESIAN_POINT('Origin',(8.5,1.6,52.));
#12144=CARTESIAN_POINT('',(10.,1.6,51.));
#12145=CARTESIAN_POINT('',(10.,1.6,53.));
#12146=CARTESIAN_POINT('Origin',(29.,-2.5,52.));
#12147=CARTESIAN_POINT('',(29.,-3.4,51.));
#12148=CARTESIAN_POINT('',(29.,-1.6,51.));
#12149=CARTESIAN_POINT('Origin',(29.,-2.5,51.));
#12150=CARTESIAN_POINT('',(29.,-3.4,53.));
#12151=CARTESIAN_POINT('',(29.,-3.4,52.));
#12152=CARTESIAN_POINT('',(29.,-1.6,53.));
#12153=CARTESIAN_POINT('Origin',(29.,-2.5,53.));
#12154=CARTESIAN_POINT('',(29.,-1.6,52.));
#12155=CARTESIAN_POINT('Origin',(8.5,-1.6,52.));
#12156=CARTESIAN_POINT('',(-12.,-1.6,51.));
#12157=CARTESIAN_POINT('',(10.,-1.6,51.));
#12158=CARTESIAN_POINT('',(-12.,-1.6,53.));
#12159=CARTESIAN_POINT('',(10.,-1.6,53.));
#12160=CARTESIAN_POINT('',(-12.,-1.6,52.));
#12161=CARTESIAN_POINT('Origin',(-12.,-2.5,52.));
#12162=CARTESIAN_POINT('',(-12.,-3.4,51.));
#12163=CARTESIAN_POINT('Origin',(-12.,-2.5,51.));
#12164=CARTESIAN_POINT('',(-12.,-3.4,53.));
#12165=CARTESIAN_POINT('Origin',(-12.,-2.5,53.));
#12166=CARTESIAN_POINT('',(-12.,-3.4,52.));
#12167=CARTESIAN_POINT('Origin',(8.5,-3.4,52.));
#12168=CARTESIAN_POINT('',(10.,-3.4,51.));
#12169=CARTESIAN_POINT('',(10.,-3.4,53.));
#12170=CARTESIAN_POINT('Origin',(29.,-7.5,52.));
#12171=CARTESIAN_POINT('',(29.,-8.4,51.));
#12172=CARTESIAN_POINT('',(29.,-6.6,51.));
#12173=CARTESIAN_POINT('Origin',(29.,-7.5,51.));
#12174=CARTESIAN_POINT('',(29.,-8.4,53.));
#12175=CARTESIAN_POINT('',(29.,-8.4,52.));
#12176=CARTESIAN_POINT('',(29.,-6.6,53.));
#12177=CARTESIAN_POINT('Origin',(29.,-7.5,53.));
#12178=CARTESIAN_POINT('',(29.,-6.6,52.));
#12179=CARTESIAN_POINT('Origin',(8.5,-6.6,52.));
#12180=CARTESIAN_POINT('',(-12.,-6.6,51.));
#12181=CARTESIAN_POINT('',(10.,-6.6,51.));
#12182=CARTESIAN_POINT('',(-12.,-6.6,53.));
#12183=CARTESIAN_POINT('',(10.,-6.6,53.));
#12184=CARTESIAN_POINT('',(-12.,-6.6,52.));
#12185=CARTESIAN_POINT('Origin',(-12.,-7.5,52.));
#12186=CARTESIAN_POINT('',(-12.,-8.4,51.));
#12187=CARTESIAN_POINT('Origin',(-12.,-7.5,51.));
#12188=CARTESIAN_POINT('',(-12.,-8.4,53.));
#12189=CARTESIAN_POINT('Origin',(-12.,-7.5,53.));
#12190=CARTESIAN_POINT('',(-12.,-8.4,52.));
#12191=CARTESIAN_POINT('Origin',(8.5,-8.4,52.));
#12192=CARTESIAN_POINT('',(10.,-8.4,51.));
#12193=CARTESIAN_POINT('',(10.,-8.4,53.));
#12194=CARTESIAN_POINT('Origin',(50.,25.,51.8));
#12195=CARTESIAN_POINT('',(46.9,25.,50.5));
#12196=CARTESIAN_POINT('Origin',(50.,25.,50.5));
#12197=CARTESIAN_POINT('',(46.9,25.,53.));
#12198=CARTESIAN_POINT('',(46.9,25.,51.8));
#12199=CARTESIAN_POINT('Origin',(50.,25.,53.));
#12200=CARTESIAN_POINT('Origin',(50.,25.,50.5));
#12201=CARTESIAN_POINT('',(48.3,25.,50.5));
#12202=CARTESIAN_POINT('Origin',(50.,25.,50.5));
#12203=CARTESIAN_POINT('Origin',(50.,25.,44.3));
#12204=CARTESIAN_POINT('',(48.3,25.,35.6));
#12205=CARTESIAN_POINT('Origin',(50.,25.,35.6));
#12206=CARTESIAN_POINT('',(48.3,25.,44.3));
#12207=CARTESIAN_POINT('Origin',(50.,25.,43.4));
#12208=CARTESIAN_POINT('',(46.5,25.,51.));
#12209=CARTESIAN_POINT('Origin',(50.,25.,51.));
#12210=CARTESIAN_POINT('',(46.5,25.,35.6));
#12211=CARTESIAN_POINT('',(46.5,25.,43.4));
#12212=CARTESIAN_POINT('Origin',(50.,25.,35.6));
#12213=CARTESIAN_POINT('Origin',(50.,25.,35.6));
#12214=CARTESIAN_POINT('Origin',(44.,-25.,51.8));
#12215=CARTESIAN_POINT('',(40.9,-25.,50.5));
#12216=CARTESIAN_POINT('Origin',(44.,-25.,50.5));
#12217=CARTESIAN_POINT('',(40.9,-25.,53.));
#12218=CARTESIAN_POINT('',(40.9,-25.,51.8));
#12219=CARTESIAN_POINT('Origin',(44.,-25.,53.));
#12220=CARTESIAN_POINT('Origin',(44.,-25.,50.5));
#12221=CARTESIAN_POINT('',(42.3,-25.,50.5));
#12222=CARTESIAN_POINT('Origin',(44.,-25.,50.5));
#12223=CARTESIAN_POINT('Origin',(44.,-25.,44.3));
#12224=CARTESIAN_POINT('',(42.3,-25.,35.6));
#12225=CARTESIAN_POINT('Origin',(44.,-25.,35.6));
#12226=CARTESIAN_POINT('',(42.3,-25.,44.3));
#12227=CARTESIAN_POINT('Origin',(44.,-25.,43.4));
#12228=CARTESIAN_POINT('',(40.5,-25.,51.));
#12229=CARTESIAN_POINT('Origin',(44.,-25.,51.));
#12230=CARTESIAN_POINT('',(40.5,-25.,35.6));
#12231=CARTESIAN_POINT('',(40.5,-25.,43.4));
#12232=CARTESIAN_POINT('Origin',(44.,-25.,35.6));
#12233=CARTESIAN_POINT('Origin',(44.,-25.,35.6));
#12234=CARTESIAN_POINT('Origin',(-25.,25.,51.8));
#12235=CARTESIAN_POINT('',(-28.1,25.,50.5));
#12236=CARTESIAN_POINT('Origin',(-25.,25.,50.5));
#12237=CARTESIAN_POINT('',(-28.1,25.,53.));
#12238=CARTESIAN_POINT('',(-28.1,25.,51.8));
#12239=CARTESIAN_POINT('Origin',(-25.,25.,53.));
#12240=CARTESIAN_POINT('Origin',(-25.,25.,50.5));
#12241=CARTESIAN_POINT('',(-26.7,25.,50.5));
#12242=CARTESIAN_POINT('Origin',(-25.,25.,50.5));
#12243=CARTESIAN_POINT('Origin',(-25.,25.,44.3));
#12244=CARTESIAN_POINT('',(-26.7,25.,35.6));
#12245=CARTESIAN_POINT('Origin',(-25.,25.,35.6));
#12246=CARTESIAN_POINT('',(-26.7,25.,44.3));
#12247=CARTESIAN_POINT('Origin',(-25.,25.,43.4));
#12248=CARTESIAN_POINT('',(-28.5,25.,51.));
#12249=CARTESIAN_POINT('Origin',(-25.,25.,51.));
#12250=CARTESIAN_POINT('',(-28.5,25.,35.6));
#12251=CARTESIAN_POINT('',(-28.5,25.,43.4));
#12252=CARTESIAN_POINT('Origin',(-25.,25.,35.6));
#12253=CARTESIAN_POINT('Origin',(-25.,25.,35.6));
#12254=CARTESIAN_POINT('Origin',(-25.,-25.,51.8));
#12255=CARTESIAN_POINT('',(-28.1,-25.,50.5));
#12256=CARTESIAN_POINT('Origin',(-25.,-25.,50.5));
#12257=CARTESIAN_POINT('',(-28.1,-25.,53.));
#12258=CARTESIAN_POINT('',(-28.1,-25.,51.8));
#12259=CARTESIAN_POINT('Origin',(-25.,-25.,53.));
#12260=CARTESIAN_POINT('Origin',(-25.,-25.,50.5));
#12261=CARTESIAN_POINT('',(-26.7,-25.,50.5));
#12262=CARTESIAN_POINT('Origin',(-25.,-25.,50.5));
#12263=CARTESIAN_POINT('Origin',(-25.,-25.,44.3));
#12264=CARTESIAN_POINT('',(-26.7,-25.,35.6));
#12265=CARTESIAN_POINT('Origin',(-25.,-25.,35.6));
#12266=CARTESIAN_POINT('',(-26.7,-25.,44.3));
#12267=CARTESIAN_POINT('Origin',(-25.,-25.,43.4));
#12268=CARTESIAN_POINT('',(-28.5,-25.,51.));
#12269=CARTESIAN_POINT('Origin',(-25.,-25.,51.));
#12270=CARTESIAN_POINT('',(-28.5,-25.,35.6));
#12271=CARTESIAN_POINT('',(-28.5,-25.,43.4));
#12272=CARTESIAN_POINT('Origin',(-25.,-25.,35.6));
#12273=CARTESIAN_POINT('Origin',(-25.,-25.,35.6));
#12274=CARTESIAN_POINT('Origin',(55.,0.,49.));
#12275=CARTESIAN_POINT('',(54.,18.,49.));
#12276=CARTESIAN_POINT('',(54.,-18.,49.));
#12277=CARTESIAN_POINT('',(54.,0.,49.));
#12278=CARTESIAN_POINT('',(56.,18.,49.));
#12279=CARTESIAN_POINT('',(55.,18.,49.));
#12280=CARTESIAN_POINT('',(56.,-18.,49.));
#12281=CARTESIAN_POINT('',(56.,0.,49.));
#12282=CARTESIAN_POINT('',(55.,-18.,49.));
#12283=CARTESIAN_POINT('Origin',(55.,-18.,42.5));
#12284=CARTESIAN_POINT('',(54.,-18.,36.));
#12285=CARTESIAN_POINT('',(54.,-18.,34.55));
#12286=CARTESIAN_POINT('',(56.,-18.,36.));
#12287=CARTESIAN_POINT('',(56.,-18.,35.075));
#12288=CARTESIAN_POINT('',(55.,-18.,36.));
#12289=CARTESIAN_POINT('Origin',(55.,0.,36.));
#12290=CARTESIAN_POINT('',(54.,18.,36.));
#12291=CARTESIAN_POINT('',(54.,0.,36.));
#12292=CARTESIAN_POINT('',(56.,18.,36.));
#12293=CARTESIAN_POINT('',(56.,0.,36.));
#12294=CARTESIAN_POINT('',(55.,18.,36.));
#12295=CARTESIAN_POINT('Origin',(55.,18.,42.5));
#12296=CARTESIAN_POINT('',(54.,18.,34.55));
#12297=CARTESIAN_POINT('',(56.,18.,35.075));
#12298=CARTESIAN_POINT('Origin',(-32.,0.,49.));
#12299=CARTESIAN_POINT('',(-31.,-18.,49.));
#12300=CARTESIAN_POINT('',(-31.,18.,49.));
#12301=CARTESIAN_POINT('',(-31.,0.,49.));
#12302=CARTESIAN_POINT('',(-33.,-18.,49.));
#12303=CARTESIAN_POINT('',(-32.,-18.,49.));
#12304=CARTESIAN_POINT('',(-33.,18.,49.));
#12305=CARTESIAN_POINT('',(-33.,0.,49.));
#12306=CARTESIAN_POINT('',(-32.,18.,49.));
#12307=CARTESIAN_POINT('Origin',(-32.,18.,42.5));
#12308=CARTESIAN_POINT('',(-31.,18.,36.));
#12309=CARTESIAN_POINT('',(-31.,18.,34.55));
#12310=CARTESIAN_POINT('',(-33.,18.,36.));
#12311=CARTESIAN_POINT('',(-33.,18.,35.075));
#12312=CARTESIAN_POINT('',(-32.,18.,36.));
#12313=CARTESIAN_POINT('Origin',(-32.,0.,36.));
#12314=CARTESIAN_POINT('',(-31.,-18.,36.));
#12315=CARTESIAN_POINT('',(-31.,0.,36.));
#12316=CARTESIAN_POINT('',(-33.,-18.,36.));
#12317=CARTESIAN_POINT('',(-33.,0.,36.));
#12318=CARTESIAN_POINT('',(-32.,-18.,36.));
#12319=CARTESIAN_POINT('Origin',(-32.,-18.,42.5));
#12320=CARTESIAN_POINT('',(-31.,-18.,34.55));
#12321=CARTESIAN_POINT('',(-33.,-18.,35.075));
#12322=CARTESIAN_POINT('Origin',(11.5,35.6,6.9));
#12323=CARTESIAN_POINT('',(54.,35.6,11.6));
#12324=CARTESIAN_POINT('',(54.,35.6,2.3));
#12325=CARTESIAN_POINT('',(54.,35.6,16.75));
#12326=CARTESIAN_POINT('',(56.,35.6,11.6));
#12327=CARTESIAN_POINT('',(11.5,35.6,11.6));
#12328=CARTESIAN_POINT('',(56.,35.6,2.3));
#12329=CARTESIAN_POINT('',(56.,35.6,17.275));
#12330=CARTESIAN_POINT('',(11.5,35.6,2.3));
#12331=CARTESIAN_POINT('Origin',(11.5,42.4,6.9));
#12332=CARTESIAN_POINT('',(53.6532998322843,42.4,2.3));
#12333=CARTESIAN_POINT('',(53.6532998322843,42.4,11.6));
#12334=CARTESIAN_POINT('',(53.6532998322843,42.4,26.6));
#12335=CARTESIAN_POINT('',(55.8,42.4,2.3));
#12336=CARTESIAN_POINT('',(11.5,42.4,2.3));
#12337=CARTESIAN_POINT('',(55.8,42.4,11.6));
#12338=CARTESIAN_POINT('',(55.8,42.4,27.65));
#12339=CARTESIAN_POINT('',(11.5,42.4,11.6));
#12340=CARTESIAN_POINT('Origin',(11.5,42.4,6.9));
#12341=CARTESIAN_POINT('',(-30.6532998322843,42.4,11.6));
#12342=CARTESIAN_POINT('',(-30.6532998322843,42.4,2.3));
#12343=CARTESIAN_POINT('',(-30.6532998322843,42.4,26.6));
#12344=CARTESIAN_POINT('',(-32.8,42.4,11.6));
#12345=CARTESIAN_POINT('',(11.5,42.4,11.6));
#12346=CARTESIAN_POINT('',(-32.8,42.4,2.3));
#12347=CARTESIAN_POINT('',(-32.8,42.4,27.65));
#12348=CARTESIAN_POINT('',(11.5,42.4,2.3));
#12349=CARTESIAN_POINT('Origin',(11.5,39.,11.6));
#12350=CARTESIAN_POINT('',(54.,41.,11.6));
#12351=CARTESIAN_POINT('',(54.,19.5,11.6));
#12352=CARTESIAN_POINT('Origin',(51.,41.,11.6));
#12353=CARTESIAN_POINT('',(56.,41.,11.6));
#12354=CARTESIAN_POINT('Origin',(51.,41.,11.6));
#12355=CARTESIAN_POINT('',(56.,19.5,11.6));
#12356=CARTESIAN_POINT('Origin',(11.5,39.,11.6));
#12357=CARTESIAN_POINT('',(-31.,41.,11.6));
#12358=CARTESIAN_POINT('Origin',(-28.,41.,11.6));
#12359=CARTESIAN_POINT('',(-31.,35.6,11.6));
#12360=CARTESIAN_POINT('',(-31.,19.5,11.6));
#12361=CARTESIAN_POINT('',(-33.,35.6,11.6));
#12362=CARTESIAN_POINT('',(11.5,35.6,11.6));
#12363=CARTESIAN_POINT('',(-33.,41.,11.6));
#12364=CARTESIAN_POINT('',(-33.,19.5,11.6));
#12365=CARTESIAN_POINT('Origin',(-28.,41.,11.6));
#12366=CARTESIAN_POINT('Origin',(11.5,35.6,6.9));
#12367=CARTESIAN_POINT('',(-31.,35.6,2.3));
#12368=CARTESIAN_POINT('',(-31.,35.6,16.75));
#12369=CARTESIAN_POINT('',(-33.,35.6,2.3));
#12370=CARTESIAN_POINT('',(11.5,35.6,2.3));
#12371=CARTESIAN_POINT('',(-33.,35.6,17.275));
#12372=CARTESIAN_POINT('Origin',(-28.,41.,26.6));
#12373=CARTESIAN_POINT('',(-28.,44.,2.3));
#12374=CARTESIAN_POINT('Origin',(-28.,41.,2.3));
#12375=CARTESIAN_POINT('',(-28.,44.,51.));
#12376=CARTESIAN_POINT('',(-28.,44.,26.6));
#12377=CARTESIAN_POINT('',(-31.,41.,51.));
#12378=CARTESIAN_POINT('Origin',(-28.,41.,51.));
#12379=CARTESIAN_POINT('',(-31.,41.,26.6));
#12380=CARTESIAN_POINT('Origin',(-28.,41.,27.65));
#12381=CARTESIAN_POINT('',(-33.,41.,53.));
#12382=CARTESIAN_POINT('',(-33.,41.,27.65));
#12383=CARTESIAN_POINT('',(-28.,46.,53.));
#12384=CARTESIAN_POINT('Origin',(-28.,41.,53.));
#12385=CARTESIAN_POINT('',(-28.,46.,2.3));
#12386=CARTESIAN_POINT('',(-28.,46.,27.65));
#12387=CARTESIAN_POINT('Origin',(-28.,41.,2.3));
#12388=CARTESIAN_POINT('Origin',(54.,0.,26.6));
#12389=CARTESIAN_POINT('',(54.,-35.6,2.3));
#12390=CARTESIAN_POINT('',(54.,0.,2.3));
#12391=CARTESIAN_POINT('',(54.,-35.6,11.6));
#12392=CARTESIAN_POINT('',(54.,-35.6,16.75));
#12393=CARTESIAN_POINT('',(54.,-41.,11.6));
#12394=CARTESIAN_POINT('',(54.,-19.5,11.6));
#12395=CARTESIAN_POINT('',(54.,-41.,51.));
#12396=CARTESIAN_POINT('',(54.,-41.,26.6));
#12397=CARTESIAN_POINT('',(54.,41.,51.));
#12398=CARTESIAN_POINT('',(54.,0.,51.));
#12399=CARTESIAN_POINT('',(54.,41.,26.6));
#12400=CARTESIAN_POINT('Origin',(11.5,0.,2.3));
#12401=CARTESIAN_POINT('',(56.,-35.6,2.3));
#12402=CARTESIAN_POINT('',(56.,0.,2.3));
#12403=CARTESIAN_POINT('',(11.5,-35.6,2.3));
#12404=CARTESIAN_POINT('Origin',(11.5,0.,2.3));
#12405=CARTESIAN_POINT('',(-31.,-35.6,2.3));
#12406=CARTESIAN_POINT('',(-31.,0.,2.3));
#12407=CARTESIAN_POINT('',(-33.,-35.6,2.3));
#12408=CARTESIAN_POINT('',(11.5,-35.6,2.3));
#12409=CARTESIAN_POINT('',(-33.,0.,2.3));
#12410=CARTESIAN_POINT('Origin',(11.5,0.,2.3));
#12411=CARTESIAN_POINT('',(51.,46.,2.3));
#12412=CARTESIAN_POINT('',(11.5,46.,2.3));
#12413=CARTESIAN_POINT('Origin',(51.,41.,2.3));
#12414=CARTESIAN_POINT('',(51.,44.,2.3));
#12415=CARTESIAN_POINT('Origin',(51.,41.,2.3));
#12416=CARTESIAN_POINT('',(11.5,44.,2.3));
#12417=CARTESIAN_POINT('Origin',(56.,0.,27.65));
#12418=CARTESIAN_POINT('',(56.,41.,53.));
#12419=CARTESIAN_POINT('',(56.,41.,27.65));
#12420=CARTESIAN_POINT('',(56.,-41.,53.));
#12421=CARTESIAN_POINT('',(56.,0.,53.));
#12422=CARTESIAN_POINT('',(56.,-41.,11.6));
#12423=CARTESIAN_POINT('',(56.,-41.,27.65));
#12424=CARTESIAN_POINT('',(56.,-35.6,11.6));
#12425=CARTESIAN_POINT('',(56.,-19.5,11.6));
#12426=CARTESIAN_POINT('',(56.,-35.6,17.275));
#12427=CARTESIAN_POINT('Origin',(11.5,-35.6,6.9));
#12428=CARTESIAN_POINT('',(-31.,-35.6,11.6));
#12429=CARTESIAN_POINT('',(-31.,-35.6,16.75));
#12430=CARTESIAN_POINT('',(-33.,-35.6,11.6));
#12431=CARTESIAN_POINT('',(11.5,-35.6,11.6));
#12432=CARTESIAN_POINT('',(-33.,-35.6,17.275));
#12433=CARTESIAN_POINT('Origin',(11.5,-42.4,6.9));
#12434=CARTESIAN_POINT('',(-30.6532998322843,-42.4,2.3));
#12435=CARTESIAN_POINT('',(-30.6532998322843,-42.4,11.6));
#12436=CARTESIAN_POINT('',(-30.6532998322843,-42.4,26.6));
#12437=CARTESIAN_POINT('',(-32.8,-42.4,2.3));
#12438=CARTESIAN_POINT('',(11.5,-42.4,2.3));
#12439=CARTESIAN_POINT('',(-32.8,-42.4,11.6));
#12440=CARTESIAN_POINT('',(-32.8,-42.4,27.65));
#12441=CARTESIAN_POINT('',(11.5,-42.4,11.6));
#12442=CARTESIAN_POINT('Origin',(11.5,-42.4,6.9));
#12443=CARTESIAN_POINT('',(53.6532998322843,-42.4,11.6));
#12444=CARTESIAN_POINT('',(53.6532998322843,-42.4,2.3));
#12445=CARTESIAN_POINT('',(53.6532998322843,-42.4,26.6));
#12446=CARTESIAN_POINT('',(55.8,-42.4,11.6));
#12447=CARTESIAN_POINT('',(11.5,-42.4,11.6));
#12448=CARTESIAN_POINT('',(55.8,-42.4,2.3));
#12449=CARTESIAN_POINT('',(55.8,-42.4,27.65));
#12450=CARTESIAN_POINT('',(11.5,-42.4,2.3));
#12451=CARTESIAN_POINT('Origin',(11.5,-39.,11.6));
#12452=CARTESIAN_POINT('',(-31.,-41.,11.6));
#12453=CARTESIAN_POINT('',(-31.,-19.5,11.6));
#12454=CARTESIAN_POINT('Origin',(-28.,-41.,11.6));
#12455=CARTESIAN_POINT('',(-33.,-41.,11.6));
#12456=CARTESIAN_POINT('Origin',(-28.,-41.,11.6));
#12457=CARTESIAN_POINT('',(-33.,-19.5,11.6));
#12458=CARTESIAN_POINT('Origin',(11.5,-39.,11.6));
#12459=CARTESIAN_POINT('',(11.5,-35.6,11.6));
#12460=CARTESIAN_POINT('Origin',(51.,-41.,11.6));
#12461=CARTESIAN_POINT('Origin',(51.,-41.,11.6));
#12462=CARTESIAN_POINT('Origin',(11.5,-35.6,6.9));
#12463=CARTESIAN_POINT('Origin',(51.,-41.,26.6));
#12464=CARTESIAN_POINT('',(51.,-44.,2.3));
#12465=CARTESIAN_POINT('Origin',(51.,-41.,2.3));
#12466=CARTESIAN_POINT('',(51.,-44.,51.));
#12467=CARTESIAN_POINT('',(51.,-44.,26.6));
#12468=CARTESIAN_POINT('Origin',(51.,-41.,51.));
#12469=CARTESIAN_POINT('Origin',(51.,-41.,27.65));
#12470=CARTESIAN_POINT('',(51.,-46.,53.));
#12471=CARTESIAN_POINT('Origin',(51.,-41.,53.));
#12472=CARTESIAN_POINT('',(51.,-46.,2.3));
#12473=CARTESIAN_POINT('',(51.,-46.,27.65));
#12474=CARTESIAN_POINT('Origin',(51.,-41.,2.3));
#12475=CARTESIAN_POINT('Origin',(-31.,0.,26.6));
#12476=CARTESIAN_POINT('',(-31.,-41.,51.));
#12477=CARTESIAN_POINT('',(-31.,0.,51.));
#12478=CARTESIAN_POINT('',(-31.,-41.,26.6));
#12479=CARTESIAN_POINT('Origin',(11.5,0.,2.3));
#12480=CARTESIAN_POINT('',(-28.,-46.,2.3));
#12481=CARTESIAN_POINT('',(11.5,-46.,2.3));
#12482=CARTESIAN_POINT('Origin',(-28.,-41.,2.3));
#12483=CARTESIAN_POINT('',(-28.,-44.,2.3));
#12484=CARTESIAN_POINT('Origin',(-28.,-41.,2.3));
#12485=CARTESIAN_POINT('',(11.5,-44.,2.3));
#12486=CARTESIAN_POINT('Origin',(-33.,0.,27.65));
#12487=CARTESIAN_POINT('',(-33.,-41.,53.));
#12488=CARTESIAN_POINT('',(-33.,-41.,27.65));
#12489=CARTESIAN_POINT('',(-33.,0.,53.));
#12490=CARTESIAN_POINT('Origin',(51.,41.,26.6));
#12491=CARTESIAN_POINT('',(51.,44.,51.));
#12492=CARTESIAN_POINT('Origin',(51.,41.,51.));
#12493=CARTESIAN_POINT('',(51.,44.,26.6));
#12494=CARTESIAN_POINT('Origin',(11.5,44.,26.6));
#12495=CARTESIAN_POINT('',(11.5,44.,51.));
#12496=CARTESIAN_POINT('Origin',(11.5,0.,51.));
#12497=CARTESIAN_POINT('',(-28.,-44.,51.));
#12498=CARTESIAN_POINT('',(11.5,-44.,51.));
#12499=CARTESIAN_POINT('Origin',(-28.,-41.,51.));
#12500=CARTESIAN_POINT('Origin',(-28.,-41.,26.6));
#12501=CARTESIAN_POINT('',(-28.,-44.,26.6));
#12502=CARTESIAN_POINT('Origin',(11.5,-44.,26.6));
#12503=CARTESIAN_POINT('Origin',(51.,41.,27.65));
#12504=CARTESIAN_POINT('',(51.,46.,53.));
#12505=CARTESIAN_POINT('',(51.,46.,27.65));
#12506=CARTESIAN_POINT('Origin',(51.,41.,53.));
#12507=CARTESIAN_POINT('Origin',(11.5,0.,53.));
#12508=CARTESIAN_POINT('',(11.5,46.,53.));
#12509=CARTESIAN_POINT('',(-28.,-46.,53.));
#12510=CARTESIAN_POINT('Origin',(-28.,-41.,53.));
#12511=CARTESIAN_POINT('',(11.5,-46.,53.));
#12512=CARTESIAN_POINT('Origin',(-28.,-41.,27.65));
#12513=CARTESIAN_POINT('',(-28.,-46.,27.65));
#12514=CARTESIAN_POINT('Origin',(11.5,-46.,27.65));
#12515=CARTESIAN_POINT('Origin',(11.5,46.,27.65));
#12516=CARTESIAN_POINT('Origin',(0.,-39.,16.3));
#12517=CARTESIAN_POINT('',(-2.75,-39.,17.8));
#12518=CARTESIAN_POINT('Origin',(0.,-39.,17.8));
#12519=CARTESIAN_POINT('',(-2.75,-39.,14.8));
#12520=CARTESIAN_POINT('',(-2.75,-39.,16.3));
#12521=CARTESIAN_POINT('Origin',(0.,-39.,14.8));
#12522=CARTESIAN_POINT('Origin',(0.,-39.,17.8));
#12523=CARTESIAN_POINT('Origin',(0.,-39.,14.3));
#12524=CARTESIAN_POINT('',(-3.5,-39.,14.3));
#12525=CARTESIAN_POINT('Origin',(0.,-39.,14.3));
#12526=CARTESIAN_POINT('',(-1.3,-39.,14.3));
#12527=CARTESIAN_POINT('Origin',(0.,-39.,14.3));
#12528=CARTESIAN_POINT('Origin',(0.,-39.,14.55));
#12529=CARTESIAN_POINT('',(-3.5,-39.,14.8));
#12530=CARTESIAN_POINT('Origin',(0.,-39.,14.8));
#12531=CARTESIAN_POINT('',(-3.5,-39.,14.55));
#12532=CARTESIAN_POINT('Origin',(0.,-39.,9.8));
#12533=CARTESIAN_POINT('',(-1.3,-39.,4.8));
#12534=CARTESIAN_POINT('',(-1.3,-39.,9.8));
#12535=CARTESIAN_POINT('Origin',(0.,-39.,4.8));
#12536=CARTESIAN_POINT('Origin',(0.,-39.,4.8));
#12537=CARTESIAN_POINT('Origin',(0.,-39.,14.8));
#12538=CARTESIAN_POINT('Origin',(0.,39.,16.3));
#12539=CARTESIAN_POINT('',(-2.75,39.,17.8));
#12540=CARTESIAN_POINT('Origin',(0.,39.,17.8));
#12541=CARTESIAN_POINT('',(-2.75,39.,14.8));
#12542=CARTESIAN_POINT('',(-2.75,39.,16.3));
#12543=CARTESIAN_POINT('Origin',(0.,39.,14.8));
#12544=CARTESIAN_POINT('Origin',(0.,39.,17.8));
#12545=CARTESIAN_POINT('Origin',(0.,39.,14.3));
#12546=CARTESIAN_POINT('',(-3.5,39.,14.3));
#12547=CARTESIAN_POINT('Origin',(0.,39.,14.3));
#12548=CARTESIAN_POINT('',(-1.3,39.,14.3));
#12549=CARTESIAN_POINT('Origin',(0.,39.,14.3));
#12550=CARTESIAN_POINT('Origin',(0.,39.,14.55));
#12551=CARTESIAN_POINT('',(-3.5,39.,14.8));
#12552=CARTESIAN_POINT('Origin',(0.,39.,14.8));
#12553=CARTESIAN_POINT('',(-3.5,39.,14.55));
#12554=CARTESIAN_POINT('Origin',(0.,39.,9.8));
#12555=CARTESIAN_POINT('',(-1.3,39.,4.8));
#12556=CARTESIAN_POINT('',(-1.3,39.,9.8));
#12557=CARTESIAN_POINT('Origin',(0.,39.,4.8));
#12558=CARTESIAN_POINT('Origin',(0.,39.,4.8));
#12559=CARTESIAN_POINT('Origin',(0.,39.,14.8));
#12560=CARTESIAN_POINT('Origin',(40.,40.,-4.5));
#12561=CARTESIAN_POINT('',(43.,40.,0.));
#12562=CARTESIAN_POINT('',(43.,40.,-9.));
#12563=CARTESIAN_POINT('',(43.,40.,-4.5));
#12564=CARTESIAN_POINT('',(40.,43.,-9.));
#12565=CARTESIAN_POINT('Origin',(40.,40.,-9.));
#12566=CARTESIAN_POINT('',(40.,43.,0.));
#12567=CARTESIAN_POINT('',(40.,43.,-4.5));
#12568=CARTESIAN_POINT('Origin',(40.,40.,0.));
#12569=CARTESIAN_POINT('Origin',(0.,0.,0.));
#12570=CARTESIAN_POINT('',(-40.,43.,0.));
#12571=CARTESIAN_POINT('',(0.,43.,0.));
#12572=CARTESIAN_POINT('',(-43.,40.,0.));
#12573=CARTESIAN_POINT('Origin',(-40.,40.,0.));
#12574=CARTESIAN_POINT('',(-43.,-40.,0.));
#12575=CARTESIAN_POINT('',(-43.,0.,0.));
#12576=CARTESIAN_POINT('',(-40.,-43.,0.));
#12577=CARTESIAN_POINT('Origin',(-40.,-40.,0.));
#12578=CARTESIAN_POINT('',(40.,-43.,0.));
#12579=CARTESIAN_POINT('',(0.,-43.,0.));
#12580=CARTESIAN_POINT('',(43.,-40.,0.));
#12581=CARTESIAN_POINT('Origin',(40.,-40.,0.));
#12582=CARTESIAN_POINT('',(43.,0.,0.));
#12583=CARTESIAN_POINT('Origin',(40.,-40.,-4.5));
#12584=CARTESIAN_POINT('',(40.,-43.,-9.));
#12585=CARTESIAN_POINT('',(40.,-43.,-4.5));
#12586=CARTESIAN_POINT('',(43.,-40.,-9.));
#12587=CARTESIAN_POINT('Origin',(40.,-40.,-9.));
#12588=CARTESIAN_POINT('',(43.,-40.,-4.5));
#12589=CARTESIAN_POINT('Origin',(-40.,40.,-4.5));
#12590=CARTESIAN_POINT('',(-43.,40.,-9.));
#12591=CARTESIAN_POINT('',(-43.,40.,-4.5));
#12592=CARTESIAN_POINT('',(-40.,43.,-9.));
#12593=CARTESIAN_POINT('',(-40.,43.,-4.5));
#12594=CARTESIAN_POINT('Origin',(-40.,40.,-9.));
#12595=CARTESIAN_POINT('Origin',(0.,0.,-9.));
#12596=CARTESIAN_POINT('',(43.,0.,-9.));
#12597=CARTESIAN_POINT('',(-40.,-43.,-9.));
#12598=CARTESIAN_POINT('',(0.,-43.,-9.));
#12599=CARTESIAN_POINT('',(-43.,-40.,-9.));
#12600=CARTESIAN_POINT('Origin',(-40.,-40.,-9.));
#12601=CARTESIAN_POINT('',(-43.,0.,-9.));
#12602=CARTESIAN_POINT('',(0.,43.,-9.));
#12603=CARTESIAN_POINT('Origin',(-40.,-40.,-4.5));
#12604=CARTESIAN_POINT('',(-40.,-43.,-4.5));
#12605=CARTESIAN_POINT('',(-43.,-40.,-4.5));
#12606=CARTESIAN_POINT('Origin',(-43.,0.,-4.5));
#12607=CARTESIAN_POINT('Origin',(43.,0.,-4.5));
#12608=CARTESIAN_POINT('Origin',(0.,-43.,-4.5));
#12609=CARTESIAN_POINT('Origin',(0.,43.,-4.5));
#12610=CARTESIAN_POINT('Origin',(4.5,4.5,3.));
#12611=CARTESIAN_POINT('',(8.5,4.5,6.));
#12612=CARTESIAN_POINT('',(8.5,4.5,0.));
#12613=CARTESIAN_POINT('',(8.5,4.5,3.));
#12614=CARTESIAN_POINT('',(4.5,8.5,0.));
#12615=CARTESIAN_POINT('Origin',(4.5,4.5,0.));
#12616=CARTESIAN_POINT('',(4.5,8.5,6.));
#12617=CARTESIAN_POINT('',(4.5,8.5,3.));
#12618=CARTESIAN_POINT('Origin',(4.5,4.5,6.));
#12619=CARTESIAN_POINT('Origin',(0.,0.,6.));
#12620=CARTESIAN_POINT('',(-4.5,8.5,6.));
#12621=CARTESIAN_POINT('',(0.,8.5,6.));
#12622=CARTESIAN_POINT('',(-8.5,4.5,6.));
#12623=CARTESIAN_POINT('Origin',(-4.5,4.5,6.));
#12624=CARTESIAN_POINT('',(-8.5,-4.5,6.));
#12625=CARTESIAN_POINT('',(-8.5,0.,6.));
#12626=CARTESIAN_POINT('',(-4.5,-8.5,6.));
#12627=CARTESIAN_POINT('Origin',(-4.5,-4.5,6.));
#12628=CARTESIAN_POINT('',(4.5,-8.5,6.));
#12629=CARTESIAN_POINT('',(0.,-8.5,6.));
#12630=CARTESIAN_POINT('',(8.5,-4.5,6.));
#12631=CARTESIAN_POINT('Origin',(4.5,-4.5,6.));
#12632=CARTESIAN_POINT('',(8.5,0.,6.));
#12633=CARTESIAN_POINT('Origin',(4.5,-4.5,3.));
#12634=CARTESIAN_POINT('',(4.5,-8.5,0.));
#12635=CARTESIAN_POINT('',(4.5,-8.5,3.));
#12636=CARTESIAN_POINT('',(8.5,-4.5,0.));
#12637=CARTESIAN_POINT('Origin',(4.5,-4.5,0.));
#12638=CARTESIAN_POINT('',(8.5,-4.5,3.));
#12639=CARTESIAN_POINT('Origin',(-4.5,4.5,3.));
#12640=CARTESIAN_POINT('',(-8.5,4.5,0.));
#12641=CARTESIAN_POINT('',(-8.5,4.5,3.));
#12642=CARTESIAN_POINT('',(-4.5,8.5,0.));
#12643=CARTESIAN_POINT('',(-4.5,8.5,3.));
#12644=CARTESIAN_POINT('Origin',(-4.5,4.5,0.));
#12645=CARTESIAN_POINT('Origin',(0.,0.,0.));
#12646=CARTESIAN_POINT('',(8.5,0.,0.));
#12647=CARTESIAN_POINT('',(-4.5,-8.5,0.));
#12648=CARTESIAN_POINT('',(0.,-8.5,0.));
#12649=CARTESIAN_POINT('',(-8.5,-4.5,0.));
#12650=CARTESIAN_POINT('Origin',(-4.5,-4.5,0.));
#12651=CARTESIAN_POINT('',(-8.5,0.,0.));
#12652=CARTESIAN_POINT('',(0.,8.5,0.));
#12653=CARTESIAN_POINT('Origin',(-4.5,-4.5,3.));
#12654=CARTESIAN_POINT('',(-4.5,-8.5,3.));
#12655=CARTESIAN_POINT('',(-8.5,-4.5,3.));
#12656=CARTESIAN_POINT('Origin',(-8.5,0.,3.));
#12657=CARTESIAN_POINT('Origin',(8.5,0.,3.));
#12658=CARTESIAN_POINT('Origin',(0.,-8.5,3.));
#12659=CARTESIAN_POINT('Origin',(0.,8.5,3.));
#12660=CARTESIAN_POINT('Origin',(29.5,10.25,28.35));
#12661=CARTESIAN_POINT('',(47.,-12.35,28.35));
#12662=CARTESIAN_POINT('',(47.,32.85,28.35));
#12663=CARTESIAN_POINT('',(47.,10.25,28.35));
#12664=CARTESIAN_POINT('',(12.,32.85,28.35));
#12665=CARTESIAN_POINT('',(29.5,32.85,28.35));
#12666=CARTESIAN_POINT('',(12.,-12.35,28.35));
#12667=CARTESIAN_POINT('',(12.,10.25,28.35));
#12668=CARTESIAN_POINT('',(29.5,-12.35,28.35));
#12669=CARTESIAN_POINT('Origin',(29.5,10.25,3.65));
#12670=CARTESIAN_POINT('',(47.,32.85,3.65));
#12671=CARTESIAN_POINT('',(47.,-12.35,3.65));
#12672=CARTESIAN_POINT('',(47.,10.25,3.65));
#12673=CARTESIAN_POINT('',(12.,-12.35,3.65));
#12674=CARTESIAN_POINT('',(29.5,-12.35,3.65));
#12675=CARTESIAN_POINT('',(12.,32.85,3.65));
#12676=CARTESIAN_POINT('',(12.,10.25,3.65));
#12677=CARTESIAN_POINT('',(29.5,32.85,3.65));
#12678=CARTESIAN_POINT('Origin',(29.5,-12.35,16.));
#12679=CARTESIAN_POINT('',(12.,-12.35,16.));
#12680=CARTESIAN_POINT('',(47.,-12.35,16.));
#12681=CARTESIAN_POINT('Origin',(12.,10.25,16.));
#12682=CARTESIAN_POINT('',(12.,32.85,16.));
#12683=CARTESIAN_POINT('Origin',(29.5,32.85,16.));
#12684=CARTESIAN_POINT('',(47.,32.85,16.));
#12685=CARTESIAN_POINT('Origin',(47.,10.25,16.));
#12686=CARTESIAN_POINT('Origin',(10.45,0.,16.));
#12687=CARTESIAN_POINT('',(12.,-3.67394039744206E-16,19.));
#12688=CARTESIAN_POINT('Origin',(12.,0.,16.));
#12689=CARTESIAN_POINT('',(8.9,-3.67394039744206E-16,19.));
#12690=CARTESIAN_POINT('',(10.45,-3.67394039744206E-16,19.));
#12691=CARTESIAN_POINT('Origin',(8.9,0.,16.));
#12692=CARTESIAN_POINT('Origin',(8.9,0.,16.));
#12693=CARTESIAN_POINT('Origin',(12.,0.,16.));
#12694=CARTESIAN_POINT('Origin',(7.7,7.,16.));
#12695=CARTESIAN_POINT('',(6.7,7.,17.5));
#12696=CARTESIAN_POINT('Origin',(6.7,7.,16.));
#12697=CARTESIAN_POINT('',(8.7,7.,17.5));
#12698=CARTESIAN_POINT('',(7.7,7.,17.5));
#12699=CARTESIAN_POINT('Origin',(8.7,7.,16.));
#12700=CARTESIAN_POINT('Origin',(7.7,-7.,16.));
#12701=CARTESIAN_POINT('',(6.7,-7.,17.5));
#12702=CARTESIAN_POINT('Origin',(6.7,-7.,16.));
#12703=CARTESIAN_POINT('',(8.7,-7.,17.5));
#12704=CARTESIAN_POINT('',(7.7,-7.,17.5));
#12705=CARTESIAN_POINT('Origin',(8.7,-7.,16.));
#12706=CARTESIAN_POINT('Origin',(7.7,0.,16.));
#12707=CARTESIAN_POINT('',(6.7,-1.95943487863577E-16,17.6));
#12708=CARTESIAN_POINT('Origin',(6.7,0.,16.));
#12709=CARTESIAN_POINT('',(8.7,1.95943487863577E-16,17.6));
#12710=CARTESIAN_POINT('',(7.7,-1.95943487863577E-16,17.6));
#12711=CARTESIAN_POINT('Origin',(8.7,0.,16.));
#12712=CARTESIAN_POINT('Origin',(7.7,0.,16.));
#12713=CARTESIAN_POINT('',(8.7,-1.10218211923262E-15,25.));
#12714=CARTESIAN_POINT('Origin',(8.7,0.,16.));
#12715=CARTESIAN_POINT('',(6.7,-1.10218211923262E-15,25.));
#12716=CARTESIAN_POINT('',(7.7,-1.10218211923262E-15,25.));
#12717=CARTESIAN_POINT('Origin',(6.7,0.,16.));
#12718=CARTESIAN_POINT('Origin',(6.7,0.,16.));
#12719=CARTESIAN_POINT('Origin',(8.7,0.,16.));
#12720=CARTESIAN_POINT('Origin',(41.5,11.5,38.1));
#12721=CARTESIAN_POINT('',(40.125,11.5,37.3));
#12722=CARTESIAN_POINT('Origin',(41.5,11.5,37.3));
#12723=CARTESIAN_POINT('',(40.125,11.5,38.9));
#12724=CARTESIAN_POINT('',(40.125,11.5,38.1));
#12725=CARTESIAN_POINT('Origin',(41.5,11.5,38.9));
#12726=CARTESIAN_POINT('Origin',(41.5,-11.5,38.1));
#12727=CARTESIAN_POINT('',(40.125,-11.5,37.3));
#12728=CARTESIAN_POINT('Origin',(41.5,-11.5,37.3));
#12729=CARTESIAN_POINT('',(40.125,-11.5,38.9));
#12730=CARTESIAN_POINT('',(40.125,-11.5,38.1));
#12731=CARTESIAN_POINT('Origin',(41.5,-11.5,38.9));
#12732=CARTESIAN_POINT('Origin',(-16.5,11.5,38.1));
#12733=CARTESIAN_POINT('',(-17.875,11.5,37.3));
#12734=CARTESIAN_POINT('Origin',(-16.5,11.5,37.3));
#12735=CARTESIAN_POINT('',(-17.875,11.5,38.9));
#12736=CARTESIAN_POINT('',(-17.875,11.5,38.1));
#12737=CARTESIAN_POINT('Origin',(-16.5,11.5,38.9));
#12738=CARTESIAN_POINT('Origin',(-16.5,-11.5,38.1));
#12739=CARTESIAN_POINT('',(-17.875,-11.5,37.3));
#12740=CARTESIAN_POINT('Origin',(-16.5,-11.5,37.3));
#12741=CARTESIAN_POINT('',(-17.875,-11.5,38.9));
#12742=CARTESIAN_POINT('',(-17.875,-11.5,38.1));
#12743=CARTESIAN_POINT('Origin',(-16.5,-11.5,38.9));
#12744=CARTESIAN_POINT('Origin',(12.5,0.,38.9));
#12745=CARTESIAN_POINT('',(45.,-15.,38.9));
#12746=CARTESIAN_POINT('',(45.,15.,38.9));
#12747=CARTESIAN_POINT('',(45.,0.,38.9));
#12748=CARTESIAN_POINT('',(-20.,15.,38.9));
#12749=CARTESIAN_POINT('',(12.5,15.,38.9));
#12750=CARTESIAN_POINT('',(-20.,-15.,38.9));
#12751=CARTESIAN_POINT('',(-20.,0.,38.9));
#12752=CARTESIAN_POINT('',(12.5,-15.,38.9));
#12753=CARTESIAN_POINT('Origin',(12.5,0.,37.3));
#12754=CARTESIAN_POINT('',(45.,15.,37.3));
#12755=CARTESIAN_POINT('',(45.,-15.,37.3));
#12756=CARTESIAN_POINT('',(45.,0.,37.3));
#12757=CARTESIAN_POINT('',(-20.,-15.,37.3));
#12758=CARTESIAN_POINT('',(12.5,-15.,37.3));
#12759=CARTESIAN_POINT('',(-20.,15.,37.3));
#12760=CARTESIAN_POINT('',(-20.,0.,37.3));
#12761=CARTESIAN_POINT('',(12.5,15.,37.3));
#12762=CARTESIAN_POINT('Origin',(12.5,-15.,38.1));
#12763=CARTESIAN_POINT('',(-20.,-15.,38.1));
#12764=CARTESIAN_POINT('',(45.,-15.,38.1));
#12765=CARTESIAN_POINT('Origin',(-20.,0.,38.1));
#12766=CARTESIAN_POINT('',(-20.,15.,38.1));
#12767=CARTESIAN_POINT('Origin',(12.5,15.,38.1));
#12768=CARTESIAN_POINT('',(45.,15.,38.1));
#12769=CARTESIAN_POINT('Origin',(45.,0.,38.1));
#12770=CARTESIAN_POINT('Origin',(0.,-35.5,1.));
#12771=CARTESIAN_POINT('',(35.,-40.,1.));
#12772=CARTESIAN_POINT('',(35.,-31.,1.));
#12773=CARTESIAN_POINT('',(35.,-35.5,1.));
#12774=CARTESIAN_POINT('',(-35.,-31.,1.));
#12775=CARTESIAN_POINT('',(0.,-31.,1.));
#12776=CARTESIAN_POINT('',(-35.,-40.,1.));
#12777=CARTESIAN_POINT('',(-35.,-35.5,1.));
#12778=CARTESIAN_POINT('',(0.,-40.,1.));
#12779=CARTESIAN_POINT('Origin',(0.,-35.5,0.));
#12780=CARTESIAN_POINT('',(35.,-31.,0.));
#12781=CARTESIAN_POINT('',(35.,-40.,0.));
#12782=CARTESIAN_POINT('',(35.,-35.5,0.));
#12783=CARTESIAN_POINT('',(-35.,-40.,0.));
#12784=CARTESIAN_POINT('',(0.,-40.,0.));
#12785=CARTESIAN_POINT('',(-35.,-31.,0.));
#12786=CARTESIAN_POINT('',(-35.,-35.5,0.));
#12787=CARTESIAN_POINT('',(0.,-31.,0.));
#12788=CARTESIAN_POINT('Origin',(0.,-40.,0.5));
#12789=CARTESIAN_POINT('',(-35.,-40.,0.5));
#12790=CARTESIAN_POINT('',(35.,-40.,0.5));
#12791=CARTESIAN_POINT('Origin',(-35.,-35.5,0.5));
#12792=CARTESIAN_POINT('',(-35.,-31.,0.5));
#12793=CARTESIAN_POINT('Origin',(0.,-31.,0.5));
#12794=CARTESIAN_POINT('',(35.,-31.,0.5));
#12795=CARTESIAN_POINT('Origin',(35.,-35.5,0.5));
#12796=CARTESIAN_POINT('Origin',(0.,35.5,1.));
#12797=CARTESIAN_POINT('',(35.,31.,1.));
#12798=CARTESIAN_POINT('',(35.,40.,1.));
#12799=CARTESIAN_POINT('',(35.,35.5,1.));
#12800=CARTESIAN_POINT('',(-35.,40.,1.));
#12801=CARTESIAN_POINT('',(0.,40.,1.));
#12802=CARTESIAN_POINT('',(-35.,31.,1.));
#12803=CARTESIAN_POINT('',(-35.,35.5,1.));
#12804=CARTESIAN_POINT('',(0.,31.,1.));
#12805=CARTESIAN_POINT('Origin',(0.,35.5,0.));
#12806=CARTESIAN_POINT('',(35.,40.,0.));
#12807=CARTESIAN_POINT('',(35.,31.,0.));
#12808=CARTESIAN_POINT('',(35.,35.5,0.));
#12809=CARTESIAN_POINT('',(-35.,31.,0.));
#12810=CARTESIAN_POINT('',(0.,31.,0.));
#12811=CARTESIAN_POINT('',(-35.,40.,0.));
#12812=CARTESIAN_POINT('',(-35.,35.5,0.));
#12813=CARTESIAN_POINT('',(0.,40.,0.));
#12814=CARTESIAN_POINT('Origin',(0.,31.,0.5));
#12815=CARTESIAN_POINT('',(-35.,31.,0.5));
#12816=CARTESIAN_POINT('',(35.,31.,0.5));
#12817=CARTESIAN_POINT('Origin',(-35.,35.5,0.5));
#12818=CARTESIAN_POINT('',(-35.,40.,0.5));
#12819=CARTESIAN_POINT('Origin',(0.,40.,0.5));
#12820=CARTESIAN_POINT('',(35.,40.,0.5));
#12821=CARTESIAN_POINT('Origin',(35.,35.5,0.5));
#12822=CARTESIAN_POINT('Origin',(-40.,-19.5,1.));
#12823=CARTESIAN_POINT('',(-38.,-27.,1.));
#12824=CARTESIAN_POINT('',(-38.,-12.,1.));
#12825=CARTESIAN_POINT('',(-38.,-19.5,1.));
#12826=CARTESIAN_POINT('',(-42.,-12.,1.));
#12827=CARTESIAN_POINT('',(-40.,-12.,1.));
#12828=CARTESIAN_POINT('',(-42.,-27.,1.));
#12829=CARTESIAN_POINT('',(-42.,-19.5,1.));
#12830=CARTESIAN_POINT('',(-40.,-27.,1.));
#12831=CARTESIAN_POINT('Origin',(-40.,-19.5,0.));
#12832=CARTESIAN_POINT('',(-38.,-12.,0.));
#12833=CARTESIAN_POINT('',(-38.,-27.,0.));
#12834=CARTESIAN_POINT('',(-38.,-19.5,0.));
#12835=CARTESIAN_POINT('',(-42.,-27.,0.));
#12836=CARTESIAN_POINT('',(-40.,-27.,0.));
#12837=CARTESIAN_POINT('',(-42.,-12.,0.));
#12838=CARTESIAN_POINT('',(-42.,-19.5,0.));
#12839=CARTESIAN_POINT('',(-40.,-12.,0.));
#12840=CARTESIAN_POINT('Origin',(-40.,-27.,0.5));
#12841=CARTESIAN_POINT('',(-42.,-27.,0.5));
#12842=CARTESIAN_POINT('',(-38.,-27.,0.5));
#12843=CARTESIAN_POINT('Origin',(-42.,-19.5,0.5));
#12844=CARTESIAN_POINT('',(-42.,-12.,0.5));
#12845=CARTESIAN_POINT('Origin',(-40.,-12.,0.5));
#12846=CARTESIAN_POINT('',(-38.,-12.,0.5));
#12847=CARTESIAN_POINT('Origin',(-38.,-19.5,0.5));
#12848=CARTESIAN_POINT('Origin',(-40.,19.5,1.));
#12849=CARTESIAN_POINT('',(-38.,12.,1.));
#12850=CARTESIAN_POINT('',(-38.,27.,1.));
#12851=CARTESIAN_POINT('',(-38.,19.5,1.));
#12852=CARTESIAN_POINT('',(-42.,27.,1.));
#12853=CARTESIAN_POINT('',(-40.,27.,1.));
#12854=CARTESIAN_POINT('',(-42.,12.,1.));
#12855=CARTESIAN_POINT('',(-42.,19.5,1.));
#12856=CARTESIAN_POINT('',(-40.,12.,1.));
#12857=CARTESIAN_POINT('Origin',(-40.,19.5,0.));
#12858=CARTESIAN_POINT('',(-38.,27.,0.));
#12859=CARTESIAN_POINT('',(-38.,12.,0.));
#12860=CARTESIAN_POINT('',(-38.,19.5,0.));
#12861=CARTESIAN_POINT('',(-42.,12.,0.));
#12862=CARTESIAN_POINT('',(-40.,12.,0.));
#12863=CARTESIAN_POINT('',(-42.,27.,0.));
#12864=CARTESIAN_POINT('',(-42.,19.5,0.));
#12865=CARTESIAN_POINT('',(-40.,27.,0.));
#12866=CARTESIAN_POINT('Origin',(-40.,12.,0.5));
#12867=CARTESIAN_POINT('',(-42.,12.,0.5));
#12868=CARTESIAN_POINT('',(-38.,12.,0.5));
#12869=CARTESIAN_POINT('Origin',(-42.,19.5,0.5));
#12870=CARTESIAN_POINT('',(-42.,27.,0.5));
#12871=CARTESIAN_POINT('Origin',(-40.,27.,0.5));
#12872=CARTESIAN_POINT('',(-38.,27.,0.5));
#12873=CARTESIAN_POINT('Origin',(-38.,19.5,0.5));
#12874=CARTESIAN_POINT('Origin',(40.,-19.5,1.));
#12875=CARTESIAN_POINT('',(42.,-27.,1.));
#12876=CARTESIAN_POINT('',(42.,-12.,1.));
#12877=CARTESIAN_POINT('',(42.,-19.5,1.));
#12878=CARTESIAN_POINT('',(38.,-12.,1.));
#12879=CARTESIAN_POINT('',(40.,-12.,1.));
#12880=CARTESIAN_POINT('',(38.,-27.,1.));
#12881=CARTESIAN_POINT('',(38.,-19.5,1.));
#12882=CARTESIAN_POINT('',(40.,-27.,1.));
#12883=CARTESIAN_POINT('Origin',(40.,-19.5,0.));
#12884=CARTESIAN_POINT('',(42.,-12.,0.));
#12885=CARTESIAN_POINT('',(42.,-27.,0.));
#12886=CARTESIAN_POINT('',(42.,-19.5,0.));
#12887=CARTESIAN_POINT('',(38.,-27.,0.));
#12888=CARTESIAN_POINT('',(40.,-27.,0.));
#12889=CARTESIAN_POINT('',(38.,-12.,0.));
#12890=CARTESIAN_POINT('',(38.,-19.5,0.));
#12891=CARTESIAN_POINT('',(40.,-12.,0.));
#12892=CARTESIAN_POINT('Origin',(40.,-27.,0.5));
#12893=CARTESIAN_POINT('',(38.,-27.,0.5));
#12894=CARTESIAN_POINT('',(42.,-27.,0.5));
#12895=CARTESIAN_POINT('Origin',(38.,-19.5,0.5));
#12896=CARTESIAN_POINT('',(38.,-12.,0.5));
#12897=CARTESIAN_POINT('Origin',(40.,-12.,0.5));
#12898=CARTESIAN_POINT('',(42.,-12.,0.5));
#12899=CARTESIAN_POINT('Origin',(42.,-19.5,0.5));
#12900=CARTESIAN_POINT('Origin',(40.,19.5,1.));
#12901=CARTESIAN_POINT('',(42.,12.,1.));
#12902=CARTESIAN_POINT('',(42.,27.,1.));
#12903=CARTESIAN_POINT('',(42.,19.5,1.));
#12904=CARTESIAN_POINT('',(38.,27.,1.));
#12905=CARTESIAN_POINT('',(40.,27.,1.));
#12906=CARTESIAN_POINT('',(38.,12.,1.));
#12907=CARTESIAN_POINT('',(38.,19.5,1.));
#12908=CARTESIAN_POINT('',(40.,12.,1.));
#12909=CARTESIAN_POINT('Origin',(40.,19.5,0.));
#12910=CARTESIAN_POINT('',(42.,27.,0.));
#12911=CARTESIAN_POINT('',(42.,12.,0.));
#12912=CARTESIAN_POINT('',(42.,19.5,0.));
#12913=CARTESIAN_POINT('',(38.,12.,0.));
#12914=CARTESIAN_POINT('',(40.,12.,0.));
#12915=CARTESIAN_POINT('',(38.,27.,0.));
#12916=CARTESIAN_POINT('',(38.,19.5,0.));
#12917=CARTESIAN_POINT('',(40.,27.,0.));
#12918=CARTESIAN_POINT('Origin',(40.,12.,0.5));
#12919=CARTESIAN_POINT('',(38.,12.,0.5));
#12920=CARTESIAN_POINT('',(42.,12.,0.5));
#12921=CARTESIAN_POINT('Origin',(38.,19.5,0.5));
#12922=CARTESIAN_POINT('',(38.,27.,0.5));
#12923=CARTESIAN_POINT('Origin',(40.,27.,0.5));
#12924=CARTESIAN_POINT('',(42.,27.,0.5));
#12925=CARTESIAN_POINT('Origin',(42.,19.5,0.5));
#12926=UNCERTAINTY_MEASURE_WITH_UNIT(LENGTH_MEASURE(0.01),#12930,
'DISTANCE_ACCURACY_VALUE',
'Maximum model space distance between geometric entities at asserted c
onnectivities');
#12927=UNCERTAINTY_MEASURE_WITH_UNIT(LENGTH_MEASURE(0.01),#12930,
'DISTANCE_ACCURACY_VALUE',
'Maximum model space distance between geometric entities at asserted c
onnectivities');
#12928=(
GEOMETRIC_REPRESENTATION_CONTEXT(3)
GLOBAL_UNCERTAINTY_ASSIGNED_CONTEXT((#12926))
GLOBAL_UNIT_ASSIGNED_CONTEXT((#12930,#12932,#12933))
REPRESENTATION_CONTEXT('','3D')
);
#12929=(
GEOMETRIC_REPRESENTATION_CONTEXT(3)
GLOBAL_UNCERTAINTY_ASSIGNED_CONTEXT((#12927))
GLOBAL_UNIT_ASSIGNED_CONTEXT((#12930,#12932,#12933))
REPRESENTATION_CONTEXT('','3D')
);
#12930=(
LENGTH_UNIT()
NAMED_UNIT(*)
SI_UNIT(.MILLI.,.METRE.)
);
#12931=(
LENGTH_UNIT()
NAMED_UNIT(*)
SI_UNIT($,.METRE.)
);
#12932=(
NAMED_UNIT(*)
PLANE_ANGLE_UNIT()
SI_UNIT($,.RADIAN.)
);
#12933=(
NAMED_UNIT(*)
SI_UNIT($,.STERADIAN.)
SOLID_ANGLE_UNIT()
);
#12934=SHAPE_DEFINITION_REPRESENTATION(#12935,#12936);
#12935=PRODUCT_DEFINITION_SHAPE('',$,#12938);
#12936=SHAPE_REPRESENTATION('',(#7796),#12928);
#12937=PRODUCT_DEFINITION_CONTEXT('part definition',#12942,'design');
#12938=PRODUCT_DEFINITION('2026-09-27-15-24-11-984','Mechanical Switch',
#12939,#12937);
#12939=PRODUCT_DEFINITION_FORMATION('',$,#12944);
#12940=PRODUCT_RELATED_PRODUCT_CATEGORY('Mechanical Switch',
'Mechanical Switch',(#12944));
#12941=APPLICATION_PROTOCOL_DEFINITION('international standard',
'automotive_design',2009,#12942);
#12942=APPLICATION_CONTEXT(
'Core Data for Automotive Mechanical Design Process');
#12943=PRODUCT_CONTEXT('part definition',#12942,'mechanical');
#12944=PRODUCT('2026-09-27-15-24-11-984','Mechanical Switch',$,(#12943));
#12945=PRESENTATION_STYLE_ASSIGNMENT((#12951));
#12946=PRESENTATION_STYLE_ASSIGNMENT((#12952));
#12947=PRESENTATION_STYLE_ASSIGNMENT((#12953));
#12948=PRESENTATION_STYLE_ASSIGNMENT((#12954));
#12949=PRESENTATION_STYLE_ASSIGNMENT((#12955));
#12950=PRESENTATION_STYLE_ASSIGNMENT((#12956));
#12951=SURFACE_STYLE_USAGE(.BOTH.,#12957);
#12952=SURFACE_STYLE_USAGE(.BOTH.,#12958);
#12953=SURFACE_STYLE_USAGE(.BOTH.,#12959);
#12954=SURFACE_STYLE_USAGE(.BOTH.,#12960);
#12955=SURFACE_STYLE_USAGE(.BOTH.,#12961);
#12956=SURFACE_STYLE_USAGE(.BOTH.,#12962);
#12957=SURFACE_SIDE_STYLE('',(#12963));
#12958=SURFACE_SIDE_STYLE('',(#12964));
#12959=SURFACE_SIDE_STYLE('',(#12965));
#12960=SURFACE_SIDE_STYLE('',(#12966));
#12961=SURFACE_SIDE_STYLE('',(#12967));
#12962=SURFACE_SIDE_STYLE('',(#12968));
#12963=SURFACE_STYLE_FILL_AREA(#12969);
#12964=SURFACE_STYLE_FILL_AREA(#12970);
#12965=SURFACE_STYLE_FILL_AREA(#12971);
#12966=SURFACE_STYLE_FILL_AREA(#12972);
#12967=SURFACE_STYLE_FILL_AREA(#12973);
#12968=SURFACE_STYLE_FILL_AREA(#12974);
#12969=FILL_AREA_STYLE('Steel - Satin',(#12975));
#12970=FILL_AREA_STYLE('Plastic - Matte (White)',(#12976));
#12971=FILL_AREA_STYLE('Plastic - Matte (Gray)',(#12977));
#12972=FILL_AREA_STYLE('Plastic - Matte (Yellow)',(#12978));
#12973=FILL_AREA_STYLE('Plastic - Matte (Black)',(#12979));
#12974=FILL_AREA_STYLE('Plastic - Matte (Green)',(#12980));
#12975=FILL_AREA_STYLE_COLOUR('Steel - Satin',#12981);
#12976=FILL_AREA_STYLE_COLOUR('Plastic - Matte (White)',#12982);
#12977=FILL_AREA_STYLE_COLOUR('Plastic - Matte (Gray)',#12983);
#12978=FILL_AREA_STYLE_COLOUR('Plastic - Matte (Yellow)',#12984);
#12979=FILL_AREA_STYLE_COLOUR('Plastic - Matte (Black)',#12985);
#12980=FILL_AREA_STYLE_COLOUR('Plastic - Matte (Green)',#12986);
#12981=COLOUR_RGB('Steel - Satin',0.627450980392157,0.627450980392157,0.627450980392157);
#12982=COLOUR_RGB('Plastic - Matte (White)',0.964705882352941,0.964705882352941,
0.952941176470588);
#12983=COLOUR_RGB('Plastic - Matte (Gray)',0.701960784313725,0.701960784313725,
0.701960784313725);
#12984=COLOUR_RGB('Plastic - Matte (Yellow)',0.909803921568627,0.67843137254902,
0.137254901960784);
#12985=COLOUR_RGB('Plastic - Matte (Black)',0.0980392156862745,0.0980392156862745,
0.0980392156862745);
#12986=COLOUR_RGB('Plastic - Matte (Green)',0.266666666666667,0.588235294117647,
0.282352941176471);
ENDSEC;
END-ISO-10303-21;
