ISO-10303-21;
HEADER;
/* Generated by software containing ST-Developer
 * from STEP Tools, Inc. (www.steptools.com) 
 */

FILE_DESCRIPTION(
/* description */ (''),
/* implementation_level */ '2;1');

FILE_NAME(
/* name */ 'Mechanical_Switch_v03.step',
/* time_stamp */ '2026-09-27T23:59:07+08:00',
/* author */ (''),
/* organization */ (''),
/* preprocessor_version */ 'ST-DEVELOPER v20.2',
/* originating_system */ 'Autodesk Translation Framework v15.15.0.0',
/* authorisation */ '');

FILE_SCHEMA (('AUTOMOTIVE_DESIGN { 1 0 10303 214 3 1 1 }'));
ENDSEC;

DATA;
#10=MECHANICAL_DESIGN_GEOMETRIC_PRESENTATION_REPRESENTATION('',(#67,#68,
#69,#70,#71,#72,#73,#74,#75,#76,#77),#9458);
#11=ITEM_DEFINED_TRANSFORMATION($,$,#5670,#6189);
#12=ITEM_DEFINED_TRANSFORMATION($,$,#5747,#6190);
#13=ITEM_DEFINED_TRANSFORMATION($,$,#5869,#6191);
#14=ITEM_DEFINED_TRANSFORMATION($,$,#5890,#6192);
#15=ITEM_DEFINED_TRANSFORMATION($,$,#5979,#6193);
#16=ITEM_DEFINED_TRANSFORMATION($,$,#6106,#6194);
#17=ITEM_DEFINED_TRANSFORMATION($,$,#6107,#6195);
#18=ITEM_DEFINED_TRANSFORMATION($,$,#6144,#6196);
#19=ITEM_DEFINED_TRANSFORMATION($,$,#6170,#6197);
#20=(
REPRESENTATION_RELATIONSHIP($,$,#9493,#9492)
REPRESENTATION_RELATIONSHIP_WITH_TRANSFORMATION(#11)
SHAPE_REPRESENTATION_RELATIONSHIP()
);
#21=(
REPRESENTATION_RELATIONSHIP($,$,#9494,#9492)
REPRESENTATION_RELATIONSHIP_WITH_TRANSFORMATION(#12)
SHAPE_REPRESENTATION_RELATIONSHIP()
);
#22=(
REPRESENTATION_RELATIONSHIP($,$,#9495,#9492)
REPRESENTATION_RELATIONSHIP_WITH_TRANSFORMATION(#13)
SHAPE_REPRESENTATION_RELATIONSHIP()
);
#23=(
REPRESENTATION_RELATIONSHIP($,$,#9496,#9492)
REPRESENTATION_RELATIONSHIP_WITH_TRANSFORMATION(#14)
SHAPE_REPRESENTATION_RELATIONSHIP()
);
#24=(
REPRESENTATION_RELATIONSHIP($,$,#9497,#9492)
REPRESENTATION_RELATIONSHIP_WITH_TRANSFORMATION(#15)
SHAPE_REPRESENTATION_RELATIONSHIP()
);
#25=(
REPRESENTATION_RELATIONSHIP($,$,#9498,#9492)
REPRESENTATION_RELATIONSHIP_WITH_TRANSFORMATION(#16)
SHAPE_REPRESENTATION_RELATIONSHIP()
);
#26=(
REPRESENTATION_RELATIONSHIP($,$,#9499,#9492)
REPRESENTATION_RELATIONSHIP_WITH_TRANSFORMATION(#17)
SHAPE_REPRESENTATION_RELATIONSHIP()
);
#27=(
REPRESENTATION_RELATIONSHIP($,$,#9500,#9492)
REPRESENTATION_RELATIONSHIP_WITH_TRANSFORMATION(#18)
SHAPE_REPRESENTATION_RELATIONSHIP()
);
#28=(
REPRESENTATION_RELATIONSHIP($,$,#9501,#9492)
REPRESENTATION_RELATIONSHIP_WITH_TRANSFORMATION(#19)
SHAPE_REPRESENTATION_RELATIONSHIP()
);
#29=CONTEXT_DEPENDENT_SHAPE_REPRESENTATION(#20,#9483);
#30=CONTEXT_DEPENDENT_SHAPE_REPRESENTATION(#21,#9484);
#31=CONTEXT_DEPENDENT_SHAPE_REPRESENTATION(#22,#9485);
#32=CONTEXT_DEPENDENT_SHAPE_REPRESENTATION(#23,#9486);
#33=CONTEXT_DEPENDENT_SHAPE_REPRESENTATION(#24,#9487);
#34=CONTEXT_DEPENDENT_SHAPE_REPRESENTATION(#25,#9488);
#35=CONTEXT_DEPENDENT_SHAPE_REPRESENTATION(#26,#9489);
#36=CONTEXT_DEPENDENT_SHAPE_REPRESENTATION(#27,#9490);
#37=CONTEXT_DEPENDENT_SHAPE_REPRESENTATION(#28,#9491);
#38=NEXT_ASSEMBLY_USAGE_OCCURRENCE('01_mounting_frame:1',
'01_mounting_frame:1','01_mounting_frame:1',#9503,#9504,
'01_mounting_frame:1');
#39=NEXT_ASSEMBLY_USAGE_OCCURRENCE('02_sliding_servo_chassis:1',
'02_sliding_servo_chassis:1','02_sliding_servo_chassis:1',#9503,#9505,
'02_sliding_servo_chassis:1');
#40=NEXT_ASSEMBLY_USAGE_OCCURRENCE('03_servo_clamp:1',
'03_servo_clamp:1','03_servo_clamp:1',#9503,#9506,'03_servo_clamp:1');
#41=NEXT_ASSEMBLY_USAGE_OCCURRENCE('04_integral_rocking_shoe:1',
'04_integral_rocking_shoe:1','04_integral_rocking_shoe:1',#9503,#9507,
'04_integral_rocking_shoe:1');
#42=NEXT_ASSEMBLY_USAGE_OCCURRENCE('05_controller_shelf:1',
'05_controller_shelf:1','05_controller_shelf:1',#9503,#9508,
'05_controller_shelf:1');
#43=NEXT_ASSEMBLY_USAGE_OCCURRENCE('06_rounded_enclosure:1',
'06_rounded_enclosure:1','06_rounded_enclosure:1',#9503,#9509,
'06_rounded_enclosure:1');
#44=NEXT_ASSEMBLY_USAGE_OCCURRENCE('09 Reference switch board:1',
'09 Reference switch board:1','09 Reference switch board:1',#9503,#9510,
'09 Reference switch board:1');
#45=NEXT_ASSEMBLY_USAGE_OCCURRENCE('07 Servo and stock metal horn:1',
'07 Servo and stock metal horn:1','07 Servo and stock metal horn:1',#9503,
#9511,'07 Servo and stock metal horn:1');
#46=NEXT_ASSEMBLY_USAGE_OCCURRENCE('08 ESP32 servo driver:1',
'08 ESP32 servo driver:1','08 ESP32 servo driver:1',#9503,#9512,
'08 ESP32 servo driver:1');
#47=B_SPLINE_CURVE_WITH_KNOTS('',3,(#8662,#8663,#8664,#8665,#8666,#8667,
#8668,#8669,#8670,#8671),.UNSPECIFIED.,.F.,.F.,(4,2,2,2,4),(0.,0.0572564055923652,
0.11451281118473,0.173035877586602,0.231558943988474),.UNSPECIFIED.);
#48=B_SPLINE_CURVE_WITH_KNOTS('',3,(#8700,#8701,#8702,#8703,#8704,#8705,
#8706,#8707,#8708,#8709),.UNSPECIFIED.,.F.,.F.,(4,2,2,2,4),(0.226840768078884,
0.285363834480756,0.343886900882628,0.401143306474993,0.458399712067358),
 .UNSPECIFIED.);
#49=B_SPLINE_CURVE_WITH_KNOTS('',3,(#8720,#8721,#8722,#8723,#8724,#8725),
 .UNSPECIFIED.,.F.,.F.,(4,2,4),(0.609707252779377,0.63143558965396,0.689958656055832),
 .UNSPECIFIED.);
#50=B_SPLINE_CURVE_WITH_KNOTS('',3,(#8766,#8767,#8768,#8769,#8770,#8771),
 .UNSPECIFIED.,.F.,.F.,(4,2,4),(0.685240480146242,0.743763546548114,0.765491883422697),
 .UNSPECIFIED.);
#51=SHAPE_REPRESENTATION_RELATIONSHIP('SRR','None',#9493,#59);
#52=SHAPE_REPRESENTATION_RELATIONSHIP('SRR','None',#9494,#60);
#53=SHAPE_REPRESENTATION_RELATIONSHIP('SRR','None',#9495,#61);
#54=SHAPE_REPRESENTATION_RELATIONSHIP('SRR','None',#9496,#62);
#55=SHAPE_REPRESENTATION_RELATIONSHIP('SRR','None',#9497,#63);
#56=SHAPE_REPRESENTATION_RELATIONSHIP('SRR','None',#9499,#64);
#57=SHAPE_REPRESENTATION_RELATIONSHIP('SRR','None',#9500,#65);
#58=SHAPE_REPRESENTATION_RELATIONSHIP('SRR','None',#9501,#66);
#59=ADVANCED_BREP_SHAPE_REPRESENTATION('',(#78),#9449);
#60=ADVANCED_BREP_SHAPE_REPRESENTATION('',(#79),#9450);
#61=ADVANCED_BREP_SHAPE_REPRESENTATION('',(#80),#9451);
#62=ADVANCED_BREP_SHAPE_REPRESENTATION('',(#81),#9452);
#63=ADVANCED_BREP_SHAPE_REPRESENTATION('',(#82),#9453);
#64=ADVANCED_BREP_SHAPE_REPRESENTATION('',(#83,#84),#9455);
#65=ADVANCED_BREP_SHAPE_REPRESENTATION('',(#85,#86,#87),#9456);
#66=ADVANCED_BREP_SHAPE_REPRESENTATION('',(#88),#9457);
#67=STYLED_ITEM('',(#9547),#78);
#68=STYLED_ITEM('',(#9548),#79);
#69=STYLED_ITEM('',(#9548),#80);
#70=STYLED_ITEM('',(#9549),#81);
#71=STYLED_ITEM('',(#9548),#82);
#72=STYLED_ITEM('',(#9547),#83);
#73=STYLED_ITEM('',(#9547),#84);
#74=STYLED_ITEM('',(#9550),#85);
#75=STYLED_ITEM('',(#9548),#86);
#76=STYLED_ITEM('',(#9548),#87);
#77=STYLED_ITEM('',(#9551),#88);
#78=MANIFOLD_SOLID_BREP('01_mounting_frame',#5558);
#79=MANIFOLD_SOLID_BREP('02_sliding_servo_chassis',#5559);
#80=MANIFOLD_SOLID_BREP('03_servo_clamp',#5560);
#81=MANIFOLD_SOLID_BREP('04_integral_rocking_shoe',#5561);
#82=MANIFOLD_SOLID_BREP('05_controller_shelf',#5562);
#83=MANIFOLD_SOLID_BREP('REF_faceplate_86mm',#5563);
#84=MANIFOLD_SOLID_BREP('REF_short_rounded_rocker_17mm_assumption',#5564);
#85=MANIFOLD_SOLID_BREP('REF_STS3215_body_45p2x24p7x35',#5565);
#86=MANIFOLD_SOLID_BREP('REF_servo_output_axis',#5566);
#87=MANIFOLD_SOLID_BREP('REF_metal_horn_verify_hardware',#5567);
#88=MANIFOLD_SOLID_BREP('REF_Waveshare_PCB_65x30',#5568);
#89=FACE_BOUND('',#651,.T.);
#90=FACE_BOUND('',#663,.T.);
#91=FACE_BOUND('',#677,.T.);
#92=FACE_BOUND('',#678,.T.);
#93=FACE_BOUND('',#679,.T.);
#94=FACE_BOUND('',#683,.T.);
#95=FACE_BOUND('',#698,.T.);
#96=FACE_BOUND('',#701,.T.);
#97=FACE_BOUND('',#702,.T.);
#98=FACE_BOUND('',#704,.T.);
#99=FACE_BOUND('',#706,.T.);
#100=FACE_BOUND('',#716,.T.);
#101=FACE_BOUND('',#725,.T.);
#102=FACE_BOUND('',#730,.T.);
#103=FACE_BOUND('',#738,.T.);
#104=FACE_BOUND('',#743,.T.);
#105=FACE_BOUND('',#788,.T.);
#106=FACE_BOUND('',#789,.T.);
#107=FACE_BOUND('',#790,.T.);
#108=FACE_BOUND('',#800,.T.);
#109=FACE_BOUND('',#801,.T.);
#110=FACE_BOUND('',#802,.T.);
#111=FACE_BOUND('',#817,.T.);
#112=FACE_BOUND('',#818,.T.);
#113=FACE_BOUND('',#829,.T.);
#114=FACE_BOUND('',#830,.T.);
#115=FACE_BOUND('',#831,.T.);
#116=FACE_BOUND('',#865,.T.);
#117=FACE_BOUND('',#874,.T.);
#118=FACE_BOUND('',#883,.T.);
#119=FACE_BOUND('',#892,.T.);
#120=FACE_BOUND('',#915,.T.);
#121=FACE_BOUND('',#916,.T.);
#122=FACE_BOUND('',#917,.T.);
#123=FACE_BOUND('',#918,.T.);
#124=FACE_BOUND('',#919,.T.);
#125=FACE_BOUND('',#920,.T.);
#126=FACE_BOUND('',#921,.T.);
#127=FACE_BOUND('',#922,.T.);
#128=FACE_BOUND('',#923,.T.);
#129=FACE_BOUND('',#924,.T.);
#130=FACE_BOUND('',#925,.T.);
#131=FACE_BOUND('',#926,.T.);
#132=FACE_BOUND('',#927,.T.);
#133=FACE_BOUND('',#928,.T.);
#134=FACE_BOUND('',#932,.T.);
#135=FACE_BOUND('',#933,.T.);
#136=FACE_BOUND('',#934,.T.);
#137=FACE_BOUND('',#935,.T.);
#138=FACE_BOUND('',#936,.T.);
#139=FACE_BOUND('',#937,.T.);
#140=FACE_BOUND('',#938,.T.);
#141=FACE_BOUND('',#939,.T.);
#142=FACE_BOUND('',#940,.T.);
#143=FACE_BOUND('',#941,.T.);
#144=FACE_BOUND('',#981,.T.);
#145=FACE_BOUND('',#982,.T.);
#146=FACE_BOUND('',#983,.T.);
#147=FACE_BOUND('',#985,.T.);
#148=FACE_BOUND('',#986,.T.);
#149=FACE_BOUND('',#987,.T.);
#150=FACE_BOUND('',#993,.T.);
#151=FACE_BOUND('',#994,.T.);
#152=FACE_BOUND('',#995,.T.);
#153=FACE_BOUND('',#996,.T.);
#154=FACE_BOUND('',#998,.T.);
#155=FACE_BOUND('',#999,.T.);
#156=FACE_BOUND('',#1000,.T.);
#157=FACE_BOUND('',#1001,.T.);
#158=PLANE('',#5674);
#159=PLANE('',#5675);
#160=PLANE('',#5679);
#161=PLANE('',#5686);
#162=PLANE('',#5690);
#163=PLANE('',#5691);
#164=PLANE('',#5695);
#165=PLANE('',#5696);
#166=PLANE('',#5700);
#167=PLANE('',#5707);
#168=PLANE('',#5711);
#169=PLANE('',#5712);
#170=PLANE('',#5716);
#171=PLANE('',#5720);
#172=PLANE('',#5727);
#173=PLANE('',#5728);
#174=PLANE('',#5732);
#175=PLANE('',#5740);
#176=PLANE('',#5743);
#177=PLANE('',#5744);
#178=PLANE('',#5745);
#179=PLANE('',#5746);
#180=PLANE('',#5748);
#181=PLANE('',#5749);
#182=PLANE('',#5750);
#183=PLANE('',#5751);
#184=PLANE('',#5755);
#185=PLANE('',#5765);
#186=PLANE('',#5766);
#187=PLANE('',#5767);
#188=PLANE('',#5768);
#189=PLANE('',#5775);
#190=PLANE('',#5778);
#191=PLANE('',#5781);
#192=PLANE('',#5782);
#193=PLANE('',#5783);
#194=PLANE('',#5784);
#195=PLANE('',#5788);
#196=PLANE('',#5789);
#197=PLANE('',#5790);
#198=PLANE('',#5791);
#199=PLANE('',#5792);
#200=PLANE('',#5793);
#201=PLANE('',#5794);
#202=PLANE('',#5795);
#203=PLANE('',#5799);
#204=PLANE('',#5800);
#205=PLANE('',#5801);
#206=PLANE('',#5802);
#207=PLANE('',#5803);
#208=PLANE('',#5804);
#209=PLANE('',#5805);
#210=PLANE('',#5809);
#211=PLANE('',#5810);
#212=PLANE('',#5811);
#213=PLANE('',#5815);
#214=PLANE('',#5816);
#215=PLANE('',#5817);
#216=PLANE('',#5818);
#217=PLANE('',#5819);
#218=PLANE('',#5820);
#219=PLANE('',#5821);
#220=PLANE('',#5826);
#221=PLANE('',#5828);
#222=PLANE('',#5829);
#223=PLANE('',#5832);
#224=PLANE('',#5833);
#225=PLANE('',#5835);
#226=PLANE('',#5837);
#227=PLANE('',#5838);
#228=PLANE('',#5839);
#229=PLANE('',#5840);
#230=PLANE('',#5841);
#231=PLANE('',#5842);
#232=PLANE('',#5845);
#233=PLANE('',#5846);
#234=PLANE('',#5847);
#235=PLANE('',#5848);
#236=PLANE('',#5849);
#237=PLANE('',#5850);
#238=PLANE('',#5851);
#239=PLANE('',#5853);
#240=PLANE('',#5855);
#241=PLANE('',#5857);
#242=PLANE('',#5859);
#243=PLANE('',#5860);
#244=PLANE('',#5861);
#245=PLANE('',#5862);
#246=PLANE('',#5863);
#247=PLANE('',#5864);
#248=PLANE('',#5865);
#249=PLANE('',#5866);
#250=PLANE('',#5867);
#251=PLANE('',#5868);
#252=PLANE('',#5870);
#253=PLANE('',#5871);
#254=PLANE('',#5872);
#255=PLANE('',#5873);
#256=PLANE('',#5876);
#257=PLANE('',#5877);
#258=PLANE('',#5882);
#259=PLANE('',#5883);
#260=PLANE('',#5884);
#261=PLANE('',#5885);
#262=PLANE('',#5886);
#263=PLANE('',#5887);
#264=PLANE('',#5888);
#265=PLANE('',#5889);
#266=PLANE('',#5894);
#267=PLANE('',#5898);
#268=PLANE('',#5902);
#269=PLANE('',#5906);
#270=PLANE('',#5915);
#271=PLANE('',#5922);
#272=PLANE('',#5924);
#273=PLANE('',#5925);
#274=PLANE('',#5926);
#275=PLANE('',#5929);
#276=PLANE('',#5932);
#277=PLANE('',#5933);
#278=PLANE('',#5935);
#279=PLANE('',#5939);
#280=PLANE('',#5946);
#281=PLANE('',#5950);
#282=PLANE('',#5954);
#283=PLANE('',#5958);
#284=PLANE('',#5965);
#285=PLANE('',#5966);
#286=PLANE('',#5974);
#287=PLANE('',#5975);
#288=PLANE('',#5976);
#289=PLANE('',#5977);
#290=PLANE('',#5978);
#291=PLANE('',#5983);
#292=PLANE('',#5987);
#293=PLANE('',#5991);
#294=PLANE('',#5995);
#295=PLANE('',#5999);
#296=PLANE('',#6003);
#297=PLANE('',#6007);
#298=PLANE('',#6011);
#299=PLANE('',#6015);
#300=PLANE('',#6019);
#301=PLANE('',#6023);
#302=PLANE('',#6027);
#303=PLANE('',#6031);
#304=PLANE('',#6035);
#305=PLANE('',#6039);
#306=PLANE('',#6043);
#307=PLANE('',#6059);
#308=PLANE('',#6063);
#309=PLANE('',#6070);
#310=PLANE('',#6071);
#311=PLANE('',#6075);
#312=PLANE('',#6079);
#313=PLANE('',#6086);
#314=PLANE('',#6087);
#315=PLANE('',#6091);
#316=PLANE('',#6099);
#317=PLANE('',#6102);
#318=PLANE('',#6103);
#319=PLANE('',#6104);
#320=PLANE('',#6105);
#321=PLANE('',#6111);
#322=PLANE('',#6119);
#323=PLANE('',#6122);
#324=PLANE('',#6123);
#325=PLANE('',#6124);
#326=PLANE('',#6125);
#327=PLANE('',#6129);
#328=PLANE('',#6137);
#329=PLANE('',#6140);
#330=PLANE('',#6141);
#331=PLANE('',#6142);
#332=PLANE('',#6143);
#333=PLANE('',#6145);
#334=PLANE('',#6146);
#335=PLANE('',#6147);
#336=PLANE('',#6148);
#337=PLANE('',#6149);
#338=PLANE('',#6150);
#339=PLANE('',#6154);
#340=PLANE('',#6155);
#341=PLANE('',#6168);
#342=PLANE('',#6169);
#343=PLANE('',#6183);
#344=PLANE('',#6184);
#345=PLANE('',#6185);
#346=PLANE('',#6186);
#347=PLANE('',#6187);
#348=PLANE('',#6188);
#349=FACE_OUTER_BOUND('',#643,.T.);
#350=FACE_OUTER_BOUND('',#644,.T.);
#351=FACE_OUTER_BOUND('',#645,.T.);
#352=FACE_OUTER_BOUND('',#646,.T.);
#353=FACE_OUTER_BOUND('',#647,.T.);
#354=FACE_OUTER_BOUND('',#648,.T.);
#355=FACE_OUTER_BOUND('',#649,.T.);
#356=FACE_OUTER_BOUND('',#650,.T.);
#357=FACE_OUTER_BOUND('',#652,.T.);
#358=FACE_OUTER_BOUND('',#653,.T.);
#359=FACE_OUTER_BOUND('',#654,.T.);
#360=FACE_OUTER_BOUND('',#655,.T.);
#361=FACE_OUTER_BOUND('',#656,.T.);
#362=FACE_OUTER_BOUND('',#657,.T.);
#363=FACE_OUTER_BOUND('',#658,.T.);
#364=FACE_OUTER_BOUND('',#659,.T.);
#365=FACE_OUTER_BOUND('',#660,.T.);
#366=FACE_OUTER_BOUND('',#661,.T.);
#367=FACE_OUTER_BOUND('',#662,.T.);
#368=FACE_OUTER_BOUND('',#664,.T.);
#369=FACE_OUTER_BOUND('',#665,.T.);
#370=FACE_OUTER_BOUND('',#666,.T.);
#371=FACE_OUTER_BOUND('',#667,.T.);
#372=FACE_OUTER_BOUND('',#668,.T.);
#373=FACE_OUTER_BOUND('',#669,.T.);
#374=FACE_OUTER_BOUND('',#670,.T.);
#375=FACE_OUTER_BOUND('',#671,.T.);
#376=FACE_OUTER_BOUND('',#672,.T.);
#377=FACE_OUTER_BOUND('',#673,.T.);
#378=FACE_OUTER_BOUND('',#674,.T.);
#379=FACE_OUTER_BOUND('',#675,.T.);
#380=FACE_OUTER_BOUND('',#676,.T.);
#381=FACE_OUTER_BOUND('',#680,.T.);
#382=FACE_OUTER_BOUND('',#681,.T.);
#383=FACE_OUTER_BOUND('',#682,.T.);
#384=FACE_OUTER_BOUND('',#684,.T.);
#385=FACE_OUTER_BOUND('',#685,.T.);
#386=FACE_OUTER_BOUND('',#686,.T.);
#387=FACE_OUTER_BOUND('',#687,.T.);
#388=FACE_OUTER_BOUND('',#688,.T.);
#389=FACE_OUTER_BOUND('',#689,.T.);
#390=FACE_OUTER_BOUND('',#690,.T.);
#391=FACE_OUTER_BOUND('',#691,.T.);
#392=FACE_OUTER_BOUND('',#692,.T.);
#393=FACE_OUTER_BOUND('',#693,.T.);
#394=FACE_OUTER_BOUND('',#694,.T.);
#395=FACE_OUTER_BOUND('',#695,.T.);
#396=FACE_OUTER_BOUND('',#696,.T.);
#397=FACE_OUTER_BOUND('',#697,.T.);
#398=FACE_OUTER_BOUND('',#699,.T.);
#399=FACE_OUTER_BOUND('',#700,.T.);
#400=FACE_OUTER_BOUND('',#703,.T.);
#401=FACE_OUTER_BOUND('',#705,.T.);
#402=FACE_OUTER_BOUND('',#707,.T.);
#403=FACE_OUTER_BOUND('',#708,.T.);
#404=FACE_OUTER_BOUND('',#709,.T.);
#405=FACE_OUTER_BOUND('',#710,.T.);
#406=FACE_OUTER_BOUND('',#711,.T.);
#407=FACE_OUTER_BOUND('',#712,.T.);
#408=FACE_OUTER_BOUND('',#713,.T.);
#409=FACE_OUTER_BOUND('',#714,.T.);
#410=FACE_OUTER_BOUND('',#715,.T.);
#411=FACE_OUTER_BOUND('',#717,.T.);
#412=FACE_OUTER_BOUND('',#718,.T.);
#413=FACE_OUTER_BOUND('',#719,.T.);
#414=FACE_OUTER_BOUND('',#720,.T.);
#415=FACE_OUTER_BOUND('',#721,.T.);
#416=FACE_OUTER_BOUND('',#722,.T.);
#417=FACE_OUTER_BOUND('',#723,.T.);
#418=FACE_OUTER_BOUND('',#724,.T.);
#419=FACE_OUTER_BOUND('',#726,.T.);
#420=FACE_OUTER_BOUND('',#727,.T.);
#421=FACE_OUTER_BOUND('',#728,.T.);
#422=FACE_OUTER_BOUND('',#729,.T.);
#423=FACE_OUTER_BOUND('',#731,.T.);
#424=FACE_OUTER_BOUND('',#732,.T.);
#425=FACE_OUTER_BOUND('',#733,.T.);
#426=FACE_OUTER_BOUND('',#734,.T.);
#427=FACE_OUTER_BOUND('',#735,.T.);
#428=FACE_OUTER_BOUND('',#736,.T.);
#429=FACE_OUTER_BOUND('',#737,.T.);
#430=FACE_OUTER_BOUND('',#739,.T.);
#431=FACE_OUTER_BOUND('',#740,.T.);
#432=FACE_OUTER_BOUND('',#741,.T.);
#433=FACE_OUTER_BOUND('',#742,.T.);
#434=FACE_OUTER_BOUND('',#744,.T.);
#435=FACE_OUTER_BOUND('',#745,.T.);
#436=FACE_OUTER_BOUND('',#746,.T.);
#437=FACE_OUTER_BOUND('',#747,.T.);
#438=FACE_OUTER_BOUND('',#748,.T.);
#439=FACE_OUTER_BOUND('',#749,.T.);
#440=FACE_OUTER_BOUND('',#750,.T.);
#441=FACE_OUTER_BOUND('',#751,.T.);
#442=FACE_OUTER_BOUND('',#752,.T.);
#443=FACE_OUTER_BOUND('',#753,.T.);
#444=FACE_OUTER_BOUND('',#754,.T.);
#445=FACE_OUTER_BOUND('',#755,.T.);
#446=FACE_OUTER_BOUND('',#756,.T.);
#447=FACE_OUTER_BOUND('',#757,.T.);
#448=FACE_OUTER_BOUND('',#758,.T.);
#449=FACE_OUTER_BOUND('',#759,.T.);
#450=FACE_OUTER_BOUND('',#760,.T.);
#451=FACE_OUTER_BOUND('',#761,.T.);
#452=FACE_OUTER_BOUND('',#762,.T.);
#453=FACE_OUTER_BOUND('',#763,.T.);
#454=FACE_OUTER_BOUND('',#764,.T.);
#455=FACE_OUTER_BOUND('',#765,.T.);
#456=FACE_OUTER_BOUND('',#766,.T.);
#457=FACE_OUTER_BOUND('',#767,.T.);
#458=FACE_OUTER_BOUND('',#768,.T.);
#459=FACE_OUTER_BOUND('',#769,.T.);
#460=FACE_OUTER_BOUND('',#770,.T.);
#461=FACE_OUTER_BOUND('',#771,.T.);
#462=FACE_OUTER_BOUND('',#772,.T.);
#463=FACE_OUTER_BOUND('',#773,.T.);
#464=FACE_OUTER_BOUND('',#774,.T.);
#465=FACE_OUTER_BOUND('',#775,.T.);
#466=FACE_OUTER_BOUND('',#776,.T.);
#467=FACE_OUTER_BOUND('',#777,.T.);
#468=FACE_OUTER_BOUND('',#778,.T.);
#469=FACE_OUTER_BOUND('',#779,.T.);
#470=FACE_OUTER_BOUND('',#780,.T.);
#471=FACE_OUTER_BOUND('',#781,.T.);
#472=FACE_OUTER_BOUND('',#782,.T.);
#473=FACE_OUTER_BOUND('',#783,.T.);
#474=FACE_OUTER_BOUND('',#784,.T.);
#475=FACE_OUTER_BOUND('',#785,.T.);
#476=FACE_OUTER_BOUND('',#786,.T.);
#477=FACE_OUTER_BOUND('',#787,.T.);
#478=FACE_OUTER_BOUND('',#791,.T.);
#479=FACE_OUTER_BOUND('',#792,.T.);
#480=FACE_OUTER_BOUND('',#793,.T.);
#481=FACE_OUTER_BOUND('',#794,.T.);
#482=FACE_OUTER_BOUND('',#795,.T.);
#483=FACE_OUTER_BOUND('',#796,.T.);
#484=FACE_OUTER_BOUND('',#797,.T.);
#485=FACE_OUTER_BOUND('',#798,.T.);
#486=FACE_OUTER_BOUND('',#799,.T.);
#487=FACE_OUTER_BOUND('',#803,.T.);
#488=FACE_OUTER_BOUND('',#804,.T.);
#489=FACE_OUTER_BOUND('',#805,.T.);
#490=FACE_OUTER_BOUND('',#806,.T.);
#491=FACE_OUTER_BOUND('',#807,.T.);
#492=FACE_OUTER_BOUND('',#808,.T.);
#493=FACE_OUTER_BOUND('',#809,.T.);
#494=FACE_OUTER_BOUND('',#810,.T.);
#495=FACE_OUTER_BOUND('',#811,.T.);
#496=FACE_OUTER_BOUND('',#812,.T.);
#497=FACE_OUTER_BOUND('',#813,.T.);
#498=FACE_OUTER_BOUND('',#814,.T.);
#499=FACE_OUTER_BOUND('',#815,.T.);
#500=FACE_OUTER_BOUND('',#816,.T.);
#501=FACE_OUTER_BOUND('',#819,.T.);
#502=FACE_OUTER_BOUND('',#820,.T.);
#503=FACE_OUTER_BOUND('',#821,.T.);
#504=FACE_OUTER_BOUND('',#822,.T.);
#505=FACE_OUTER_BOUND('',#823,.T.);
#506=FACE_OUTER_BOUND('',#824,.T.);
#507=FACE_OUTER_BOUND('',#825,.T.);
#508=FACE_OUTER_BOUND('',#826,.T.);
#509=FACE_OUTER_BOUND('',#827,.T.);
#510=FACE_OUTER_BOUND('',#828,.T.);
#511=FACE_OUTER_BOUND('',#832,.T.);
#512=FACE_OUTER_BOUND('',#833,.T.);
#513=FACE_OUTER_BOUND('',#834,.T.);
#514=FACE_OUTER_BOUND('',#835,.T.);
#515=FACE_OUTER_BOUND('',#836,.T.);
#516=FACE_OUTER_BOUND('',#837,.T.);
#517=FACE_OUTER_BOUND('',#838,.T.);
#518=FACE_OUTER_BOUND('',#839,.T.);
#519=FACE_OUTER_BOUND('',#840,.T.);
#520=FACE_OUTER_BOUND('',#841,.T.);
#521=FACE_OUTER_BOUND('',#842,.T.);
#522=FACE_OUTER_BOUND('',#843,.T.);
#523=FACE_OUTER_BOUND('',#844,.T.);
#524=FACE_OUTER_BOUND('',#845,.T.);
#525=FACE_OUTER_BOUND('',#846,.T.);
#526=FACE_OUTER_BOUND('',#847,.T.);
#527=FACE_OUTER_BOUND('',#848,.T.);
#528=FACE_OUTER_BOUND('',#849,.T.);
#529=FACE_OUTER_BOUND('',#850,.T.);
#530=FACE_OUTER_BOUND('',#851,.T.);
#531=FACE_OUTER_BOUND('',#852,.T.);
#532=FACE_OUTER_BOUND('',#853,.T.);
#533=FACE_OUTER_BOUND('',#854,.T.);
#534=FACE_OUTER_BOUND('',#855,.T.);
#535=FACE_OUTER_BOUND('',#856,.T.);
#536=FACE_OUTER_BOUND('',#857,.T.);
#537=FACE_OUTER_BOUND('',#858,.T.);
#538=FACE_OUTER_BOUND('',#859,.T.);
#539=FACE_OUTER_BOUND('',#860,.T.);
#540=FACE_OUTER_BOUND('',#861,.T.);
#541=FACE_OUTER_BOUND('',#862,.T.);
#542=FACE_OUTER_BOUND('',#863,.T.);
#543=FACE_OUTER_BOUND('',#864,.T.);
#544=FACE_OUTER_BOUND('',#866,.T.);
#545=FACE_OUTER_BOUND('',#867,.T.);
#546=FACE_OUTER_BOUND('',#868,.T.);
#547=FACE_OUTER_BOUND('',#869,.T.);
#548=FACE_OUTER_BOUND('',#870,.T.);
#549=FACE_OUTER_BOUND('',#871,.T.);
#550=FACE_OUTER_BOUND('',#872,.T.);
#551=FACE_OUTER_BOUND('',#873,.T.);
#552=FACE_OUTER_BOUND('',#875,.T.);
#553=FACE_OUTER_BOUND('',#876,.T.);
#554=FACE_OUTER_BOUND('',#877,.T.);
#555=FACE_OUTER_BOUND('',#878,.T.);
#556=FACE_OUTER_BOUND('',#879,.T.);
#557=FACE_OUTER_BOUND('',#880,.T.);
#558=FACE_OUTER_BOUND('',#881,.T.);
#559=FACE_OUTER_BOUND('',#882,.T.);
#560=FACE_OUTER_BOUND('',#884,.T.);
#561=FACE_OUTER_BOUND('',#885,.T.);
#562=FACE_OUTER_BOUND('',#886,.T.);
#563=FACE_OUTER_BOUND('',#887,.T.);
#564=FACE_OUTER_BOUND('',#888,.T.);
#565=FACE_OUTER_BOUND('',#889,.T.);
#566=FACE_OUTER_BOUND('',#890,.T.);
#567=FACE_OUTER_BOUND('',#891,.T.);
#568=FACE_OUTER_BOUND('',#893,.T.);
#569=FACE_OUTER_BOUND('',#894,.T.);
#570=FACE_OUTER_BOUND('',#895,.T.);
#571=FACE_OUTER_BOUND('',#896,.T.);
#572=FACE_OUTER_BOUND('',#897,.T.);
#573=FACE_OUTER_BOUND('',#898,.T.);
#574=FACE_OUTER_BOUND('',#899,.T.);
#575=FACE_OUTER_BOUND('',#900,.T.);
#576=FACE_OUTER_BOUND('',#901,.T.);
#577=FACE_OUTER_BOUND('',#902,.T.);
#578=FACE_OUTER_BOUND('',#903,.T.);
#579=FACE_OUTER_BOUND('',#904,.T.);
#580=FACE_OUTER_BOUND('',#905,.T.);
#581=FACE_OUTER_BOUND('',#906,.T.);
#582=FACE_OUTER_BOUND('',#907,.T.);
#583=FACE_OUTER_BOUND('',#908,.T.);
#584=FACE_OUTER_BOUND('',#909,.T.);
#585=FACE_OUTER_BOUND('',#910,.T.);
#586=FACE_OUTER_BOUND('',#911,.T.);
#587=FACE_OUTER_BOUND('',#912,.T.);
#588=FACE_OUTER_BOUND('',#913,.T.);
#589=FACE_OUTER_BOUND('',#914,.T.);
#590=FACE_OUTER_BOUND('',#929,.T.);
#591=FACE_OUTER_BOUND('',#930,.T.);
#592=FACE_OUTER_BOUND('',#931,.T.);
#593=FACE_OUTER_BOUND('',#942,.T.);
#594=FACE_OUTER_BOUND('',#943,.T.);
#595=FACE_OUTER_BOUND('',#944,.T.);
#596=FACE_OUTER_BOUND('',#945,.T.);
#597=FACE_OUTER_BOUND('',#946,.T.);
#598=FACE_OUTER_BOUND('',#947,.T.);
#599=FACE_OUTER_BOUND('',#948,.T.);
#600=FACE_OUTER_BOUND('',#949,.T.);
#601=FACE_OUTER_BOUND('',#950,.T.);
#602=FACE_OUTER_BOUND('',#951,.T.);
#603=FACE_OUTER_BOUND('',#952,.T.);
#604=FACE_OUTER_BOUND('',#953,.T.);
#605=FACE_OUTER_BOUND('',#954,.T.);
#606=FACE_OUTER_BOUND('',#955,.T.);
#607=FACE_OUTER_BOUND('',#956,.T.);
#608=FACE_OUTER_BOUND('',#957,.T.);
#609=FACE_OUTER_BOUND('',#958,.T.);
#610=FACE_OUTER_BOUND('',#959,.T.);
#611=FACE_OUTER_BOUND('',#960,.T.);
#612=FACE_OUTER_BOUND('',#961,.T.);
#613=FACE_OUTER_BOUND('',#962,.T.);
#614=FACE_OUTER_BOUND('',#963,.T.);
#615=FACE_OUTER_BOUND('',#964,.T.);
#616=FACE_OUTER_BOUND('',#965,.T.);
#617=FACE_OUTER_BOUND('',#966,.T.);
#618=FACE_OUTER_BOUND('',#967,.T.);
#619=FACE_OUTER_BOUND('',#968,.T.);
#620=FACE_OUTER_BOUND('',#969,.T.);
#621=FACE_OUTER_BOUND('',#970,.T.);
#622=FACE_OUTER_BOUND('',#971,.T.);
#623=FACE_OUTER_BOUND('',#972,.T.);
#624=FACE_OUTER_BOUND('',#973,.T.);
#625=FACE_OUTER_BOUND('',#974,.T.);
#626=FACE_OUTER_BOUND('',#975,.T.);
#627=FACE_OUTER_BOUND('',#976,.T.);
#628=FACE_OUTER_BOUND('',#977,.T.);
#629=FACE_OUTER_BOUND('',#978,.T.);
#630=FACE_OUTER_BOUND('',#979,.T.);
#631=FACE_OUTER_BOUND('',#980,.T.);
#632=FACE_OUTER_BOUND('',#984,.T.);
#633=FACE_OUTER_BOUND('',#988,.T.);
#634=FACE_OUTER_BOUND('',#989,.T.);
#635=FACE_OUTER_BOUND('',#990,.T.);
#636=FACE_OUTER_BOUND('',#991,.T.);
#637=FACE_OUTER_BOUND('',#992,.T.);
#638=FACE_OUTER_BOUND('',#997,.T.);
#639=FACE_OUTER_BOUND('',#1002,.T.);
#640=FACE_OUTER_BOUND('',#1003,.T.);
#641=FACE_OUTER_BOUND('',#1004,.T.);
#642=FACE_OUTER_BOUND('',#1005,.T.);
#643=EDGE_LOOP('',(#3615,#3616,#3617,#3618));
#644=EDGE_LOOP('',(#3619));
#645=EDGE_LOOP('',(#3620,#3621,#3622,#3623));
#646=EDGE_LOOP('',(#3624,#3625,#3626,#3627));
#647=EDGE_LOOP('',(#3628,#3629,#3630,#3631));
#648=EDGE_LOOP('',(#3632,#3633,#3634,#3635));
#649=EDGE_LOOP('',(#3636,#3637,#3638,#3639));
#650=EDGE_LOOP('',(#3640,#3641,#3642,#3643,#3644,#3645,#3646,#3647));
#651=EDGE_LOOP('',(#3648));
#652=EDGE_LOOP('',(#3649,#3650,#3651,#3652));
#653=EDGE_LOOP('',(#3653,#3654,#3655,#3656));
#654=EDGE_LOOP('',(#3657,#3658,#3659,#3660));
#655=EDGE_LOOP('',(#3661,#3662,#3663,#3664));
#656=EDGE_LOOP('',(#3665));
#657=EDGE_LOOP('',(#3666,#3667,#3668,#3669));
#658=EDGE_LOOP('',(#3670,#3671,#3672,#3673));
#659=EDGE_LOOP('',(#3674,#3675,#3676,#3677));
#660=EDGE_LOOP('',(#3678,#3679,#3680,#3681));
#661=EDGE_LOOP('',(#3682,#3683,#3684,#3685));
#662=EDGE_LOOP('',(#3686,#3687,#3688,#3689,#3690,#3691,#3692,#3693));
#663=EDGE_LOOP('',(#3694));
#664=EDGE_LOOP('',(#3695,#3696,#3697,#3698));
#665=EDGE_LOOP('',(#3699,#3700,#3701,#3702));
#666=EDGE_LOOP('',(#3703,#3704,#3705,#3706));
#667=EDGE_LOOP('',(#3707,#3708,#3709,#3710));
#668=EDGE_LOOP('',(#3711,#3712,#3713,#3714));
#669=EDGE_LOOP('',(#3715,#3716,#3717,#3718));
#670=EDGE_LOOP('',(#3719,#3720,#3721,#3722));
#671=EDGE_LOOP('',(#3723,#3724,#3725,#3726));
#672=EDGE_LOOP('',(#3727,#3728,#3729,#3730));
#673=EDGE_LOOP('',(#3731,#3732,#3733,#3734));
#674=EDGE_LOOP('',(#3735,#3736,#3737,#3738));
#675=EDGE_LOOP('',(#3739,#3740,#3741,#3742));
#676=EDGE_LOOP('',(#3743,#3744,#3745,#3746,#3747,#3748,#3749,#3750));
#677=EDGE_LOOP('',(#3751,#3752,#3753,#3754,#3755,#3756,#3757,#3758));
#678=EDGE_LOOP('',(#3759,#3760,#3761,#3762,#3763,#3764,#3765,#3766));
#679=EDGE_LOOP('',(#3767,#3768,#3769,#3770,#3771,#3772,#3773,#3774));
#680=EDGE_LOOP('',(#3775,#3776,#3777,#3778));
#681=EDGE_LOOP('',(#3779,#3780,#3781,#3782));
#682=EDGE_LOOP('',(#3783,#3784,#3785,#3786,#3787,#3788,#3789,#3790));
#683=EDGE_LOOP('',(#3791,#3792,#3793,#3794,#3795,#3796,#3797,#3798));
#684=EDGE_LOOP('',(#3799,#3800,#3801,#3802));
#685=EDGE_LOOP('',(#3803,#3804,#3805,#3806));
#686=EDGE_LOOP('',(#3807,#3808,#3809,#3810));
#687=EDGE_LOOP('',(#3811,#3812,#3813,#3814));
#688=EDGE_LOOP('',(#3815,#3816,#3817,#3818));
#689=EDGE_LOOP('',(#3819,#3820,#3821,#3822));
#690=EDGE_LOOP('',(#3823,#3824,#3825,#3826));
#691=EDGE_LOOP('',(#3827,#3828,#3829,#3830,#3831,#3832,#3833,#3834));
#692=EDGE_LOOP('',(#3835,#3836,#3837,#3838,#3839,#3840,#3841,#3842,#3843,
#3844,#3845,#3846));
#693=EDGE_LOOP('',(#3847,#3848,#3849,#3850));
#694=EDGE_LOOP('',(#3851));
#695=EDGE_LOOP('',(#3852,#3853,#3854,#3855,#3856,#3857,#3858,#3859,#3860,
#3861,#3862,#3863,#3864,#3865));
#696=EDGE_LOOP('',(#3866,#3867,#3868));
#697=EDGE_LOOP('',(#3869));
#698=EDGE_LOOP('',(#3870));
#699=EDGE_LOOP('',(#3871,#3872,#3873,#3874,#3875,#3876));
#700=EDGE_LOOP('',(#3877,#3878,#3879,#3880,#3881,#3882,#3883,#3884,#3885,
#3886,#3887,#3888,#3889,#3890,#3891,#3892,#3893,#3894,#3895,#3896,#3897,
#3898,#3899,#3900,#3901,#3902,#3903,#3904,#3905,#3906,#3907,#3908,#3909,
#3910));
#701=EDGE_LOOP('',(#3911,#3912,#3913,#3914));
#702=EDGE_LOOP('',(#3915,#3916,#3917,#3918));
#703=EDGE_LOOP('',(#3919,#3920,#3921,#3922,#3923,#3924,#3925,#3926,#3927,
#3928));
#704=EDGE_LOOP('',(#3929));
#705=EDGE_LOOP('',(#3930,#3931,#3932,#3933,#3934,#3935,#3936,#3937));
#706=EDGE_LOOP('',(#3938));
#707=EDGE_LOOP('',(#3939,#3940,#3941,#3942));
#708=EDGE_LOOP('',(#3943,#3944,#3945,#3946));
#709=EDGE_LOOP('',(#3947,#3948,#3949,#3950));
#710=EDGE_LOOP('',(#3951,#3952,#3953,#3954));
#711=EDGE_LOOP('',(#3955,#3956,#3957,#3958));
#712=EDGE_LOOP('',(#3959));
#713=EDGE_LOOP('',(#3960,#3961,#3962,#3963,#3964,#3965));
#714=EDGE_LOOP('',(#3966,#3967,#3968,#3969));
#715=EDGE_LOOP('',(#3970,#3971,#3972,#3973));
#716=EDGE_LOOP('',(#3974));
#717=EDGE_LOOP('',(#3975,#3976,#3977,#3978));
#718=EDGE_LOOP('',(#3979,#3980,#3981,#3982,#3983,#3984));
#719=EDGE_LOOP('',(#3985,#3986,#3987,#3988));
#720=EDGE_LOOP('',(#3989,#3990,#3991,#3992));
#721=EDGE_LOOP('',(#3993,#3994,#3995,#3996));
#722=EDGE_LOOP('',(#3997));
#723=EDGE_LOOP('',(#3998,#3999,#4000,#4001,#4002,#4003));
#724=EDGE_LOOP('',(#4004,#4005,#4006,#4007));
#725=EDGE_LOOP('',(#4008));
#726=EDGE_LOOP('',(#4009,#4010,#4011,#4012,#4013,#4014));
#727=EDGE_LOOP('',(#4015,#4016,#4017,#4018));
#728=EDGE_LOOP('',(#4019,#4020,#4021,#4022));
#729=EDGE_LOOP('',(#4023,#4024,#4025,#4026,#4027,#4028,#4029,#4030,#4031,
#4032));
#730=EDGE_LOOP('',(#4033,#4034,#4035,#4036));
#731=EDGE_LOOP('',(#4037,#4038,#4039,#4040,#4041,#4042,#4043,#4044,#4045,
#4046,#4047,#4048));
#732=EDGE_LOOP('',(#4049,#4050,#4051,#4052));
#733=EDGE_LOOP('',(#4053,#4054,#4055,#4056));
#734=EDGE_LOOP('',(#4057,#4058,#4059,#4060));
#735=EDGE_LOOP('',(#4061));
#736=EDGE_LOOP('',(#4062,#4063,#4064,#4065,#4066,#4067));
#737=EDGE_LOOP('',(#4068,#4069,#4070,#4071));
#738=EDGE_LOOP('',(#4072));
#739=EDGE_LOOP('',(#4073,#4074,#4075,#4076,#4077,#4078));
#740=EDGE_LOOP('',(#4079,#4080,#4081,#4082));
#741=EDGE_LOOP('',(#4083,#4084,#4085,#4086));
#742=EDGE_LOOP('',(#4087,#4088,#4089,#4090,#4091,#4092,#4093,#4094,#4095,
#4096,#4097,#4098,#4099,#4100,#4101,#4102));
#743=EDGE_LOOP('',(#4103,#4104,#4105,#4106));
#744=EDGE_LOOP('',(#4107,#4108,#4109,#4110));
#745=EDGE_LOOP('',(#4111));
#746=EDGE_LOOP('',(#4112,#4113,#4114,#4115,#4116,#4117,#4118,#4119));
#747=EDGE_LOOP('',(#4120,#4121,#4122,#4123,#4124,#4125,#4126,#4127));
#748=EDGE_LOOP('',(#4128,#4129,#4130,#4131));
#749=EDGE_LOOP('',(#4132,#4133,#4134,#4135));
#750=EDGE_LOOP('',(#4136));
#751=EDGE_LOOP('',(#4137,#4138,#4139,#4140));
#752=EDGE_LOOP('',(#4141,#4142,#4143,#4144));
#753=EDGE_LOOP('',(#4145,#4146,#4147,#4148));
#754=EDGE_LOOP('',(#4149,#4150,#4151,#4152));
#755=EDGE_LOOP('',(#4153,#4154,#4155,#4156));
#756=EDGE_LOOP('',(#4157,#4158,#4159,#4160));
#757=EDGE_LOOP('',(#4161,#4162,#4163,#4164,#4165,#4166,#4167,#4168,#4169,
#4170,#4171,#4172,#4173,#4174,#4175,#4176));
#758=EDGE_LOOP('',(#4177,#4178,#4179,#4180,#4181,#4182));
#759=EDGE_LOOP('',(#4183,#4184,#4185,#4186,#4187,#4188,#4189,#4190));
#760=EDGE_LOOP('',(#4191,#4192,#4193,#4194));
#761=EDGE_LOOP('',(#4195,#4196,#4197,#4198,#4199,#4200));
#762=EDGE_LOOP('',(#4201,#4202,#4203,#4204));
#763=EDGE_LOOP('',(#4205,#4206,#4207,#4208));
#764=EDGE_LOOP('',(#4209,#4210,#4211,#4212));
#765=EDGE_LOOP('',(#4213,#4214,#4215,#4216,#4217,#4218,#4219,#4220,#4221,
#4222));
#766=EDGE_LOOP('',(#4223,#4224,#4225,#4226));
#767=EDGE_LOOP('',(#4227,#4228,#4229,#4230));
#768=EDGE_LOOP('',(#4231,#4232,#4233,#4234));
#769=EDGE_LOOP('',(#4235,#4236,#4237,#4238));
#770=EDGE_LOOP('',(#4239,#4240,#4241,#4242));
#771=EDGE_LOOP('',(#4243,#4244,#4245,#4246));
#772=EDGE_LOOP('',(#4247,#4248,#4249,#4250));
#773=EDGE_LOOP('',(#4251,#4252,#4253,#4254));
#774=EDGE_LOOP('',(#4255,#4256,#4257,#4258));
#775=EDGE_LOOP('',(#4259,#4260,#4261,#4262));
#776=EDGE_LOOP('',(#4263,#4264,#4265,#4266,#4267,#4268,#4269,#4270,#4271,
#4272));
#777=EDGE_LOOP('',(#4273,#4274,#4275,#4276));
#778=EDGE_LOOP('',(#4277,#4278,#4279,#4280));
#779=EDGE_LOOP('',(#4281,#4282,#4283,#4284));
#780=EDGE_LOOP('',(#4285,#4286,#4287,#4288));
#781=EDGE_LOOP('',(#4289,#4290,#4291,#4292));
#782=EDGE_LOOP('',(#4293,#4294,#4295,#4296));
#783=EDGE_LOOP('',(#4297,#4298,#4299,#4300));
#784=EDGE_LOOP('',(#4301,#4302,#4303,#4304));
#785=EDGE_LOOP('',(#4305,#4306,#4307,#4308));
#786=EDGE_LOOP('',(#4309,#4310,#4311,#4312));
#787=EDGE_LOOP('',(#4313,#4314,#4315,#4316,#4317,#4318,#4319,#4320));
#788=EDGE_LOOP('',(#4321,#4322,#4323,#4324));
#789=EDGE_LOOP('',(#4325));
#790=EDGE_LOOP('',(#4326));
#791=EDGE_LOOP('',(#4327,#4328,#4329,#4330));
#792=EDGE_LOOP('',(#4331,#4332,#4333,#4334));
#793=EDGE_LOOP('',(#4335,#4336,#4337,#4338));
#794=EDGE_LOOP('',(#4339,#4340,#4341,#4342));
#795=EDGE_LOOP('',(#4343,#4344,#4345,#4346));
#796=EDGE_LOOP('',(#4347,#4348,#4349,#4350));
#797=EDGE_LOOP('',(#4351,#4352,#4353,#4354));
#798=EDGE_LOOP('',(#4355,#4356,#4357,#4358));
#799=EDGE_LOOP('',(#4359,#4360,#4361,#4362,#4363,#4364,#4365,#4366));
#800=EDGE_LOOP('',(#4367));
#801=EDGE_LOOP('',(#4368));
#802=EDGE_LOOP('',(#4369,#4370,#4371,#4372));
#803=EDGE_LOOP('',(#4373,#4374,#4375,#4376));
#804=EDGE_LOOP('',(#4377,#4378,#4379,#4380));
#805=EDGE_LOOP('',(#4381,#4382,#4383,#4384));
#806=EDGE_LOOP('',(#4385,#4386,#4387,#4388));
#807=EDGE_LOOP('',(#4389,#4390,#4391,#4392));
#808=EDGE_LOOP('',(#4393,#4394,#4395,#4396));
#809=EDGE_LOOP('',(#4397,#4398,#4399,#4400));
#810=EDGE_LOOP('',(#4401,#4402,#4403,#4404));
#811=EDGE_LOOP('',(#4405,#4406,#4407,#4408));
#812=EDGE_LOOP('',(#4409,#4410,#4411,#4412));
#813=EDGE_LOOP('',(#4413,#4414,#4415,#4416));
#814=EDGE_LOOP('',(#4417,#4418,#4419,#4420,#4421,#4422,#4423,#4424));
#815=EDGE_LOOP('',(#4425,#4426,#4427,#4428,#4429));
#816=EDGE_LOOP('',(#4430,#4431,#4432,#4433,#4434,#4435,#4436,#4437,#4438,
#4439,#4440,#4441));
#817=EDGE_LOOP('',(#4442,#4443,#4444,#4445));
#818=EDGE_LOOP('',(#4446,#4447,#4448,#4449));
#819=EDGE_LOOP('',(#4450,#4451,#4452,#4453,#4454));
#820=EDGE_LOOP('',(#4455,#4456,#4457,#4458,#4459));
#821=EDGE_LOOP('',(#4460,#4461,#4462,#4463,#4464,#4465));
#822=EDGE_LOOP('',(#4466,#4467,#4468,#4469));
#823=EDGE_LOOP('',(#4470,#4471,#4472,#4473,#4474,#4475));
#824=EDGE_LOOP('',(#4476,#4477,#4478,#4479,#4480,#4481,#4482,#4483,#4484,
#4485,#4486));
#825=EDGE_LOOP('',(#4487,#4488,#4489,#4490,#4491));
#826=EDGE_LOOP('',(#4492,#4493,#4494,#4495,#4496,#4497));
#827=EDGE_LOOP('',(#4498,#4499,#4500,#4501));
#828=EDGE_LOOP('',(#4502,#4503,#4504,#4505,#4506,#4507,#4508,#4509));
#829=EDGE_LOOP('',(#4510,#4511,#4512,#4513));
#830=EDGE_LOOP('',(#4514,#4515,#4516,#4517));
#831=EDGE_LOOP('',(#4518));
#832=EDGE_LOOP('',(#4519,#4520,#4521,#4522,#4523,#4524));
#833=EDGE_LOOP('',(#4525,#4526,#4527,#4528));
#834=EDGE_LOOP('',(#4529,#4530,#4531,#4532));
#835=EDGE_LOOP('',(#4533,#4534,#4535,#4536));
#836=EDGE_LOOP('',(#4537,#4538,#4539,#4540));
#837=EDGE_LOOP('',(#4541,#4542,#4543,#4544));
#838=EDGE_LOOP('',(#4545,#4546,#4547,#4548,#4549,#4550,#4551,#4552));
#839=EDGE_LOOP('',(#4553,#4554,#4555,#4556));
#840=EDGE_LOOP('',(#4557,#4558,#4559,#4560));
#841=EDGE_LOOP('',(#4561,#4562,#4563,#4564));
#842=EDGE_LOOP('',(#4565,#4566,#4567,#4568));
#843=EDGE_LOOP('',(#4569,#4570,#4571,#4572));
#844=EDGE_LOOP('',(#4573,#4574,#4575,#4576));
#845=EDGE_LOOP('',(#4577,#4578,#4579,#4580));
#846=EDGE_LOOP('',(#4581,#4582,#4583,#4584));
#847=EDGE_LOOP('',(#4585,#4586,#4587,#4588,#4589,#4590,#4591,#4592));
#848=EDGE_LOOP('',(#4593,#4594,#4595,#4596));
#849=EDGE_LOOP('',(#4597,#4598,#4599,#4600,#4601));
#850=EDGE_LOOP('',(#4602,#4603,#4604,#4605,#4606));
#851=EDGE_LOOP('',(#4607,#4608,#4609,#4610));
#852=EDGE_LOOP('',(#4611,#4612,#4613,#4614,#4615,#4616,#4617,#4618,#4619,
#4620,#4621,#4622,#4623,#4624,#4625,#4626,#4627,#4628,#4629,#4630,#4631,
#4632));
#853=EDGE_LOOP('',(#4633,#4634,#4635,#4636));
#854=EDGE_LOOP('',(#4637,#4638,#4639,#4640,#4641,#4642));
#855=EDGE_LOOP('',(#4643,#4644,#4645,#4646));
#856=EDGE_LOOP('',(#4647,#4648,#4649,#4650));
#857=EDGE_LOOP('',(#4651,#4652,#4653,#4654));
#858=EDGE_LOOP('',(#4655,#4656,#4657,#4658));
#859=EDGE_LOOP('',(#4659,#4660,#4661,#4662));
#860=EDGE_LOOP('',(#4663,#4664,#4665,#4666));
#861=EDGE_LOOP('',(#4667,#4668,#4669,#4670));
#862=EDGE_LOOP('',(#4671));
#863=EDGE_LOOP('',(#4672,#4673,#4674,#4675));
#864=EDGE_LOOP('',(#4676));
#865=EDGE_LOOP('',(#4677));
#866=EDGE_LOOP('',(#4678,#4679,#4680,#4681));
#867=EDGE_LOOP('',(#4682,#4683,#4684,#4685));
#868=EDGE_LOOP('',(#4686,#4687,#4688,#4689));
#869=EDGE_LOOP('',(#4690,#4691,#4692,#4693));
#870=EDGE_LOOP('',(#4694,#4695,#4696,#4697));
#871=EDGE_LOOP('',(#4698));
#872=EDGE_LOOP('',(#4699,#4700,#4701,#4702));
#873=EDGE_LOOP('',(#4703));
#874=EDGE_LOOP('',(#4704));
#875=EDGE_LOOP('',(#4705,#4706,#4707,#4708));
#876=EDGE_LOOP('',(#4709,#4710,#4711,#4712));
#877=EDGE_LOOP('',(#4713,#4714,#4715,#4716));
#878=EDGE_LOOP('',(#4717,#4718,#4719,#4720));
#879=EDGE_LOOP('',(#4721,#4722,#4723,#4724));
#880=EDGE_LOOP('',(#4725));
#881=EDGE_LOOP('',(#4726,#4727,#4728,#4729));
#882=EDGE_LOOP('',(#4730));
#883=EDGE_LOOP('',(#4731));
#884=EDGE_LOOP('',(#4732,#4733,#4734,#4735));
#885=EDGE_LOOP('',(#4736,#4737,#4738,#4739));
#886=EDGE_LOOP('',(#4740,#4741,#4742,#4743));
#887=EDGE_LOOP('',(#4744,#4745,#4746,#4747));
#888=EDGE_LOOP('',(#4748,#4749,#4750,#4751));
#889=EDGE_LOOP('',(#4752));
#890=EDGE_LOOP('',(#4753,#4754,#4755,#4756));
#891=EDGE_LOOP('',(#4757));
#892=EDGE_LOOP('',(#4758));
#893=EDGE_LOOP('',(#4759,#4760,#4761,#4762));
#894=EDGE_LOOP('',(#4763,#4764,#4765,#4766));
#895=EDGE_LOOP('',(#4767,#4768,#4769,#4770));
#896=EDGE_LOOP('',(#4771,#4772,#4773,#4774));
#897=EDGE_LOOP('',(#4775,#4776,#4777,#4778));
#898=EDGE_LOOP('',(#4779,#4780,#4781,#4782));
#899=EDGE_LOOP('',(#4783,#4784,#4785,#4786));
#900=EDGE_LOOP('',(#4787,#4788,#4789,#4790));
#901=EDGE_LOOP('',(#4791,#4792,#4793,#4794));
#902=EDGE_LOOP('',(#4795,#4796,#4797,#4798));
#903=EDGE_LOOP('',(#4799,#4800,#4801,#4802));
#904=EDGE_LOOP('',(#4803,#4804,#4805,#4806));
#905=EDGE_LOOP('',(#4807,#4808,#4809,#4810));
#906=EDGE_LOOP('',(#4811,#4812,#4813,#4814));
#907=EDGE_LOOP('',(#4815,#4816,#4817,#4818));
#908=EDGE_LOOP('',(#4819,#4820,#4821,#4822));
#909=EDGE_LOOP('',(#4823,#4824,#4825,#4826));
#910=EDGE_LOOP('',(#4827,#4828,#4829,#4830));
#911=EDGE_LOOP('',(#4831,#4832,#4833,#4834));
#912=EDGE_LOOP('',(#4835,#4836,#4837,#4838));
#913=EDGE_LOOP('',(#4839,#4840,#4841,#4842));
#914=EDGE_LOOP('',(#4843,#4844,#4845,#4846,#4847,#4848,#4849,#4850));
#915=EDGE_LOOP('',(#4851));
#916=EDGE_LOOP('',(#4852));
#917=EDGE_LOOP('',(#4853));
#918=EDGE_LOOP('',(#4854,#4855,#4856,#4857,#4858,#4859,#4860,#4861));
#919=EDGE_LOOP('',(#4862,#4863,#4864,#4865,#4866,#4867,#4868,#4869));
#920=EDGE_LOOP('',(#4870));
#921=EDGE_LOOP('',(#4871));
#922=EDGE_LOOP('',(#4872));
#923=EDGE_LOOP('',(#4873));
#924=EDGE_LOOP('',(#4874));
#925=EDGE_LOOP('',(#4875,#4876,#4877,#4878));
#926=EDGE_LOOP('',(#4879,#4880,#4881,#4882));
#927=EDGE_LOOP('',(#4883,#4884,#4885,#4886));
#928=EDGE_LOOP('',(#4887,#4888,#4889,#4890));
#929=EDGE_LOOP('',(#4891,#4892,#4893,#4894));
#930=EDGE_LOOP('',(#4895,#4896,#4897,#4898));
#931=EDGE_LOOP('',(#4899,#4900,#4901,#4902,#4903,#4904,#4905,#4906));
#932=EDGE_LOOP('',(#4907,#4908,#4909,#4910));
#933=EDGE_LOOP('',(#4911,#4912,#4913,#4914,#4915,#4916,#4917,#4918));
#934=EDGE_LOOP('',(#4919,#4920,#4921,#4922,#4923,#4924,#4925,#4926));
#935=EDGE_LOOP('',(#4927));
#936=EDGE_LOOP('',(#4928));
#937=EDGE_LOOP('',(#4929));
#938=EDGE_LOOP('',(#4930));
#939=EDGE_LOOP('',(#4931,#4932,#4933,#4934));
#940=EDGE_LOOP('',(#4935,#4936,#4937,#4938));
#941=EDGE_LOOP('',(#4939,#4940,#4941,#4942));
#942=EDGE_LOOP('',(#4943,#4944,#4945,#4946));
#943=EDGE_LOOP('',(#4947,#4948,#4949,#4950));
#944=EDGE_LOOP('',(#4951,#4952,#4953,#4954));
#945=EDGE_LOOP('',(#4955,#4956,#4957,#4958));
#946=EDGE_LOOP('',(#4959,#4960,#4961,#4962));
#947=EDGE_LOOP('',(#4963,#4964,#4965,#4966));
#948=EDGE_LOOP('',(#4967,#4968,#4969,#4970,#4971,#4972,#4973,#4974));
#949=EDGE_LOOP('',(#4975,#4976,#4977,#4978));
#950=EDGE_LOOP('',(#4979,#4980,#4981,#4982));
#951=EDGE_LOOP('',(#4983,#4984,#4985,#4986,#4987,#4988,#4989,#4990));
#952=EDGE_LOOP('',(#4991,#4992,#4993,#4994));
#953=EDGE_LOOP('',(#4995,#4996,#4997,#4998));
#954=EDGE_LOOP('',(#4999,#5000,#5001,#5002));
#955=EDGE_LOOP('',(#5003,#5004,#5005,#5006));
#956=EDGE_LOOP('',(#5007,#5008,#5009,#5010));
#957=EDGE_LOOP('',(#5011,#5012,#5013,#5014));
#958=EDGE_LOOP('',(#5015,#5016,#5017,#5018,#5019,#5020,#5021,#5022));
#959=EDGE_LOOP('',(#5023,#5024,#5025,#5026));
#960=EDGE_LOOP('',(#5027,#5028,#5029,#5030));
#961=EDGE_LOOP('',(#5031,#5032,#5033,#5034,#5035,#5036,#5037,#5038));
#962=EDGE_LOOP('',(#5039,#5040,#5041,#5042));
#963=EDGE_LOOP('',(#5043,#5044,#5045,#5046));
#964=EDGE_LOOP('',(#5047,#5048,#5049,#5050));
#965=EDGE_LOOP('',(#5051,#5052,#5053,#5054));
#966=EDGE_LOOP('',(#5055,#5056,#5057,#5058));
#967=EDGE_LOOP('',(#5059,#5060,#5061,#5062));
#968=EDGE_LOOP('',(#5063,#5064,#5065,#5066));
#969=EDGE_LOOP('',(#5067,#5068,#5069,#5070));
#970=EDGE_LOOP('',(#5071,#5072,#5073,#5074));
#971=EDGE_LOOP('',(#5075,#5076,#5077,#5078));
#972=EDGE_LOOP('',(#5079,#5080,#5081,#5082));
#973=EDGE_LOOP('',(#5083,#5084,#5085,#5086));
#974=EDGE_LOOP('',(#5087));
#975=EDGE_LOOP('',(#5088));
#976=EDGE_LOOP('',(#5089,#5090,#5091,#5092));
#977=EDGE_LOOP('',(#5093,#5094,#5095,#5096));
#978=EDGE_LOOP('',(#5097,#5098,#5099,#5100));
#979=EDGE_LOOP('',(#5101,#5102,#5103,#5104));
#980=EDGE_LOOP('',(#5105));
#981=EDGE_LOOP('',(#5106));
#982=EDGE_LOOP('',(#5107));
#983=EDGE_LOOP('',(#5108));
#984=EDGE_LOOP('',(#5109));
#985=EDGE_LOOP('',(#5110));
#986=EDGE_LOOP('',(#5111));
#987=EDGE_LOOP('',(#5112));
#988=EDGE_LOOP('',(#5113,#5114,#5115,#5116));
#989=EDGE_LOOP('',(#5117,#5118,#5119,#5120));
#990=EDGE_LOOP('',(#5121,#5122,#5123,#5124));
#991=EDGE_LOOP('',(#5125,#5126,#5127,#5128));
#992=EDGE_LOOP('',(#5129,#5130,#5131,#5132));
#993=EDGE_LOOP('',(#5133));
#994=EDGE_LOOP('',(#5134));
#995=EDGE_LOOP('',(#5135));
#996=EDGE_LOOP('',(#5136));
#997=EDGE_LOOP('',(#5137,#5138,#5139,#5140));
#998=EDGE_LOOP('',(#5141));
#999=EDGE_LOOP('',(#5142));
#1000=EDGE_LOOP('',(#5143));
#1001=EDGE_LOOP('',(#5144));
#1002=EDGE_LOOP('',(#5145,#5146,#5147,#5148));
#1003=EDGE_LOOP('',(#5149,#5150,#5151,#5152));
#1004=EDGE_LOOP('',(#5153,#5154,#5155,#5156));
#1005=EDGE_LOOP('',(#5157,#5158,#5159,#5160));
#1006=LINE('',#7815,#1559);
#1007=LINE('',#7821,#1560);
#1008=LINE('',#7823,#1561);
#1009=LINE('',#7825,#1562);
#1010=LINE('',#7826,#1563);
#1011=LINE('',#7831,#1564);
#1012=LINE('',#7835,#1565);
#1013=LINE('',#7837,#1566);
#1014=LINE('',#7838,#1567);
#1015=LINE('',#7843,#1568);
#1016=LINE('',#7850,#1569);
#1017=LINE('',#7853,#1570);
#1018=LINE('',#7856,#1571);
#1019=LINE('',#7861,#1572);
#1020=LINE('',#7862,#1573);
#1021=LINE('',#7864,#1574);
#1022=LINE('',#7866,#1575);
#1023=LINE('',#7871,#1576);
#1024=LINE('',#7877,#1577);
#1025=LINE('',#7879,#1578);
#1026=LINE('',#7881,#1579);
#1027=LINE('',#7882,#1580);
#1028=LINE('',#7887,#1581);
#1029=LINE('',#7891,#1582);
#1030=LINE('',#7893,#1583);
#1031=LINE('',#7894,#1584);
#1032=LINE('',#7899,#1585);
#1033=LINE('',#7906,#1586);
#1034=LINE('',#7909,#1587);
#1035=LINE('',#7912,#1588);
#1036=LINE('',#7917,#1589);
#1037=LINE('',#7918,#1590);
#1038=LINE('',#7920,#1591);
#1039=LINE('',#7922,#1592);
#1040=LINE('',#7928,#1593);
#1041=LINE('',#7931,#1594);
#1042=LINE('',#7934,#1595);
#1043=LINE('',#7936,#1596);
#1044=LINE('',#7937,#1597);
#1045=LINE('',#7943,#1598);
#1046=LINE('',#7946,#1599);
#1047=LINE('',#7948,#1600);
#1048=LINE('',#7949,#1601);
#1049=LINE('',#7955,#1602);
#1050=LINE('',#7958,#1603);
#1051=LINE('',#7964,#1604);
#1052=LINE('',#7966,#1605);
#1053=LINE('',#7967,#1606);
#1054=LINE('',#7969,#1607);
#1055=LINE('',#7970,#1608);
#1056=LINE('',#7974,#1609);
#1057=LINE('',#7978,#1610);
#1058=LINE('',#7982,#1611);
#1059=LINE('',#7986,#1612);
#1060=LINE('',#7990,#1613);
#1061=LINE('',#7993,#1614);
#1062=LINE('',#7996,#1615);
#1063=LINE('',#7999,#1616);
#1064=LINE('',#8002,#1617);
#1065=LINE('',#8004,#1618);
#1066=LINE('',#8007,#1619);
#1067=LINE('',#8009,#1620);
#1068=LINE('',#8012,#1621);
#1069=LINE('',#8013,#1622);
#1070=LINE('',#8015,#1623);
#1071=LINE('',#8016,#1624);
#1072=LINE('',#8025,#1625);
#1073=LINE('',#8027,#1626);
#1074=LINE('',#8029,#1627);
#1075=LINE('',#8030,#1628);
#1076=LINE('',#8033,#1629);
#1077=LINE('',#8035,#1630);
#1078=LINE('',#8036,#1631);
#1079=LINE('',#8039,#1632);
#1080=LINE('',#8041,#1633);
#1081=LINE('',#8043,#1634);
#1082=LINE('',#8045,#1635);
#1083=LINE('',#8047,#1636);
#1084=LINE('',#8048,#1637);
#1085=LINE('',#8051,#1638);
#1086=LINE('',#8053,#1639);
#1087=LINE('',#8055,#1640);
#1088=LINE('',#8057,#1641);
#1089=LINE('',#8059,#1642);
#1090=LINE('',#8061,#1643);
#1091=LINE('',#8063,#1644);
#1092=LINE('',#8065,#1645);
#1093=LINE('',#8067,#1646);
#1094=LINE('',#8068,#1647);
#1095=LINE('',#8073,#1648);
#1096=LINE('',#8080,#1649);
#1097=LINE('',#8086,#1650);
#1098=LINE('',#8090,#1651);
#1099=LINE('',#8094,#1652);
#1100=LINE('',#8098,#1653);
#1101=LINE('',#8103,#1654);
#1102=LINE('',#8107,#1655);
#1103=LINE('',#8109,#1656);
#1104=LINE('',#8111,#1657);
#1105=LINE('',#8113,#1658);
#1106=LINE('',#8114,#1659);
#1107=LINE('',#8117,#1660);
#1108=LINE('',#8119,#1661);
#1109=LINE('',#8121,#1662);
#1110=LINE('',#8123,#1663);
#1111=LINE('',#8125,#1664);
#1112=LINE('',#8127,#1665);
#1113=LINE('',#8128,#1666);
#1114=LINE('',#8130,#1667);
#1115=LINE('',#8132,#1668);
#1116=LINE('',#8136,#1669);
#1117=LINE('',#8140,#1670);
#1118=LINE('',#8142,#1671);
#1119=LINE('',#8144,#1672);
#1120=LINE('',#8146,#1673);
#1121=LINE('',#8148,#1674);
#1122=LINE('',#8150,#1675);
#1123=LINE('',#8152,#1676);
#1124=LINE('',#8154,#1677);
#1125=LINE('',#8156,#1678);
#1126=LINE('',#8158,#1679);
#1127=LINE('',#8160,#1680);
#1128=LINE('',#8162,#1681);
#1129=LINE('',#8164,#1682);
#1130=LINE('',#8166,#1683);
#1131=LINE('',#8168,#1684);
#1132=LINE('',#8170,#1685);
#1133=LINE('',#8171,#1686);
#1134=LINE('',#8172,#1687);
#1135=LINE('',#8177,#1688);
#1136=LINE('',#8180,#1689);
#1137=LINE('',#8185,#1690);
#1138=LINE('',#8188,#1691);
#1139=LINE('',#8190,#1692);
#1140=LINE('',#8192,#1693);
#1141=LINE('',#8194,#1694);
#1142=LINE('',#8198,#1695);
#1143=LINE('',#8200,#1696);
#1144=LINE('',#8201,#1697);
#1145=LINE('',#8206,#1698);
#1146=LINE('',#8208,#1699);
#1147=LINE('',#8210,#1700);
#1148=LINE('',#8214,#1701);
#1149=LINE('',#8215,#1702);
#1150=LINE('',#8219,#1703);
#1151=LINE('',#8221,#1704);
#1152=LINE('',#8224,#1705);
#1153=LINE('',#8225,#1706);
#1154=LINE('',#8231,#1707);
#1155=LINE('',#8236,#1708);
#1156=LINE('',#8238,#1709);
#1157=LINE('',#8240,#1710);
#1158=LINE('',#8242,#1711);
#1159=LINE('',#8243,#1712);
#1160=LINE('',#8246,#1713);
#1161=LINE('',#8248,#1714);
#1162=LINE('',#8249,#1715);
#1163=LINE('',#8252,#1716);
#1164=LINE('',#8253,#1717);
#1165=LINE('',#8255,#1718);
#1166=LINE('',#8258,#1719);
#1167=LINE('',#8259,#1720);
#1168=LINE('',#8262,#1721);
#1169=LINE('',#8263,#1722);
#1170=LINE('',#8266,#1723);
#1171=LINE('',#8267,#1724);
#1172=LINE('',#8272,#1725);
#1173=LINE('',#8278,#1726);
#1174=LINE('',#8279,#1727);
#1175=LINE('',#8281,#1728);
#1176=LINE('',#8283,#1729);
#1177=LINE('',#8284,#1730);
#1178=LINE('',#8287,#1731);
#1179=LINE('',#8289,#1732);
#1180=LINE('',#8290,#1733);
#1181=LINE('',#8294,#1734);
#1182=LINE('',#8295,#1735);
#1183=LINE('',#8296,#1736);
#1184=LINE('',#8297,#1737);
#1185=LINE('',#8301,#1738);
#1186=LINE('',#8303,#1739);
#1187=LINE('',#8304,#1740);
#1188=LINE('',#8307,#1741);
#1189=LINE('',#8309,#1742);
#1190=LINE('',#8313,#1743);
#1191=LINE('',#8314,#1744);
#1192=LINE('',#8316,#1745);
#1193=LINE('',#8318,#1746);
#1194=LINE('',#8319,#1747);
#1195=LINE('',#8324,#1748);
#1196=LINE('',#8327,#1749);
#1197=LINE('',#8330,#1750);
#1198=LINE('',#8332,#1751);
#1199=LINE('',#8334,#1752);
#1200=LINE('',#8336,#1753);
#1201=LINE('',#8337,#1754);
#1202=LINE('',#8338,#1755);
#1203=LINE('',#8340,#1756);
#1204=LINE('',#8342,#1757);
#1205=LINE('',#8347,#1758);
#1206=LINE('',#8352,#1759);
#1207=LINE('',#8353,#1760);
#1208=LINE('',#8356,#1761);
#1209=LINE('',#8357,#1762);
#1210=LINE('',#8360,#1763);
#1211=LINE('',#8361,#1764);
#1212=LINE('',#8362,#1765);
#1213=LINE('',#8366,#1766);
#1214=LINE('',#8367,#1767);
#1215=LINE('',#8369,#1768);
#1216=LINE('',#8370,#1769);
#1217=LINE('',#8372,#1770);
#1218=LINE('',#8374,#1771);
#1219=LINE('',#8376,#1772);
#1220=LINE('',#8377,#1773);
#1221=LINE('',#8382,#1774);
#1222=LINE('',#8385,#1775);
#1223=LINE('',#8389,#1776);
#1224=LINE('',#8392,#1777);
#1225=LINE('',#8393,#1778);
#1226=LINE('',#8394,#1779);
#1227=LINE('',#8395,#1780);
#1228=LINE('',#8398,#1781);
#1229=LINE('',#8400,#1782);
#1230=LINE('',#8401,#1783);
#1231=LINE('',#8403,#1784);
#1232=LINE('',#8407,#1785);
#1233=LINE('',#8412,#1786);
#1234=LINE('',#8414,#1787);
#1235=LINE('',#8416,#1788);
#1236=LINE('',#8421,#1789);
#1237=LINE('',#8425,#1790);
#1238=LINE('',#8426,#1791);
#1239=LINE('',#8429,#1792);
#1240=LINE('',#8431,#1793);
#1241=LINE('',#8432,#1794);
#1242=LINE('',#8435,#1795);
#1243=LINE('',#8436,#1796);
#1244=LINE('',#8439,#1797);
#1245=LINE('',#8441,#1798);
#1246=LINE('',#8442,#1799);
#1247=LINE('',#8445,#1800);
#1248=LINE('',#8446,#1801);
#1249=LINE('',#8448,#1802);
#1250=LINE('',#8449,#1803);
#1251=LINE('',#8451,#1804);
#1252=LINE('',#8452,#1805);
#1253=LINE('',#8453,#1806);
#1254=LINE('',#8459,#1807);
#1255=LINE('',#8460,#1808);
#1256=LINE('',#8463,#1809);
#1257=LINE('',#8464,#1810);
#1258=LINE('',#8465,#1811);
#1259=LINE('',#8468,#1812);
#1260=LINE('',#8469,#1813);
#1261=LINE('',#8471,#1814);
#1262=LINE('',#8474,#1815);
#1263=LINE('',#8475,#1816);
#1264=LINE('',#8477,#1817);
#1265=LINE('',#8480,#1818);
#1266=LINE('',#8481,#1819);
#1267=LINE('',#8483,#1820);
#1268=LINE('',#8485,#1821);
#1269=LINE('',#8488,#1822);
#1270=LINE('',#8489,#1823);
#1271=LINE('',#8491,#1824);
#1272=LINE('',#8493,#1825);
#1273=LINE('',#8496,#1826);
#1274=LINE('',#8497,#1827);
#1275=LINE('',#8501,#1828);
#1276=LINE('',#8506,#1829);
#1277=LINE('',#8512,#1830);
#1278=LINE('',#8514,#1831);
#1279=LINE('',#8516,#1832);
#1280=LINE('',#8517,#1833);
#1281=LINE('',#8521,#1834);
#1282=LINE('',#8523,#1835);
#1283=LINE('',#8525,#1836);
#1284=LINE('',#8526,#1837);
#1285=LINE('',#8528,#1838);
#1286=LINE('',#8529,#1839);
#1287=LINE('',#8532,#1840);
#1288=LINE('',#8534,#1841);
#1289=LINE('',#8536,#1842);
#1290=LINE('',#8538,#1843);
#1291=LINE('',#8539,#1844);
#1292=LINE('',#8542,#1845);
#1293=LINE('',#8544,#1846);
#1294=LINE('',#8546,#1847);
#1295=LINE('',#8547,#1848);
#1296=LINE('',#8554,#1849);
#1297=LINE('',#8555,#1850);
#1298=LINE('',#8558,#1851);
#1299=LINE('',#8559,#1852);
#1300=LINE('',#8562,#1853);
#1301=LINE('',#8566,#1854);
#1302=LINE('',#8571,#1855);
#1303=LINE('',#8572,#1856);
#1304=LINE('',#8573,#1857);
#1305=LINE('',#8576,#1858);
#1306=LINE('',#8577,#1859);
#1307=LINE('',#8580,#1860);
#1308=LINE('',#8581,#1861);
#1309=LINE('',#8583,#1862);
#1310=LINE('',#8586,#1863);
#1311=LINE('',#8588,#1864);
#1312=LINE('',#8589,#1865);
#1313=LINE('',#8591,#1866);
#1314=LINE('',#8593,#1867);
#1315=LINE('',#8601,#1868);
#1316=LINE('',#8604,#1869);
#1317=LINE('',#8607,#1870);
#1318=LINE('',#8609,#1871);
#1319=LINE('',#8610,#1872);
#1320=LINE('',#8616,#1873);
#1321=LINE('',#8618,#1874);
#1322=LINE('',#8619,#1875);
#1323=LINE('',#8625,#1876);
#1324=LINE('',#8628,#1877);
#1325=LINE('',#8631,#1878);
#1326=LINE('',#8633,#1879);
#1327=LINE('',#8634,#1880);
#1328=LINE('',#8640,#1881);
#1329=LINE('',#8642,#1882);
#1330=LINE('',#8643,#1883);
#1331=LINE('',#8647,#1884);
#1332=LINE('',#8651,#1885);
#1333=LINE('',#8655,#1886);
#1334=LINE('',#8673,#1887);
#1335=LINE('',#8679,#1888);
#1336=LINE('',#8681,#1889);
#1337=LINE('',#8683,#1890);
#1338=LINE('',#8685,#1891);
#1339=LINE('',#8687,#1892);
#1340=LINE('',#8689,#1893);
#1341=LINE('',#8691,#1894);
#1342=LINE('',#8693,#1895);
#1343=LINE('',#8694,#1896);
#1344=LINE('',#8699,#1897);
#1345=LINE('',#8713,#1898);
#1346=LINE('',#8717,#1899);
#1347=LINE('',#8728,#1900);
#1348=LINE('',#8732,#1901);
#1349=LINE('',#8734,#1902);
#1350=LINE('',#8735,#1903);
#1351=LINE('',#8738,#1904);
#1352=LINE('',#8739,#1905);
#1353=LINE('',#8742,#1906);
#1354=LINE('',#8744,#1907);
#1355=LINE('',#8746,#1908);
#1356=LINE('',#8748,#1909);
#1357=LINE('',#8749,#1910);
#1358=LINE('',#8752,#1911);
#1359=LINE('',#8754,#1912);
#1360=LINE('',#8756,#1913);
#1361=LINE('',#8758,#1914);
#1362=LINE('',#8760,#1915);
#1363=LINE('',#8761,#1916);
#1364=LINE('',#8765,#1917);
#1365=LINE('',#8775,#1918);
#1366=LINE('',#8777,#1919);
#1367=LINE('',#8779,#1920);
#1368=LINE('',#8780,#1921);
#1369=LINE('',#8785,#1922);
#1370=LINE('',#8787,#1923);
#1371=LINE('',#8789,#1924);
#1372=LINE('',#8791,#1925);
#1373=LINE('',#8792,#1926);
#1374=LINE('',#8795,#1927);
#1375=LINE('',#8799,#1928);
#1376=LINE('',#8801,#1929);
#1377=LINE('',#8803,#1930);
#1378=LINE('',#8804,#1931);
#1379=LINE('',#8809,#1932);
#1380=LINE('',#8813,#1933);
#1381=LINE('',#8815,#1934);
#1382=LINE('',#8816,#1935);
#1383=LINE('',#8821,#1936);
#1384=LINE('',#8828,#1937);
#1385=LINE('',#8833,#1938);
#1386=LINE('',#8835,#1939);
#1387=LINE('',#8841,#1940);
#1388=LINE('',#8844,#1941);
#1389=LINE('',#8847,#1942);
#1390=LINE('',#8849,#1943);
#1391=LINE('',#8850,#1944);
#1392=LINE('',#8855,#1945);
#1393=LINE('',#8859,#1946);
#1394=LINE('',#8861,#1947);
#1395=LINE('',#8862,#1948);
#1396=LINE('',#8870,#1949);
#1397=LINE('',#8873,#1950);
#1398=LINE('',#8875,#1951);
#1399=LINE('',#8885,#1952);
#1400=LINE('',#8886,#1953);
#1401=LINE('',#8888,#1954);
#1402=LINE('',#8897,#1955);
#1403=LINE('',#8900,#1956);
#1404=LINE('',#8903,#1957);
#1405=LINE('',#8905,#1958);
#1406=LINE('',#8906,#1959);
#1407=LINE('',#8912,#1960);
#1408=LINE('',#8914,#1961);
#1409=LINE('',#8915,#1962);
#1410=LINE('',#8920,#1963);
#1411=LINE('',#8927,#1964);
#1412=LINE('',#8935,#1965);
#1413=LINE('',#8938,#1966);
#1414=LINE('',#8941,#1967);
#1415=LINE('',#8943,#1968);
#1416=LINE('',#8944,#1969);
#1417=LINE('',#8950,#1970);
#1418=LINE('',#8952,#1971);
#1419=LINE('',#8953,#1972);
#1420=LINE('',#8958,#1973);
#1421=LINE('',#8965,#1974);
#1422=LINE('',#8973,#1975);
#1423=LINE('',#8976,#1976);
#1424=LINE('',#8979,#1977);
#1425=LINE('',#8981,#1978);
#1426=LINE('',#8982,#1979);
#1427=LINE('',#8988,#1980);
#1428=LINE('',#8990,#1981);
#1429=LINE('',#8991,#1982);
#1430=LINE('',#8996,#1983);
#1431=LINE('',#9003,#1984);
#1432=LINE('',#9011,#1985);
#1433=LINE('',#9014,#1986);
#1434=LINE('',#9017,#1987);
#1435=LINE('',#9019,#1988);
#1436=LINE('',#9020,#1989);
#1437=LINE('',#9026,#1990);
#1438=LINE('',#9028,#1991);
#1439=LINE('',#9029,#1992);
#1440=LINE('',#9034,#1993);
#1441=LINE('',#9041,#1994);
#1442=LINE('',#9048,#1995);
#1443=LINE('',#9054,#1996);
#1444=LINE('',#9060,#1997);
#1445=LINE('',#9066,#1998);
#1446=LINE('',#9073,#1999);
#1447=LINE('',#9076,#2000);
#1448=LINE('',#9079,#2001);
#1449=LINE('',#9081,#2002);
#1450=LINE('',#9082,#2003);
#1451=LINE('',#9088,#2004);
#1452=LINE('',#9091,#2005);
#1453=LINE('',#9093,#2006);
#1454=LINE('',#9094,#2007);
#1455=LINE('',#9100,#2008);
#1456=LINE('',#9103,#2009);
#1457=LINE('',#9109,#2010);
#1458=LINE('',#9111,#2011);
#1459=LINE('',#9112,#2012);
#1460=LINE('',#9114,#2013);
#1461=LINE('',#9115,#2014);
#1462=LINE('',#9121,#2015);
#1463=LINE('',#9124,#2016);
#1464=LINE('',#9127,#2017);
#1465=LINE('',#9129,#2018);
#1466=LINE('',#9130,#2019);
#1467=LINE('',#9136,#2020);
#1468=LINE('',#9139,#2021);
#1469=LINE('',#9141,#2022);
#1470=LINE('',#9142,#2023);
#1471=LINE('',#9148,#2024);
#1472=LINE('',#9151,#2025);
#1473=LINE('',#9157,#2026);
#1474=LINE('',#9159,#2027);
#1475=LINE('',#9160,#2028);
#1476=LINE('',#9162,#2029);
#1477=LINE('',#9163,#2030);
#1478=LINE('',#9167,#2031);
#1479=LINE('',#9171,#2032);
#1480=LINE('',#9175,#2033);
#1481=LINE('',#9179,#2034);
#1482=LINE('',#9183,#2035);
#1483=LINE('',#9186,#2036);
#1484=LINE('',#9189,#2037);
#1485=LINE('',#9192,#2038);
#1486=LINE('',#9195,#2039);
#1487=LINE('',#9197,#2040);
#1488=LINE('',#9200,#2041);
#1489=LINE('',#9202,#2042);
#1490=LINE('',#9205,#2043);
#1491=LINE('',#9206,#2044);
#1492=LINE('',#9208,#2045);
#1493=LINE('',#9209,#2046);
#1494=LINE('',#9219,#2047);
#1495=LINE('',#9223,#2048);
#1496=LINE('',#9227,#2049);
#1497=LINE('',#9231,#2050);
#1498=LINE('',#9235,#2051);
#1499=LINE('',#9238,#2052);
#1500=LINE('',#9241,#2053);
#1501=LINE('',#9244,#2054);
#1502=LINE('',#9247,#2055);
#1503=LINE('',#9249,#2056);
#1504=LINE('',#9252,#2057);
#1505=LINE('',#9254,#2058);
#1506=LINE('',#9257,#2059);
#1507=LINE('',#9258,#2060);
#1508=LINE('',#9260,#2061);
#1509=LINE('',#9261,#2062);
#1510=LINE('',#9269,#2063);
#1511=LINE('',#9273,#2064);
#1512=LINE('',#9277,#2065);
#1513=LINE('',#9281,#2066);
#1514=LINE('',#9285,#2067);
#1515=LINE('',#9288,#2068);
#1516=LINE('',#9291,#2069);
#1517=LINE('',#9294,#2070);
#1518=LINE('',#9297,#2071);
#1519=LINE('',#9299,#2072);
#1520=LINE('',#9302,#2073);
#1521=LINE('',#9304,#2074);
#1522=LINE('',#9307,#2075);
#1523=LINE('',#9308,#2076);
#1524=LINE('',#9310,#2077);
#1525=LINE('',#9311,#2078);
#1526=LINE('',#9320,#2079);
#1527=LINE('',#9322,#2080);
#1528=LINE('',#9324,#2081);
#1529=LINE('',#9325,#2082);
#1530=LINE('',#9329,#2083);
#1531=LINE('',#9331,#2084);
#1532=LINE('',#9333,#2085);
#1533=LINE('',#9334,#2086);
#1534=LINE('',#9336,#2087);
#1535=LINE('',#9337,#2088);
#1536=LINE('',#9339,#2089);
#1537=LINE('',#9341,#2090);
#1538=LINE('',#9347,#2091);
#1539=LINE('',#9355,#2092);
#1540=LINE('',#9361,#2093);
#1541=LINE('',#9367,#2094);
#1542=LINE('',#9373,#2095);
#1543=LINE('',#9382,#2096);
#1544=LINE('',#9388,#2097);
#1545=LINE('',#9394,#2098);
#1546=LINE('',#9400,#2099);
#1547=LINE('',#9405,#2100);
#1548=LINE('',#9407,#2101);
#1549=LINE('',#9409,#2102);
#1550=LINE('',#9410,#2103);
#1551=LINE('',#9414,#2104);
#1552=LINE('',#9416,#2105);
#1553=LINE('',#9418,#2106);
#1554=LINE('',#9419,#2107);
#1555=LINE('',#9421,#2108);
#1556=LINE('',#9422,#2109);
#1557=LINE('',#9424,#2110);
#1558=LINE('',#9426,#2111);
#1559=VECTOR('',#6206,1.35);
#1560=VECTOR('',#6213,10.);
#1561=VECTOR('',#6214,10.);
#1562=VECTOR('',#6215,10.);
#1563=VECTOR('',#6216,10.);
#1564=VECTOR('',#6221,10.);
#1565=VECTOR('',#6226,10.);
#1566=VECTOR('',#6227,10.);
#1567=VECTOR('',#6228,10.);
#1568=VECTOR('',#6233,10.);
#1569=VECTOR('',#6242,10.);
#1570=VECTOR('',#6245,10.);
#1571=VECTOR('',#6248,10.);
#1572=VECTOR('',#6253,10.);
#1573=VECTOR('',#6254,10.);
#1574=VECTOR('',#6257,10.);
#1575=VECTOR('',#6260,10.);
#1576=VECTOR('',#6265,1.35);
#1577=VECTOR('',#6272,10.);
#1578=VECTOR('',#6273,10.);
#1579=VECTOR('',#6274,10.);
#1580=VECTOR('',#6275,10.);
#1581=VECTOR('',#6280,10.);
#1582=VECTOR('',#6285,10.);
#1583=VECTOR('',#6286,10.);
#1584=VECTOR('',#6287,10.);
#1585=VECTOR('',#6292,10.);
#1586=VECTOR('',#6301,10.);
#1587=VECTOR('',#6304,10.);
#1588=VECTOR('',#6307,10.);
#1589=VECTOR('',#6312,10.);
#1590=VECTOR('',#6313,10.);
#1591=VECTOR('',#6316,10.);
#1592=VECTOR('',#6319,10.);
#1593=VECTOR('',#6324,10.);
#1594=VECTOR('',#6327,10.);
#1595=VECTOR('',#6330,10.);
#1596=VECTOR('',#6331,10.);
#1597=VECTOR('',#6332,10.);
#1598=VECTOR('',#6339,10.);
#1599=VECTOR('',#6342,10.);
#1600=VECTOR('',#6343,10.);
#1601=VECTOR('',#6344,10.);
#1602=VECTOR('',#6349,10.);
#1603=VECTOR('',#6352,10.);
#1604=VECTOR('',#6359,10.);
#1605=VECTOR('',#6362,10.);
#1606=VECTOR('',#6363,10.);
#1607=VECTOR('',#6366,10.);
#1608=VECTOR('',#6367,10.);
#1609=VECTOR('',#6370,10.);
#1610=VECTOR('',#6373,10.);
#1611=VECTOR('',#6378,10.);
#1612=VECTOR('',#6381,10.);
#1613=VECTOR('',#6384,10.);
#1614=VECTOR('',#6387,10.);
#1615=VECTOR('',#6390,10.);
#1616=VECTOR('',#6393,10.);
#1617=VECTOR('',#6396,10.);
#1618=VECTOR('',#6397,10.);
#1619=VECTOR('',#6402,10.);
#1620=VECTOR('',#6403,10.);
#1621=VECTOR('',#6406,10.);
#1622=VECTOR('',#6407,10.);
#1623=VECTOR('',#6410,10.);
#1624=VECTOR('',#6411,10.);
#1625=VECTOR('',#6424,10.);
#1626=VECTOR('',#6425,10.);
#1627=VECTOR('',#6426,10.);
#1628=VECTOR('',#6427,10.);
#1629=VECTOR('',#6430,10.);
#1630=VECTOR('',#6431,10.);
#1631=VECTOR('',#6432,10.);
#1632=VECTOR('',#6435,10.);
#1633=VECTOR('',#6436,10.);
#1634=VECTOR('',#6437,10.);
#1635=VECTOR('',#6438,10.);
#1636=VECTOR('',#6439,10.);
#1637=VECTOR('',#6440,10.);
#1638=VECTOR('',#6443,10.);
#1639=VECTOR('',#6444,10.);
#1640=VECTOR('',#6445,10.);
#1641=VECTOR('',#6446,10.);
#1642=VECTOR('',#6447,10.);
#1643=VECTOR('',#6448,10.);
#1644=VECTOR('',#6449,10.);
#1645=VECTOR('',#6450,10.);
#1646=VECTOR('',#6451,10.);
#1647=VECTOR('',#6452,10.);
#1648=VECTOR('',#6457,1.35);
#1649=VECTOR('',#6466,3.1);
#1650=VECTOR('',#6471,10.);
#1651=VECTOR('',#6474,10.);
#1652=VECTOR('',#6477,10.);
#1653=VECTOR('',#6480,10.);
#1654=VECTOR('',#6487,10.);
#1655=VECTOR('',#6492,10.);
#1656=VECTOR('',#6493,10.);
#1657=VECTOR('',#6494,10.);
#1658=VECTOR('',#6495,10.);
#1659=VECTOR('',#6496,10.);
#1660=VECTOR('',#6499,10.);
#1661=VECTOR('',#6500,10.);
#1662=VECTOR('',#6501,10.);
#1663=VECTOR('',#6502,10.);
#1664=VECTOR('',#6503,10.);
#1665=VECTOR('',#6504,10.);
#1666=VECTOR('',#6505,10.);
#1667=VECTOR('',#6506,10.);
#1668=VECTOR('',#6507,10.);
#1669=VECTOR('',#6510,10.);
#1670=VECTOR('',#6513,10.);
#1671=VECTOR('',#6514,10.);
#1672=VECTOR('',#6515,10.);
#1673=VECTOR('',#6516,10.);
#1674=VECTOR('',#6517,10.);
#1675=VECTOR('',#6518,10.);
#1676=VECTOR('',#6519,10.);
#1677=VECTOR('',#6520,10.);
#1678=VECTOR('',#6521,10.);
#1679=VECTOR('',#6522,10.);
#1680=VECTOR('',#6523,10.);
#1681=VECTOR('',#6524,10.);
#1682=VECTOR('',#6525,10.);
#1683=VECTOR('',#6526,10.);
#1684=VECTOR('',#6527,10.);
#1685=VECTOR('',#6528,10.);
#1686=VECTOR('',#6529,10.);
#1687=VECTOR('',#6530,10.);
#1688=VECTOR('',#6533,10.);
#1689=VECTOR('',#6536,10.);
#1690=VECTOR('',#6539,10.);
#1691=VECTOR('',#6542,10.);
#1692=VECTOR('',#6545,10.);
#1693=VECTOR('',#6546,10.);
#1694=VECTOR('',#6547,10.);
#1695=VECTOR('',#6550,10.);
#1696=VECTOR('',#6551,10.);
#1697=VECTOR('',#6552,10.);
#1698=VECTOR('',#6557,10.);
#1699=VECTOR('',#6558,10.);
#1700=VECTOR('',#6559,10.);
#1701=VECTOR('',#6562,10.);
#1702=VECTOR('',#6563,10.);
#1703=VECTOR('',#6568,10.);
#1704=VECTOR('',#6571,10.);
#1705=VECTOR('',#6574,10.);
#1706=VECTOR('',#6575,10.);
#1707=VECTOR('',#6582,1.35);
#1708=VECTOR('',#6589,10.);
#1709=VECTOR('',#6590,10.);
#1710=VECTOR('',#6591,10.);
#1711=VECTOR('',#6592,10.);
#1712=VECTOR('',#6593,10.);
#1713=VECTOR('',#6596,10.);
#1714=VECTOR('',#6597,10.);
#1715=VECTOR('',#6598,10.);
#1716=VECTOR('',#6601,10.);
#1717=VECTOR('',#6602,10.);
#1718=VECTOR('',#6605,10.);
#1719=VECTOR('',#6608,10.);
#1720=VECTOR('',#6609,10.);
#1721=VECTOR('',#6612,10.);
#1722=VECTOR('',#6613,10.);
#1723=VECTOR('',#6616,10.);
#1724=VECTOR('',#6617,10.);
#1725=VECTOR('',#6622,1.35);
#1726=VECTOR('',#6629,10.);
#1727=VECTOR('',#6630,10.);
#1728=VECTOR('',#6631,10.);
#1729=VECTOR('',#6632,10.);
#1730=VECTOR('',#6633,10.);
#1731=VECTOR('',#6636,10.);
#1732=VECTOR('',#6637,10.);
#1733=VECTOR('',#6638,10.);
#1734=VECTOR('',#6641,10.);
#1735=VECTOR('',#6642,10.);
#1736=VECTOR('',#6643,10.);
#1737=VECTOR('',#6644,10.);
#1738=VECTOR('',#6649,10.);
#1739=VECTOR('',#6650,10.);
#1740=VECTOR('',#6651,10.);
#1741=VECTOR('',#6654,10.);
#1742=VECTOR('',#6655,10.);
#1743=VECTOR('',#6658,10.);
#1744=VECTOR('',#6659,10.);
#1745=VECTOR('',#6660,10.);
#1746=VECTOR('',#6661,10.);
#1747=VECTOR('',#6662,10.);
#1748=VECTOR('',#6665,10.);
#1749=VECTOR('',#6668,10.);
#1750=VECTOR('',#6671,10.);
#1751=VECTOR('',#6672,10.);
#1752=VECTOR('',#6673,10.);
#1753=VECTOR('',#6674,10.);
#1754=VECTOR('',#6675,10.);
#1755=VECTOR('',#6676,10.);
#1756=VECTOR('',#6679,10.);
#1757=VECTOR('',#6682,10.);
#1758=VECTOR('',#6687,1.35);
#1759=VECTOR('',#6694,10.);
#1760=VECTOR('',#6695,10.);
#1761=VECTOR('',#6698,10.);
#1762=VECTOR('',#6699,10.);
#1763=VECTOR('',#6702,10.);
#1764=VECTOR('',#6703,10.);
#1765=VECTOR('',#6704,10.);
#1766=VECTOR('',#6709,10.);
#1767=VECTOR('',#6710,10.);
#1768=VECTOR('',#6713,10.);
#1769=VECTOR('',#6714,10.);
#1770=VECTOR('',#6715,10.);
#1771=VECTOR('',#6716,10.);
#1772=VECTOR('',#6717,10.);
#1773=VECTOR('',#6718,10.);
#1774=VECTOR('',#6721,10.);
#1775=VECTOR('',#6724,10.);
#1776=VECTOR('',#6729,1.35);
#1777=VECTOR('',#6734,10.);
#1778=VECTOR('',#6735,10.);
#1779=VECTOR('',#6736,10.);
#1780=VECTOR('',#6737,10.);
#1781=VECTOR('',#6740,10.);
#1782=VECTOR('',#6741,10.);
#1783=VECTOR('',#6742,10.);
#1784=VECTOR('',#6745,10.);
#1785=VECTOR('',#6750,1.35);
#1786=VECTOR('',#6755,10.);
#1787=VECTOR('',#6756,10.);
#1788=VECTOR('',#6757,10.);
#1789=VECTOR('',#6762,10.);
#1790=VECTOR('',#6765,10.);
#1791=VECTOR('',#6766,10.);
#1792=VECTOR('',#6769,10.);
#1793=VECTOR('',#6770,10.);
#1794=VECTOR('',#6771,10.);
#1795=VECTOR('',#6774,10.);
#1796=VECTOR('',#6775,10.);
#1797=VECTOR('',#6778,10.);
#1798=VECTOR('',#6779,10.);
#1799=VECTOR('',#6780,10.);
#1800=VECTOR('',#6783,10.);
#1801=VECTOR('',#6784,10.);
#1802=VECTOR('',#6787,10.);
#1803=VECTOR('',#6788,10.);
#1804=VECTOR('',#6789,10.);
#1805=VECTOR('',#6790,10.);
#1806=VECTOR('',#6791,10.);
#1807=VECTOR('',#6800,10.);
#1808=VECTOR('',#6801,10.);
#1809=VECTOR('',#6804,10.);
#1810=VECTOR('',#6805,10.);
#1811=VECTOR('',#6806,10.);
#1812=VECTOR('',#6809,10.);
#1813=VECTOR('',#6810,10.);
#1814=VECTOR('',#6813,10.);
#1815=VECTOR('',#6816,10.);
#1816=VECTOR('',#6817,10.);
#1817=VECTOR('',#6820,10.);
#1818=VECTOR('',#6825,10.);
#1819=VECTOR('',#6826,10.);
#1820=VECTOR('',#6829,10.);
#1821=VECTOR('',#6832,10.);
#1822=VECTOR('',#6837,10.);
#1823=VECTOR('',#6838,10.);
#1824=VECTOR('',#6841,10.);
#1825=VECTOR('',#6844,10.);
#1826=VECTOR('',#6849,10.);
#1827=VECTOR('',#6850,10.);
#1828=VECTOR('',#6857,10.);
#1829=VECTOR('',#6866,10.);
#1830=VECTOR('',#6873,10.);
#1831=VECTOR('',#6874,10.);
#1832=VECTOR('',#6875,10.);
#1833=VECTOR('',#6876,10.);
#1834=VECTOR('',#6879,10.);
#1835=VECTOR('',#6880,10.);
#1836=VECTOR('',#6881,10.);
#1837=VECTOR('',#6882,10.);
#1838=VECTOR('',#6885,10.);
#1839=VECTOR('',#6886,10.);
#1840=VECTOR('',#6889,10.);
#1841=VECTOR('',#6890,10.);
#1842=VECTOR('',#6891,10.);
#1843=VECTOR('',#6892,10.);
#1844=VECTOR('',#6893,10.);
#1845=VECTOR('',#6894,10.);
#1846=VECTOR('',#6895,10.);
#1847=VECTOR('',#6896,10.);
#1848=VECTOR('',#6897,10.);
#1849=VECTOR('',#6904,10.);
#1850=VECTOR('',#6905,10.);
#1851=VECTOR('',#6908,10.);
#1852=VECTOR('',#6909,10.);
#1853=VECTOR('',#6912,1.7);
#1854=VECTOR('',#6917,1.7);
#1855=VECTOR('',#6922,10.);
#1856=VECTOR('',#6923,10.);
#1857=VECTOR('',#6924,10.);
#1858=VECTOR('',#6927,10.);
#1859=VECTOR('',#6928,10.);
#1860=VECTOR('',#6931,10.);
#1861=VECTOR('',#6932,10.);
#1862=VECTOR('',#6935,10.);
#1863=VECTOR('',#6938,10.);
#1864=VECTOR('',#6939,10.);
#1865=VECTOR('',#6940,10.);
#1866=VECTOR('',#6943,10.);
#1867=VECTOR('',#6946,10.);
#1868=VECTOR('',#6955,10.);
#1869=VECTOR('',#6958,10.);
#1870=VECTOR('',#6961,10.);
#1871=VECTOR('',#6962,10.);
#1872=VECTOR('',#6963,10.);
#1873=VECTOR('',#6970,10.);
#1874=VECTOR('',#6973,10.);
#1875=VECTOR('',#6974,10.);
#1876=VECTOR('',#6979,10.);
#1877=VECTOR('',#6982,10.);
#1878=VECTOR('',#6985,10.);
#1879=VECTOR('',#6986,10.);
#1880=VECTOR('',#6987,10.);
#1881=VECTOR('',#6994,10.);
#1882=VECTOR('',#6997,10.);
#1883=VECTOR('',#6998,10.);
#1884=VECTOR('',#7001,10.);
#1885=VECTOR('',#7004,10.);
#1886=VECTOR('',#7007,3.5);
#1887=VECTOR('',#7016,10.);
#1888=VECTOR('',#7023,10.);
#1889=VECTOR('',#7024,10.);
#1890=VECTOR('',#7025,10.);
#1891=VECTOR('',#7026,10.);
#1892=VECTOR('',#7027,10.);
#1893=VECTOR('',#7028,10.);
#1894=VECTOR('',#7029,10.);
#1895=VECTOR('',#7030,10.);
#1896=VECTOR('',#7031,10.);
#1897=VECTOR('',#7036,10.);
#1898=VECTOR('',#7039,10.);
#1899=VECTOR('',#7042,10.);
#1900=VECTOR('',#7047,10.);
#1901=VECTOR('',#7050,10.);
#1902=VECTOR('',#7051,10.);
#1903=VECTOR('',#7052,10.);
#1904=VECTOR('',#7055,10.);
#1905=VECTOR('',#7056,10.);
#1906=VECTOR('',#7059,10.);
#1907=VECTOR('',#7060,10.);
#1908=VECTOR('',#7061,10.);
#1909=VECTOR('',#7062,10.);
#1910=VECTOR('',#7063,10.);
#1911=VECTOR('',#7066,10.);
#1912=VECTOR('',#7067,10.);
#1913=VECTOR('',#7068,10.);
#1914=VECTOR('',#7069,10.);
#1915=VECTOR('',#7070,10.);
#1916=VECTOR('',#7071,10.);
#1917=VECTOR('',#7074,10.);
#1918=VECTOR('',#7079,10.);
#1919=VECTOR('',#7080,10.);
#1920=VECTOR('',#7081,10.);
#1921=VECTOR('',#7082,10.);
#1922=VECTOR('',#7089,10.);
#1923=VECTOR('',#7090,10.);
#1924=VECTOR('',#7091,10.);
#1925=VECTOR('',#7092,10.);
#1926=VECTOR('',#7093,10.);
#1927=VECTOR('',#7098,10.);
#1928=VECTOR('',#7101,10.);
#1929=VECTOR('',#7102,10.);
#1930=VECTOR('',#7103,10.);
#1931=VECTOR('',#7104,10.);
#1932=VECTOR('',#7109,10.);
#1933=VECTOR('',#7114,10.);
#1934=VECTOR('',#7115,10.);
#1935=VECTOR('',#7116,10.);
#1936=VECTOR('',#7121,10.);
#1937=VECTOR('',#7132,10.);
#1938=VECTOR('',#7139,10.);
#1939=VECTOR('',#7142,10.);
#1940=VECTOR('',#7147,10.);
#1941=VECTOR('',#7150,10.);
#1942=VECTOR('',#7153,10.);
#1943=VECTOR('',#7154,10.);
#1944=VECTOR('',#7155,10.);
#1945=VECTOR('',#7160,10.);
#1946=VECTOR('',#7165,10.);
#1947=VECTOR('',#7166,10.);
#1948=VECTOR('',#7167,10.);
#1949=VECTOR('',#7178,10.);
#1950=VECTOR('',#7183,10.);
#1951=VECTOR('',#7186,10.);
#1952=VECTOR('',#7205,10.);
#1953=VECTOR('',#7206,10.);
#1954=VECTOR('',#7209,10.);
#1955=VECTOR('',#7220,10.);
#1956=VECTOR('',#7223,10.);
#1957=VECTOR('',#7226,10.);
#1958=VECTOR('',#7227,10.);
#1959=VECTOR('',#7228,10.);
#1960=VECTOR('',#7235,10.);
#1961=VECTOR('',#7238,10.);
#1962=VECTOR('',#7239,10.);
#1963=VECTOR('',#7244,1.2);
#1964=VECTOR('',#7253,2.7);
#1965=VECTOR('',#7262,10.);
#1966=VECTOR('',#7265,10.);
#1967=VECTOR('',#7268,10.);
#1968=VECTOR('',#7269,10.);
#1969=VECTOR('',#7270,10.);
#1970=VECTOR('',#7277,10.);
#1971=VECTOR('',#7280,10.);
#1972=VECTOR('',#7281,10.);
#1973=VECTOR('',#7286,1.2);
#1974=VECTOR('',#7295,2.7);
#1975=VECTOR('',#7304,10.);
#1976=VECTOR('',#7307,10.);
#1977=VECTOR('',#7310,10.);
#1978=VECTOR('',#7311,10.);
#1979=VECTOR('',#7312,10.);
#1980=VECTOR('',#7319,10.);
#1981=VECTOR('',#7322,10.);
#1982=VECTOR('',#7323,10.);
#1983=VECTOR('',#7328,1.2);
#1984=VECTOR('',#7337,2.7);
#1985=VECTOR('',#7346,10.);
#1986=VECTOR('',#7349,10.);
#1987=VECTOR('',#7352,10.);
#1988=VECTOR('',#7353,10.);
#1989=VECTOR('',#7354,10.);
#1990=VECTOR('',#7361,10.);
#1991=VECTOR('',#7364,10.);
#1992=VECTOR('',#7365,10.);
#1993=VECTOR('',#7370,1.2);
#1994=VECTOR('',#7379,2.7);
#1995=VECTOR('',#7388,1.7);
#1996=VECTOR('',#7395,1.7);
#1997=VECTOR('',#7402,1.7);
#1998=VECTOR('',#7409,1.7);
#1999=VECTOR('',#7416,10.);
#2000=VECTOR('',#7419,10.);
#2001=VECTOR('',#7422,10.);
#2002=VECTOR('',#7423,10.);
#2003=VECTOR('',#7424,10.);
#2004=VECTOR('',#7431,10.);
#2005=VECTOR('',#7434,10.);
#2006=VECTOR('',#7435,10.);
#2007=VECTOR('',#7436,10.);
#2008=VECTOR('',#7441,10.);
#2009=VECTOR('',#7444,10.);
#2010=VECTOR('',#7451,10.);
#2011=VECTOR('',#7454,10.);
#2012=VECTOR('',#7455,10.);
#2013=VECTOR('',#7458,10.);
#2014=VECTOR('',#7459,10.);
#2015=VECTOR('',#7464,10.);
#2016=VECTOR('',#7467,10.);
#2017=VECTOR('',#7470,10.);
#2018=VECTOR('',#7471,10.);
#2019=VECTOR('',#7472,10.);
#2020=VECTOR('',#7479,10.);
#2021=VECTOR('',#7482,10.);
#2022=VECTOR('',#7483,10.);
#2023=VECTOR('',#7484,10.);
#2024=VECTOR('',#7489,10.);
#2025=VECTOR('',#7492,10.);
#2026=VECTOR('',#7499,10.);
#2027=VECTOR('',#7502,10.);
#2028=VECTOR('',#7503,10.);
#2029=VECTOR('',#7506,10.);
#2030=VECTOR('',#7507,10.);
#2031=VECTOR('',#7510,10.);
#2032=VECTOR('',#7513,10.);
#2033=VECTOR('',#7518,10.);
#2034=VECTOR('',#7521,10.);
#2035=VECTOR('',#7524,10.);
#2036=VECTOR('',#7527,10.);
#2037=VECTOR('',#7530,10.);
#2038=VECTOR('',#7533,10.);
#2039=VECTOR('',#7536,10.);
#2040=VECTOR('',#7537,10.);
#2041=VECTOR('',#7542,10.);
#2042=VECTOR('',#7543,10.);
#2043=VECTOR('',#7546,10.);
#2044=VECTOR('',#7547,10.);
#2045=VECTOR('',#7550,10.);
#2046=VECTOR('',#7551,10.);
#2047=VECTOR('',#7566,10.);
#2048=VECTOR('',#7569,10.);
#2049=VECTOR('',#7574,10.);
#2050=VECTOR('',#7577,10.);
#2051=VECTOR('',#7580,10.);
#2052=VECTOR('',#7583,10.);
#2053=VECTOR('',#7586,10.);
#2054=VECTOR('',#7589,10.);
#2055=VECTOR('',#7592,10.);
#2056=VECTOR('',#7593,10.);
#2057=VECTOR('',#7598,10.);
#2058=VECTOR('',#7599,10.);
#2059=VECTOR('',#7602,10.);
#2060=VECTOR('',#7603,10.);
#2061=VECTOR('',#7606,10.);
#2062=VECTOR('',#7607,10.);
#2063=VECTOR('',#7618,10.);
#2064=VECTOR('',#7621,10.);
#2065=VECTOR('',#7626,10.);
#2066=VECTOR('',#7629,10.);
#2067=VECTOR('',#7632,10.);
#2068=VECTOR('',#7635,10.);
#2069=VECTOR('',#7638,10.);
#2070=VECTOR('',#7641,10.);
#2071=VECTOR('',#7644,10.);
#2072=VECTOR('',#7645,10.);
#2073=VECTOR('',#7650,10.);
#2074=VECTOR('',#7651,10.);
#2075=VECTOR('',#7654,10.);
#2076=VECTOR('',#7655,10.);
#2077=VECTOR('',#7658,10.);
#2078=VECTOR('',#7659,10.);
#2079=VECTOR('',#7672,10.);
#2080=VECTOR('',#7673,10.);
#2081=VECTOR('',#7674,10.);
#2082=VECTOR('',#7675,10.);
#2083=VECTOR('',#7678,10.);
#2084=VECTOR('',#7679,10.);
#2085=VECTOR('',#7680,10.);
#2086=VECTOR('',#7681,10.);
#2087=VECTOR('',#7684,10.);
#2088=VECTOR('',#7685,10.);
#2089=VECTOR('',#7688,10.);
#2090=VECTOR('',#7691,10.);
#2091=VECTOR('',#7698,3.);
#2092=VECTOR('',#7709,1.5);
#2093=VECTOR('',#7716,1.5);
#2094=VECTOR('',#7723,1.6);
#2095=VECTOR('',#7730,9.);
#2096=VECTOR('',#7743,1.375);
#2097=VECTOR('',#7750,1.375);
#2098=VECTOR('',#7757,1.375);
#2099=VECTOR('',#7764,1.375);
#2100=VECTOR('',#7769,10.);
#2101=VECTOR('',#7770,10.);
#2102=VECTOR('',#7771,10.);
#2103=VECTOR('',#7772,10.);
#2104=VECTOR('',#7775,10.);
#2105=VECTOR('',#7776,10.);
#2106=VECTOR('',#7777,10.);
#2107=VECTOR('',#7778,10.);
#2108=VECTOR('',#7781,10.);
#2109=VECTOR('',#7782,10.);
#2110=VECTOR('',#7785,10.);
#2111=VECTOR('',#7788,10.);
#2112=CIRCLE('',#5672,1.35);
#2113=CIRCLE('',#5673,1.35);
#2114=CIRCLE('',#5677,2.);
#2115=CIRCLE('',#5678,2.);
#2116=CIRCLE('',#5681,2.);
#2117=CIRCLE('',#5682,2.);
#2118=CIRCLE('',#5684,2.);
#2119=CIRCLE('',#5685,2.);
#2120=CIRCLE('',#5687,2.);
#2121=CIRCLE('',#5689,2.);
#2122=CIRCLE('',#5693,1.35);
#2123=CIRCLE('',#5694,1.35);
#2124=CIRCLE('',#5698,2.);
#2125=CIRCLE('',#5699,2.);
#2126=CIRCLE('',#5702,2.);
#2127=CIRCLE('',#5703,2.);
#2128=CIRCLE('',#5705,2.);
#2129=CIRCLE('',#5706,2.);
#2130=CIRCLE('',#5708,2.);
#2131=CIRCLE('',#5710,2.);
#2132=CIRCLE('',#5714,3.);
#2133=CIRCLE('',#5715,3.);
#2134=CIRCLE('',#5718,3.);
#2135=CIRCLE('',#5719,3.);
#2136=CIRCLE('',#5722,3.);
#2137=CIRCLE('',#5723,3.);
#2138=CIRCLE('',#5725,3.);
#2139=CIRCLE('',#5726,3.);
#2140=CIRCLE('',#5730,4.);
#2141=CIRCLE('',#5731,4.);
#2142=CIRCLE('',#5733,4.);
#2143=CIRCLE('',#5734,4.);
#2144=CIRCLE('',#5735,4.);
#2145=CIRCLE('',#5737,4.);
#2146=CIRCLE('',#5739,4.);
#2147=CIRCLE('',#5741,4.);
#2148=CIRCLE('',#5753,1.35);
#2149=CIRCLE('',#5754,1.35);
#2150=CIRCLE('',#5757,3.1);
#2151=CIRCLE('',#5758,3.1);
#2152=CIRCLE('',#5759,3.1);
#2153=CIRCLE('',#5760,3.1);
#2154=CIRCLE('',#5761,3.1);
#2155=CIRCLE('',#5762,3.1);
#2156=CIRCLE('',#5763,3.1);
#2157=CIRCLE('',#5764,3.1);
#2158=CIRCLE('',#5769,3.6);
#2159=CIRCLE('',#5770,3.6);
#2160=CIRCLE('',#5771,1.7);
#2161=CIRCLE('',#5772,1.7);
#2162=CIRCLE('',#5773,1.7);
#2163=CIRCLE('',#5774,1.7);
#2164=CIRCLE('',#5776,3.6);
#2165=CIRCLE('',#5777,1.35);
#2166=CIRCLE('',#5779,3.6);
#2167=CIRCLE('',#5780,1.35);
#2168=CIRCLE('',#5786,1.35);
#2169=CIRCLE('',#5787,1.35);
#2170=CIRCLE('',#5797,1.35);
#2171=CIRCLE('',#5798,1.35);
#2172=CIRCLE('',#5806,3.6);
#2173=CIRCLE('',#5807,1.7);
#2174=CIRCLE('',#5808,1.7);
#2175=CIRCLE('',#5813,1.35);
#2176=CIRCLE('',#5814,1.35);
#2177=CIRCLE('',#5822,1.7);
#2178=CIRCLE('',#5823,1.7);
#2179=CIRCLE('',#5825,1.35);
#2180=CIRCLE('',#5831,1.35);
#2181=CIRCLE('',#5834,3.6);
#2182=CIRCLE('',#5836,3.6);
#2183=CIRCLE('',#5843,3.6);
#2184=CIRCLE('',#5874,1.7);
#2185=CIRCLE('',#5875,1.7);
#2186=CIRCLE('',#5879,1.7);
#2187=CIRCLE('',#5881,1.7);
#2188=CIRCLE('',#5892,1.7);
#2189=CIRCLE('',#5893,1.7);
#2190=CIRCLE('',#5896,1.7);
#2191=CIRCLE('',#5897,1.7);
#2192=CIRCLE('',#5900,1.7);
#2193=CIRCLE('',#5901,1.7);
#2194=CIRCLE('',#5904,1.7);
#2195=CIRCLE('',#5905,1.7);
#2196=CIRCLE('',#5908,3.5);
#2197=CIRCLE('',#5909,3.5);
#2198=CIRCLE('',#5910,3.5);
#2199=CIRCLE('',#5911,3.5);
#2200=CIRCLE('',#5913,4.2);
#2201=CIRCLE('',#5914,4.2);
#2202=CIRCLE('',#5916,4.2);
#2203=CIRCLE('',#5918,4.2);
#2204=CIRCLE('',#5920,4.2);
#2205=CIRCLE('',#5921,4.2);
#2206=CIRCLE('',#5923,4.2);
#2207=CIRCLE('',#5928,4.2);
#2208=CIRCLE('',#5931,1.5);
#2209=CIRCLE('',#5934,1.5);
#2210=CIRCLE('',#5937,1.);
#2211=CIRCLE('',#5938,1.);
#2212=CIRCLE('',#5941,1.);
#2213=CIRCLE('',#5942,1.);
#2214=CIRCLE('',#5944,1.);
#2215=CIRCLE('',#5945,1.);
#2216=CIRCLE('',#5947,1.);
#2217=CIRCLE('',#5949,1.);
#2218=CIRCLE('',#5952,1.);
#2219=CIRCLE('',#5953,1.);
#2220=CIRCLE('',#5956,1.);
#2221=CIRCLE('',#5957,1.);
#2222=CIRCLE('',#5960,1.);
#2223=CIRCLE('',#5961,1.);
#2224=CIRCLE('',#5963,1.);
#2225=CIRCLE('',#5964,1.);
#2226=CIRCLE('',#5968,1.5);
#2227=CIRCLE('',#5970,1.5);
#2228=CIRCLE('',#5971,1.5);
#2229=CIRCLE('',#5973,1.5);
#2230=CIRCLE('',#5981,0.9);
#2231=CIRCLE('',#5982,0.9);
#2232=CIRCLE('',#5985,0.9);
#2233=CIRCLE('',#5986,0.9);
#2234=CIRCLE('',#5989,1.2);
#2235=CIRCLE('',#5990,1.2);
#2236=CIRCLE('',#5993,2.7);
#2237=CIRCLE('',#5994,2.7);
#2238=CIRCLE('',#5997,0.9);
#2239=CIRCLE('',#5998,0.9);
#2240=CIRCLE('',#6001,0.9);
#2241=CIRCLE('',#6002,0.9);
#2242=CIRCLE('',#6005,1.2);
#2243=CIRCLE('',#6006,1.2);
#2244=CIRCLE('',#6009,2.7);
#2245=CIRCLE('',#6010,2.7);
#2246=CIRCLE('',#6013,0.9);
#2247=CIRCLE('',#6014,0.9);
#2248=CIRCLE('',#6017,0.9);
#2249=CIRCLE('',#6018,0.9);
#2250=CIRCLE('',#6021,1.2);
#2251=CIRCLE('',#6022,1.2);
#2252=CIRCLE('',#6025,2.7);
#2253=CIRCLE('',#6026,2.7);
#2254=CIRCLE('',#6029,0.9);
#2255=CIRCLE('',#6030,0.9);
#2256=CIRCLE('',#6033,0.9);
#2257=CIRCLE('',#6034,0.9);
#2258=CIRCLE('',#6037,1.2);
#2259=CIRCLE('',#6038,1.2);
#2260=CIRCLE('',#6041,2.7);
#2261=CIRCLE('',#6042,2.7);
#2262=CIRCLE('',#6045,1.7);
#2263=CIRCLE('',#6046,1.7);
#2264=CIRCLE('',#6048,1.7);
#2265=CIRCLE('',#6049,1.7);
#2266=CIRCLE('',#6051,1.7);
#2267=CIRCLE('',#6052,1.7);
#2268=CIRCLE('',#6054,1.7);
#2269=CIRCLE('',#6055,1.7);
#2270=CIRCLE('',#6057,2.);
#2271=CIRCLE('',#6058,2.);
#2272=CIRCLE('',#6061,2.);
#2273=CIRCLE('',#6062,2.);
#2274=CIRCLE('',#6065,2.);
#2275=CIRCLE('',#6066,2.);
#2276=CIRCLE('',#6068,2.);
#2277=CIRCLE('',#6069,2.);
#2278=CIRCLE('',#6073,2.);
#2279=CIRCLE('',#6074,2.);
#2280=CIRCLE('',#6077,2.);
#2281=CIRCLE('',#6078,2.);
#2282=CIRCLE('',#6081,2.);
#2283=CIRCLE('',#6082,2.);
#2284=CIRCLE('',#6084,2.);
#2285=CIRCLE('',#6085,2.);
#2286=CIRCLE('',#6089,3.);
#2287=CIRCLE('',#6090,3.);
#2288=CIRCLE('',#6092,3.);
#2289=CIRCLE('',#6093,3.);
#2290=CIRCLE('',#6094,3.);
#2291=CIRCLE('',#6096,3.);
#2292=CIRCLE('',#6098,3.);
#2293=CIRCLE('',#6100,3.);
#2294=CIRCLE('',#6109,3.);
#2295=CIRCLE('',#6110,3.);
#2296=CIRCLE('',#6112,3.);
#2297=CIRCLE('',#6113,3.);
#2298=CIRCLE('',#6114,3.);
#2299=CIRCLE('',#6116,3.);
#2300=CIRCLE('',#6118,3.);
#2301=CIRCLE('',#6120,3.);
#2302=CIRCLE('',#6127,4.);
#2303=CIRCLE('',#6128,4.);
#2304=CIRCLE('',#6130,4.);
#2305=CIRCLE('',#6131,4.);
#2306=CIRCLE('',#6132,4.);
#2307=CIRCLE('',#6134,4.);
#2308=CIRCLE('',#6136,4.);
#2309=CIRCLE('',#6138,4.);
#2310=CIRCLE('',#6152,3.);
#2311=CIRCLE('',#6153,3.);
#2312=CIRCLE('',#6157,1.5);
#2313=CIRCLE('',#6158,1.5);
#2314=CIRCLE('',#6160,1.5);
#2315=CIRCLE('',#6161,1.5);
#2316=CIRCLE('',#6163,1.6);
#2317=CIRCLE('',#6164,1.6);
#2318=CIRCLE('',#6166,9.);
#2319=CIRCLE('',#6167,9.);
#2320=CIRCLE('',#6172,1.375);
#2321=CIRCLE('',#6173,1.375);
#2322=CIRCLE('',#6175,1.375);
#2323=CIRCLE('',#6176,1.375);
#2324=CIRCLE('',#6178,1.375);
#2325=CIRCLE('',#6179,1.375);
#2326=CIRCLE('',#6181,1.375);
#2327=CIRCLE('',#6182,1.375);
#2328=VERTEX_POINT('',#7812);
#2329=VERTEX_POINT('',#7814);
#2330=VERTEX_POINT('',#7819);
#2331=VERTEX_POINT('',#7820);
#2332=VERTEX_POINT('',#7822);
#2333=VERTEX_POINT('',#7824);
#2334=VERTEX_POINT('',#7828);
#2335=VERTEX_POINT('',#7830);
#2336=VERTEX_POINT('',#7834);
#2337=VERTEX_POINT('',#7836);
#2338=VERTEX_POINT('',#7840);
#2339=VERTEX_POINT('',#7842);
#2340=VERTEX_POINT('',#7846);
#2341=VERTEX_POINT('',#7848);
#2342=VERTEX_POINT('',#7852);
#2343=VERTEX_POINT('',#7854);
#2344=VERTEX_POINT('',#7858);
#2345=VERTEX_POINT('',#7859);
#2346=VERTEX_POINT('',#7868);
#2347=VERTEX_POINT('',#7870);
#2348=VERTEX_POINT('',#7875);
#2349=VERTEX_POINT('',#7876);
#2350=VERTEX_POINT('',#7878);
#2351=VERTEX_POINT('',#7880);
#2352=VERTEX_POINT('',#7884);
#2353=VERTEX_POINT('',#7886);
#2354=VERTEX_POINT('',#7890);
#2355=VERTEX_POINT('',#7892);
#2356=VERTEX_POINT('',#7896);
#2357=VERTEX_POINT('',#7898);
#2358=VERTEX_POINT('',#7902);
#2359=VERTEX_POINT('',#7904);
#2360=VERTEX_POINT('',#7908);
#2361=VERTEX_POINT('',#7910);
#2362=VERTEX_POINT('',#7914);
#2363=VERTEX_POINT('',#7915);
#2364=VERTEX_POINT('',#7924);
#2365=VERTEX_POINT('',#7925);
#2366=VERTEX_POINT('',#7927);
#2367=VERTEX_POINT('',#7929);
#2368=VERTEX_POINT('',#7933);
#2369=VERTEX_POINT('',#7935);
#2370=VERTEX_POINT('',#7939);
#2371=VERTEX_POINT('',#7941);
#2372=VERTEX_POINT('',#7945);
#2373=VERTEX_POINT('',#7947);
#2374=VERTEX_POINT('',#7951);
#2375=VERTEX_POINT('',#7952);
#2376=VERTEX_POINT('',#7954);
#2377=VERTEX_POINT('',#7956);
#2378=VERTEX_POINT('',#7960);
#2379=VERTEX_POINT('',#7962);
#2380=VERTEX_POINT('',#7972);
#2381=VERTEX_POINT('',#7973);
#2382=VERTEX_POINT('',#7975);
#2383=VERTEX_POINT('',#7977);
#2384=VERTEX_POINT('',#7981);
#2385=VERTEX_POINT('',#7983);
#2386=VERTEX_POINT('',#7985);
#2387=VERTEX_POINT('',#7987);
#2388=VERTEX_POINT('',#7989);
#2389=VERTEX_POINT('',#7991);
#2390=VERTEX_POINT('',#7995);
#2391=VERTEX_POINT('',#7997);
#2392=VERTEX_POINT('',#8001);
#2393=VERTEX_POINT('',#8003);
#2394=VERTEX_POINT('',#8008);
#2395=VERTEX_POINT('',#8010);
#2396=VERTEX_POINT('',#8023);
#2397=VERTEX_POINT('',#8024);
#2398=VERTEX_POINT('',#8026);
#2399=VERTEX_POINT('',#8028);
#2400=VERTEX_POINT('',#8032);
#2401=VERTEX_POINT('',#8034);
#2402=VERTEX_POINT('',#8038);
#2403=VERTEX_POINT('',#8040);
#2404=VERTEX_POINT('',#8042);
#2405=VERTEX_POINT('',#8044);
#2406=VERTEX_POINT('',#8046);
#2407=VERTEX_POINT('',#8050);
#2408=VERTEX_POINT('',#8052);
#2409=VERTEX_POINT('',#8054);
#2410=VERTEX_POINT('',#8056);
#2411=VERTEX_POINT('',#8058);
#2412=VERTEX_POINT('',#8060);
#2413=VERTEX_POINT('',#8062);
#2414=VERTEX_POINT('',#8064);
#2415=VERTEX_POINT('',#8066);
#2416=VERTEX_POINT('',#8070);
#2417=VERTEX_POINT('',#8072);
#2418=VERTEX_POINT('',#8077);
#2419=VERTEX_POINT('',#8079);
#2420=VERTEX_POINT('',#8081);
#2421=VERTEX_POINT('',#8083);
#2422=VERTEX_POINT('',#8085);
#2423=VERTEX_POINT('',#8087);
#2424=VERTEX_POINT('',#8089);
#2425=VERTEX_POINT('',#8091);
#2426=VERTEX_POINT('',#8093);
#2427=VERTEX_POINT('',#8095);
#2428=VERTEX_POINT('',#8097);
#2429=VERTEX_POINT('',#8099);
#2430=VERTEX_POINT('',#8106);
#2431=VERTEX_POINT('',#8108);
#2432=VERTEX_POINT('',#8110);
#2433=VERTEX_POINT('',#8112);
#2434=VERTEX_POINT('',#8116);
#2435=VERTEX_POINT('',#8118);
#2436=VERTEX_POINT('',#8120);
#2437=VERTEX_POINT('',#8122);
#2438=VERTEX_POINT('',#8124);
#2439=VERTEX_POINT('',#8126);
#2440=VERTEX_POINT('',#8129);
#2441=VERTEX_POINT('',#8131);
#2442=VERTEX_POINT('',#8133);
#2443=VERTEX_POINT('',#8135);
#2444=VERTEX_POINT('',#8137);
#2445=VERTEX_POINT('',#8139);
#2446=VERTEX_POINT('',#8141);
#2447=VERTEX_POINT('',#8143);
#2448=VERTEX_POINT('',#8145);
#2449=VERTEX_POINT('',#8147);
#2450=VERTEX_POINT('',#8149);
#2451=VERTEX_POINT('',#8151);
#2452=VERTEX_POINT('',#8153);
#2453=VERTEX_POINT('',#8155);
#2454=VERTEX_POINT('',#8157);
#2455=VERTEX_POINT('',#8159);
#2456=VERTEX_POINT('',#8161);
#2457=VERTEX_POINT('',#8163);
#2458=VERTEX_POINT('',#8165);
#2459=VERTEX_POINT('',#8167);
#2460=VERTEX_POINT('',#8169);
#2461=VERTEX_POINT('',#8173);
#2462=VERTEX_POINT('',#8174);
#2463=VERTEX_POINT('',#8176);
#2464=VERTEX_POINT('',#8178);
#2465=VERTEX_POINT('',#8181);
#2466=VERTEX_POINT('',#8182);
#2467=VERTEX_POINT('',#8184);
#2468=VERTEX_POINT('',#8186);
#2469=VERTEX_POINT('',#8191);
#2470=VERTEX_POINT('',#8193);
#2471=VERTEX_POINT('',#8195);
#2472=VERTEX_POINT('',#8197);
#2473=VERTEX_POINT('',#8199);
#2474=VERTEX_POINT('',#8202);
#2475=VERTEX_POINT('',#8205);
#2476=VERTEX_POINT('',#8207);
#2477=VERTEX_POINT('',#8209);
#2478=VERTEX_POINT('',#8211);
#2479=VERTEX_POINT('',#8213);
#2480=VERTEX_POINT('',#8216);
#2481=VERTEX_POINT('',#8223);
#2482=VERTEX_POINT('',#8228);
#2483=VERTEX_POINT('',#8230);
#2484=VERTEX_POINT('',#8235);
#2485=VERTEX_POINT('',#8237);
#2486=VERTEX_POINT('',#8239);
#2487=VERTEX_POINT('',#8241);
#2488=VERTEX_POINT('',#8245);
#2489=VERTEX_POINT('',#8247);
#2490=VERTEX_POINT('',#8251);
#2491=VERTEX_POINT('',#8257);
#2492=VERTEX_POINT('',#8261);
#2493=VERTEX_POINT('',#8265);
#2494=VERTEX_POINT('',#8269);
#2495=VERTEX_POINT('',#8271);
#2496=VERTEX_POINT('',#8276);
#2497=VERTEX_POINT('',#8277);
#2498=VERTEX_POINT('',#8280);
#2499=VERTEX_POINT('',#8282);
#2500=VERTEX_POINT('',#8286);
#2501=VERTEX_POINT('',#8288);
#2502=VERTEX_POINT('',#8292);
#2503=VERTEX_POINT('',#8293);
#2504=VERTEX_POINT('',#8300);
#2505=VERTEX_POINT('',#8302);
#2506=VERTEX_POINT('',#8306);
#2507=VERTEX_POINT('',#8308);
#2508=VERTEX_POINT('',#8310);
#2509=VERTEX_POINT('',#8312);
#2510=VERTEX_POINT('',#8315);
#2511=VERTEX_POINT('',#8317);
#2512=VERTEX_POINT('',#8320);
#2513=VERTEX_POINT('',#8321);
#2514=VERTEX_POINT('',#8323);
#2515=VERTEX_POINT('',#8325);
#2516=VERTEX_POINT('',#8329);
#2517=VERTEX_POINT('',#8331);
#2518=VERTEX_POINT('',#8333);
#2519=VERTEX_POINT('',#8335);
#2520=VERTEX_POINT('',#8344);
#2521=VERTEX_POINT('',#8346);
#2522=VERTEX_POINT('',#8351);
#2523=VERTEX_POINT('',#8355);
#2524=VERTEX_POINT('',#8359);
#2525=VERTEX_POINT('',#8365);
#2526=VERTEX_POINT('',#8371);
#2527=VERTEX_POINT('',#8373);
#2528=VERTEX_POINT('',#8375);
#2529=VERTEX_POINT('',#8378);
#2530=VERTEX_POINT('',#8379);
#2531=VERTEX_POINT('',#8381);
#2532=VERTEX_POINT('',#8383);
#2533=VERTEX_POINT('',#8387);
#2534=VERTEX_POINT('',#8397);
#2535=VERTEX_POINT('',#8399);
#2536=VERTEX_POINT('',#8405);
#2537=VERTEX_POINT('',#8410);
#2538=VERTEX_POINT('',#8411);
#2539=VERTEX_POINT('',#8413);
#2540=VERTEX_POINT('',#8415);
#2541=VERTEX_POINT('',#8419);
#2542=VERTEX_POINT('',#8420);
#2543=VERTEX_POINT('',#8422);
#2544=VERTEX_POINT('',#8424);
#2545=VERTEX_POINT('',#8428);
#2546=VERTEX_POINT('',#8430);
#2547=VERTEX_POINT('',#8434);
#2548=VERTEX_POINT('',#8438);
#2549=VERTEX_POINT('',#8440);
#2550=VERTEX_POINT('',#8444);
#2551=VERTEX_POINT('',#8450);
#2552=VERTEX_POINT('',#8458);
#2553=VERTEX_POINT('',#8462);
#2554=VERTEX_POINT('',#8467);
#2555=VERTEX_POINT('',#8473);
#2556=VERTEX_POINT('',#8510);
#2557=VERTEX_POINT('',#8511);
#2558=VERTEX_POINT('',#8513);
#2559=VERTEX_POINT('',#8515);
#2560=VERTEX_POINT('',#8519);
#2561=VERTEX_POINT('',#8520);
#2562=VERTEX_POINT('',#8522);
#2563=VERTEX_POINT('',#8524);
#2564=VERTEX_POINT('',#8531);
#2565=VERTEX_POINT('',#8533);
#2566=VERTEX_POINT('',#8535);
#2567=VERTEX_POINT('',#8537);
#2568=VERTEX_POINT('',#8540);
#2569=VERTEX_POINT('',#8541);
#2570=VERTEX_POINT('',#8543);
#2571=VERTEX_POINT('',#8545);
#2572=VERTEX_POINT('',#8548);
#2573=VERTEX_POINT('',#8550);
#2574=VERTEX_POINT('',#8553);
#2575=VERTEX_POINT('',#8557);
#2576=VERTEX_POINT('',#8561);
#2577=VERTEX_POINT('',#8565);
#2578=VERTEX_POINT('',#8569);
#2579=VERTEX_POINT('',#8570);
#2580=VERTEX_POINT('',#8575);
#2581=VERTEX_POINT('',#8579);
#2582=VERTEX_POINT('',#8585);
#2583=VERTEX_POINT('',#8587);
#2584=VERTEX_POINT('',#8597);
#2585=VERTEX_POINT('',#8598);
#2586=VERTEX_POINT('',#8600);
#2587=VERTEX_POINT('',#8602);
#2588=VERTEX_POINT('',#8606);
#2589=VERTEX_POINT('',#8608);
#2590=VERTEX_POINT('',#8612);
#2591=VERTEX_POINT('',#8614);
#2592=VERTEX_POINT('',#8621);
#2593=VERTEX_POINT('',#8622);
#2594=VERTEX_POINT('',#8624);
#2595=VERTEX_POINT('',#8626);
#2596=VERTEX_POINT('',#8630);
#2597=VERTEX_POINT('',#8632);
#2598=VERTEX_POINT('',#8636);
#2599=VERTEX_POINT('',#8638);
#2600=VERTEX_POINT('',#8645);
#2601=VERTEX_POINT('',#8646);
#2602=VERTEX_POINT('',#8648);
#2603=VERTEX_POINT('',#8650);
#2604=VERTEX_POINT('',#8652);
#2605=VERTEX_POINT('',#8654);
#2606=VERTEX_POINT('',#8659);
#2607=VERTEX_POINT('',#8661);
#2608=VERTEX_POINT('',#8672);
#2609=VERTEX_POINT('',#8676);
#2610=VERTEX_POINT('',#8678);
#2611=VERTEX_POINT('',#8680);
#2612=VERTEX_POINT('',#8682);
#2613=VERTEX_POINT('',#8684);
#2614=VERTEX_POINT('',#8686);
#2615=VERTEX_POINT('',#8688);
#2616=VERTEX_POINT('',#8690);
#2617=VERTEX_POINT('',#8692);
#2618=VERTEX_POINT('',#8696);
#2619=VERTEX_POINT('',#8698);
#2620=VERTEX_POINT('',#8711);
#2621=VERTEX_POINT('',#8712);
#2622=VERTEX_POINT('',#8714);
#2623=VERTEX_POINT('',#8716);
#2624=VERTEX_POINT('',#8718);
#2625=VERTEX_POINT('',#8727);
#2626=VERTEX_POINT('',#8729);
#2627=VERTEX_POINT('',#8731);
#2628=VERTEX_POINT('',#8733);
#2629=VERTEX_POINT('',#8737);
#2630=VERTEX_POINT('',#8741);
#2631=VERTEX_POINT('',#8743);
#2632=VERTEX_POINT('',#8745);
#2633=VERTEX_POINT('',#8747);
#2634=VERTEX_POINT('',#8751);
#2635=VERTEX_POINT('',#8753);
#2636=VERTEX_POINT('',#8755);
#2637=VERTEX_POINT('',#8757);
#2638=VERTEX_POINT('',#8759);
#2639=VERTEX_POINT('',#8763);
#2640=VERTEX_POINT('',#8764);
#2641=VERTEX_POINT('',#8774);
#2642=VERTEX_POINT('',#8776);
#2643=VERTEX_POINT('',#8778);
#2644=VERTEX_POINT('',#8784);
#2645=VERTEX_POINT('',#8786);
#2646=VERTEX_POINT('',#8788);
#2647=VERTEX_POINT('',#8790);
#2648=VERTEX_POINT('',#8797);
#2649=VERTEX_POINT('',#8798);
#2650=VERTEX_POINT('',#8800);
#2651=VERTEX_POINT('',#8802);
#2652=VERTEX_POINT('',#8806);
#2653=VERTEX_POINT('',#8808);
#2654=VERTEX_POINT('',#8812);
#2655=VERTEX_POINT('',#8814);
#2656=VERTEX_POINT('',#8818);
#2657=VERTEX_POINT('',#8820);
#2658=VERTEX_POINT('',#8827);
#2659=VERTEX_POINT('',#8831);
#2660=VERTEX_POINT('',#8837);
#2661=VERTEX_POINT('',#8838);
#2662=VERTEX_POINT('',#8840);
#2663=VERTEX_POINT('',#8842);
#2664=VERTEX_POINT('',#8846);
#2665=VERTEX_POINT('',#8848);
#2666=VERTEX_POINT('',#8852);
#2667=VERTEX_POINT('',#8854);
#2668=VERTEX_POINT('',#8858);
#2669=VERTEX_POINT('',#8860);
#2670=VERTEX_POINT('',#8867);
#2671=VERTEX_POINT('',#8869);
#2672=VERTEX_POINT('',#8893);
#2673=VERTEX_POINT('',#8894);
#2674=VERTEX_POINT('',#8896);
#2675=VERTEX_POINT('',#8898);
#2676=VERTEX_POINT('',#8902);
#2677=VERTEX_POINT('',#8904);
#2678=VERTEX_POINT('',#8908);
#2679=VERTEX_POINT('',#8910);
#2680=VERTEX_POINT('',#8917);
#2681=VERTEX_POINT('',#8919);
#2682=VERTEX_POINT('',#8924);
#2683=VERTEX_POINT('',#8926);
#2684=VERTEX_POINT('',#8931);
#2685=VERTEX_POINT('',#8932);
#2686=VERTEX_POINT('',#8934);
#2687=VERTEX_POINT('',#8936);
#2688=VERTEX_POINT('',#8940);
#2689=VERTEX_POINT('',#8942);
#2690=VERTEX_POINT('',#8946);
#2691=VERTEX_POINT('',#8948);
#2692=VERTEX_POINT('',#8955);
#2693=VERTEX_POINT('',#8957);
#2694=VERTEX_POINT('',#8962);
#2695=VERTEX_POINT('',#8964);
#2696=VERTEX_POINT('',#8969);
#2697=VERTEX_POINT('',#8970);
#2698=VERTEX_POINT('',#8972);
#2699=VERTEX_POINT('',#8974);
#2700=VERTEX_POINT('',#8978);
#2701=VERTEX_POINT('',#8980);
#2702=VERTEX_POINT('',#8984);
#2703=VERTEX_POINT('',#8986);
#2704=VERTEX_POINT('',#8993);
#2705=VERTEX_POINT('',#8995);
#2706=VERTEX_POINT('',#9000);
#2707=VERTEX_POINT('',#9002);
#2708=VERTEX_POINT('',#9007);
#2709=VERTEX_POINT('',#9008);
#2710=VERTEX_POINT('',#9010);
#2711=VERTEX_POINT('',#9012);
#2712=VERTEX_POINT('',#9016);
#2713=VERTEX_POINT('',#9018);
#2714=VERTEX_POINT('',#9022);
#2715=VERTEX_POINT('',#9024);
#2716=VERTEX_POINT('',#9031);
#2717=VERTEX_POINT('',#9033);
#2718=VERTEX_POINT('',#9038);
#2719=VERTEX_POINT('',#9040);
#2720=VERTEX_POINT('',#9045);
#2721=VERTEX_POINT('',#9047);
#2722=VERTEX_POINT('',#9051);
#2723=VERTEX_POINT('',#9053);
#2724=VERTEX_POINT('',#9057);
#2725=VERTEX_POINT('',#9059);
#2726=VERTEX_POINT('',#9063);
#2727=VERTEX_POINT('',#9065);
#2728=VERTEX_POINT('',#9069);
#2729=VERTEX_POINT('',#9070);
#2730=VERTEX_POINT('',#9072);
#2731=VERTEX_POINT('',#9074);
#2732=VERTEX_POINT('',#9078);
#2733=VERTEX_POINT('',#9080);
#2734=VERTEX_POINT('',#9084);
#2735=VERTEX_POINT('',#9086);
#2736=VERTEX_POINT('',#9090);
#2737=VERTEX_POINT('',#9092);
#2738=VERTEX_POINT('',#9096);
#2739=VERTEX_POINT('',#9097);
#2740=VERTEX_POINT('',#9099);
#2741=VERTEX_POINT('',#9101);
#2742=VERTEX_POINT('',#9105);
#2743=VERTEX_POINT('',#9107);
#2744=VERTEX_POINT('',#9117);
#2745=VERTEX_POINT('',#9118);
#2746=VERTEX_POINT('',#9120);
#2747=VERTEX_POINT('',#9122);
#2748=VERTEX_POINT('',#9126);
#2749=VERTEX_POINT('',#9128);
#2750=VERTEX_POINT('',#9132);
#2751=VERTEX_POINT('',#9134);
#2752=VERTEX_POINT('',#9138);
#2753=VERTEX_POINT('',#9140);
#2754=VERTEX_POINT('',#9144);
#2755=VERTEX_POINT('',#9145);
#2756=VERTEX_POINT('',#9147);
#2757=VERTEX_POINT('',#9149);
#2758=VERTEX_POINT('',#9153);
#2759=VERTEX_POINT('',#9155);
#2760=VERTEX_POINT('',#9165);
#2761=VERTEX_POINT('',#9166);
#2762=VERTEX_POINT('',#9168);
#2763=VERTEX_POINT('',#9170);
#2764=VERTEX_POINT('',#9174);
#2765=VERTEX_POINT('',#9176);
#2766=VERTEX_POINT('',#9178);
#2767=VERTEX_POINT('',#9180);
#2768=VERTEX_POINT('',#9182);
#2769=VERTEX_POINT('',#9184);
#2770=VERTEX_POINT('',#9188);
#2771=VERTEX_POINT('',#9190);
#2772=VERTEX_POINT('',#9194);
#2773=VERTEX_POINT('',#9196);
#2774=VERTEX_POINT('',#9201);
#2775=VERTEX_POINT('',#9203);
#2776=VERTEX_POINT('',#9217);
#2777=VERTEX_POINT('',#9218);
#2778=VERTEX_POINT('',#9220);
#2779=VERTEX_POINT('',#9222);
#2780=VERTEX_POINT('',#9226);
#2781=VERTEX_POINT('',#9228);
#2782=VERTEX_POINT('',#9230);
#2783=VERTEX_POINT('',#9232);
#2784=VERTEX_POINT('',#9234);
#2785=VERTEX_POINT('',#9236);
#2786=VERTEX_POINT('',#9240);
#2787=VERTEX_POINT('',#9242);
#2788=VERTEX_POINT('',#9246);
#2789=VERTEX_POINT('',#9248);
#2790=VERTEX_POINT('',#9253);
#2791=VERTEX_POINT('',#9255);
#2792=VERTEX_POINT('',#9267);
#2793=VERTEX_POINT('',#9268);
#2794=VERTEX_POINT('',#9270);
#2795=VERTEX_POINT('',#9272);
#2796=VERTEX_POINT('',#9276);
#2797=VERTEX_POINT('',#9278);
#2798=VERTEX_POINT('',#9280);
#2799=VERTEX_POINT('',#9282);
#2800=VERTEX_POINT('',#9284);
#2801=VERTEX_POINT('',#9286);
#2802=VERTEX_POINT('',#9290);
#2803=VERTEX_POINT('',#9292);
#2804=VERTEX_POINT('',#9296);
#2805=VERTEX_POINT('',#9298);
#2806=VERTEX_POINT('',#9303);
#2807=VERTEX_POINT('',#9305);
#2808=VERTEX_POINT('',#9318);
#2809=VERTEX_POINT('',#9319);
#2810=VERTEX_POINT('',#9321);
#2811=VERTEX_POINT('',#9323);
#2812=VERTEX_POINT('',#9327);
#2813=VERTEX_POINT('',#9328);
#2814=VERTEX_POINT('',#9330);
#2815=VERTEX_POINT('',#9332);
#2816=VERTEX_POINT('',#9344);
#2817=VERTEX_POINT('',#9346);
#2818=VERTEX_POINT('',#9352);
#2819=VERTEX_POINT('',#9354);
#2820=VERTEX_POINT('',#9358);
#2821=VERTEX_POINT('',#9360);
#2822=VERTEX_POINT('',#9364);
#2823=VERTEX_POINT('',#9366);
#2824=VERTEX_POINT('',#9370);
#2825=VERTEX_POINT('',#9372);
#2826=VERTEX_POINT('',#9379);
#2827=VERTEX_POINT('',#9381);
#2828=VERTEX_POINT('',#9385);
#2829=VERTEX_POINT('',#9387);
#2830=VERTEX_POINT('',#9391);
#2831=VERTEX_POINT('',#9393);
#2832=VERTEX_POINT('',#9397);
#2833=VERTEX_POINT('',#9399);
#2834=VERTEX_POINT('',#9403);
#2835=VERTEX_POINT('',#9404);
#2836=VERTEX_POINT('',#9406);
#2837=VERTEX_POINT('',#9408);
#2838=VERTEX_POINT('',#9412);
#2839=VERTEX_POINT('',#9413);
#2840=VERTEX_POINT('',#9415);
#2841=VERTEX_POINT('',#9417);
#2842=EDGE_CURVE('',#2328,#2328,#2112,.T.);
#2843=EDGE_CURVE('',#2328,#2329,#1006,.T.);
#2844=EDGE_CURVE('',#2329,#2329,#2113,.T.);
#2845=EDGE_CURVE('',#2330,#2331,#1007,.T.);
#2846=EDGE_CURVE('',#2332,#2330,#1008,.T.);
#2847=EDGE_CURVE('',#2333,#2332,#1009,.T.);
#2848=EDGE_CURVE('',#2333,#2331,#1010,.T.);
#2849=EDGE_CURVE('',#2334,#2330,#2114,.T.);
#2850=EDGE_CURVE('',#2335,#2334,#1011,.T.);
#2851=EDGE_CURVE('',#2332,#2335,#2115,.T.);
#2852=EDGE_CURVE('',#2336,#2334,#1012,.T.);
#2853=EDGE_CURVE('',#2337,#2336,#1013,.T.);
#2854=EDGE_CURVE('',#2335,#2337,#1014,.T.);
#2855=EDGE_CURVE('',#2338,#2336,#2116,.T.);
#2856=EDGE_CURVE('',#2339,#2338,#1015,.T.);
#2857=EDGE_CURVE('',#2337,#2339,#2117,.T.);
#2858=EDGE_CURVE('',#2331,#2340,#2118,.T.);
#2859=EDGE_CURVE('',#2341,#2333,#2119,.T.);
#2860=EDGE_CURVE('',#2341,#2340,#1016,.T.);
#2861=EDGE_CURVE('',#2339,#2342,#1017,.T.);
#2862=EDGE_CURVE('',#2342,#2343,#2120,.T.);
#2863=EDGE_CURVE('',#2343,#2341,#1018,.T.);
#2864=EDGE_CURVE('',#2344,#2345,#2121,.T.);
#2865=EDGE_CURVE('',#2343,#2344,#1019,.T.);
#2866=EDGE_CURVE('',#2342,#2345,#1020,.T.);
#2867=EDGE_CURVE('',#2340,#2344,#1021,.T.);
#2868=EDGE_CURVE('',#2345,#2338,#1022,.T.);
#2869=EDGE_CURVE('',#2346,#2346,#2122,.T.);
#2870=EDGE_CURVE('',#2346,#2347,#1023,.T.);
#2871=EDGE_CURVE('',#2347,#2347,#2123,.T.);
#2872=EDGE_CURVE('',#2348,#2349,#1024,.T.);
#2873=EDGE_CURVE('',#2350,#2348,#1025,.T.);
#2874=EDGE_CURVE('',#2351,#2350,#1026,.T.);
#2875=EDGE_CURVE('',#2351,#2349,#1027,.T.);
#2876=EDGE_CURVE('',#2352,#2348,#2124,.T.);
#2877=EDGE_CURVE('',#2353,#2352,#1028,.T.);
#2878=EDGE_CURVE('',#2350,#2353,#2125,.T.);
#2879=EDGE_CURVE('',#2354,#2352,#1029,.T.);
#2880=EDGE_CURVE('',#2355,#2354,#1030,.T.);
#2881=EDGE_CURVE('',#2353,#2355,#1031,.T.);
#2882=EDGE_CURVE('',#2356,#2354,#2126,.T.);
#2883=EDGE_CURVE('',#2357,#2356,#1032,.T.);
#2884=EDGE_CURVE('',#2355,#2357,#2127,.T.);
#2885=EDGE_CURVE('',#2349,#2358,#2128,.T.);
#2886=EDGE_CURVE('',#2359,#2351,#2129,.T.);
#2887=EDGE_CURVE('',#2359,#2358,#1033,.T.);
#2888=EDGE_CURVE('',#2357,#2360,#1034,.T.);
#2889=EDGE_CURVE('',#2360,#2361,#2130,.T.);
#2890=EDGE_CURVE('',#2361,#2359,#1035,.T.);
#2891=EDGE_CURVE('',#2362,#2363,#2131,.T.);
#2892=EDGE_CURVE('',#2361,#2362,#1036,.T.);
#2893=EDGE_CURVE('',#2360,#2363,#1037,.T.);
#2894=EDGE_CURVE('',#2358,#2362,#1038,.T.);
#2895=EDGE_CURVE('',#2363,#2356,#1039,.T.);
#2896=EDGE_CURVE('',#2364,#2365,#2132,.T.);
#2897=EDGE_CURVE('',#2364,#2366,#1040,.T.);
#2898=EDGE_CURVE('',#2367,#2366,#2133,.T.);
#2899=EDGE_CURVE('',#2365,#2367,#1041,.T.);
#2900=EDGE_CURVE('',#2365,#2368,#1042,.T.);
#2901=EDGE_CURVE('',#2369,#2367,#1043,.T.);
#2902=EDGE_CURVE('',#2368,#2369,#1044,.T.);
#2903=EDGE_CURVE('',#2368,#2370,#2134,.T.);
#2904=EDGE_CURVE('',#2371,#2369,#2135,.T.);
#2905=EDGE_CURVE('',#2370,#2371,#1045,.T.);
#2906=EDGE_CURVE('',#2370,#2372,#1046,.T.);
#2907=EDGE_CURVE('',#2373,#2371,#1047,.T.);
#2908=EDGE_CURVE('',#2372,#2373,#1048,.T.);
#2909=EDGE_CURVE('',#2374,#2375,#2136,.T.);
#2910=EDGE_CURVE('',#2374,#2376,#1049,.T.);
#2911=EDGE_CURVE('',#2377,#2376,#2137,.T.);
#2912=EDGE_CURVE('',#2375,#2377,#1050,.T.);
#2913=EDGE_CURVE('',#2372,#2378,#2138,.T.);
#2914=EDGE_CURVE('',#2379,#2373,#2139,.T.);
#2915=EDGE_CURVE('',#2378,#2379,#1051,.T.);
#2916=EDGE_CURVE('',#2378,#2374,#1052,.T.);
#2917=EDGE_CURVE('',#2376,#2379,#1053,.T.);
#2918=EDGE_CURVE('',#2375,#2364,#1054,.T.);
#2919=EDGE_CURVE('',#2366,#2377,#1055,.T.);
#2920=EDGE_CURVE('',#2380,#2381,#1056,.T.);
#2921=EDGE_CURVE('',#2382,#2381,#2140,.T.);
#2922=EDGE_CURVE('',#2383,#2382,#1057,.T.);
#2923=EDGE_CURVE('',#2380,#2383,#2141,.T.);
#2924=EDGE_CURVE('',#2383,#2384,#1058,.T.);
#2925=EDGE_CURVE('',#2384,#2385,#2142,.T.);
#2926=EDGE_CURVE('',#2385,#2386,#1059,.T.);
#2927=EDGE_CURVE('',#2386,#2387,#2143,.T.);
#2928=EDGE_CURVE('',#2387,#2388,#1060,.T.);
#2929=EDGE_CURVE('',#2388,#2389,#2144,.T.);
#2930=EDGE_CURVE('',#2389,#2380,#1061,.T.);
#2931=EDGE_CURVE('',#2388,#2390,#1062,.T.);
#2932=EDGE_CURVE('',#2391,#2390,#2145,.T.);
#2933=EDGE_CURVE('',#2389,#2391,#1063,.T.);
#2934=EDGE_CURVE('',#2385,#2392,#1064,.T.);
#2935=EDGE_CURVE('',#2384,#2393,#1065,.T.);
#2936=EDGE_CURVE('',#2392,#2393,#2146,.T.);
#2937=EDGE_CURVE('',#2381,#2391,#1066,.T.);
#2938=EDGE_CURVE('',#2390,#2394,#1067,.T.);
#2939=EDGE_CURVE('',#2394,#2395,#2147,.T.);
#2940=EDGE_CURVE('',#2395,#2392,#1068,.T.);
#2941=EDGE_CURVE('',#2393,#2382,#1069,.T.);
#2942=EDGE_CURVE('',#2387,#2394,#1070,.T.);
#2943=EDGE_CURVE('',#2386,#2395,#1071,.T.);
#2944=EDGE_CURVE('',#2396,#2397,#1072,.T.);
#2945=EDGE_CURVE('',#2398,#2396,#1073,.T.);
#2946=EDGE_CURVE('',#2399,#2398,#1074,.T.);
#2947=EDGE_CURVE('',#2397,#2399,#1075,.T.);
#2948=EDGE_CURVE('',#2400,#2396,#1076,.T.);
#2949=EDGE_CURVE('',#2401,#2400,#1077,.T.);
#2950=EDGE_CURVE('',#2398,#2401,#1078,.T.);
#2951=EDGE_CURVE('',#2402,#2397,#1079,.T.);
#2952=EDGE_CURVE('',#2403,#2402,#1080,.T.);
#2953=EDGE_CURVE('',#2403,#2404,#1081,.T.);
#2954=EDGE_CURVE('',#2405,#2404,#1082,.T.);
#2955=EDGE_CURVE('',#2406,#2405,#1083,.T.);
#2956=EDGE_CURVE('',#2400,#2406,#1084,.T.);
#2957=EDGE_CURVE('',#2407,#2399,#1085,.T.);
#2958=EDGE_CURVE('',#2408,#2407,#1086,.T.);
#2959=EDGE_CURVE('',#2409,#2408,#1087,.T.);
#2960=EDGE_CURVE('',#2410,#2409,#1088,.T.);
#2961=EDGE_CURVE('',#2411,#2410,#1089,.T.);
#2962=EDGE_CURVE('',#2412,#2411,#1090,.T.);
#2963=EDGE_CURVE('',#2412,#2413,#1091,.T.);
#2964=EDGE_CURVE('',#2414,#2413,#1092,.T.);
#2965=EDGE_CURVE('',#2414,#2415,#1093,.T.);
#2966=EDGE_CURVE('',#2402,#2415,#1094,.T.);
#2967=EDGE_CURVE('',#2416,#2416,#2148,.T.);
#2968=EDGE_CURVE('',#2416,#2417,#1095,.T.);
#2969=EDGE_CURVE('',#2417,#2417,#2149,.T.);
#2970=EDGE_CURVE('',#2418,#2418,#2150,.T.);
#2971=EDGE_CURVE('',#2418,#2419,#1096,.T.);
#2972=EDGE_CURVE('',#2419,#2420,#2151,.T.);
#2973=EDGE_CURVE('',#2421,#2420,#2152,.T.);
#2974=EDGE_CURVE('',#2422,#2421,#1097,.T.);
#2975=EDGE_CURVE('',#2423,#2422,#2153,.T.);
#2976=EDGE_CURVE('',#2424,#2423,#1098,.T.);
#2977=EDGE_CURVE('',#2425,#2424,#2154,.T.);
#2978=EDGE_CURVE('',#2426,#2425,#1099,.T.);
#2979=EDGE_CURVE('',#2427,#2426,#2155,.T.);
#2980=EDGE_CURVE('',#2428,#2427,#1100,.T.);
#2981=EDGE_CURVE('',#2429,#2428,#2156,.T.);
#2982=EDGE_CURVE('',#2429,#2419,#2157,.T.);
#2983=EDGE_CURVE('',#2429,#2420,#1101,.T.);
#2984=EDGE_CURVE('',#2430,#2429,#1102,.T.);
#2985=EDGE_CURVE('',#2430,#2431,#1103,.T.);
#2986=EDGE_CURVE('',#2432,#2431,#1104,.T.);
#2987=EDGE_CURVE('',#2432,#2433,#1105,.T.);
#2988=EDGE_CURVE('',#2420,#2433,#1106,.T.);
#2989=EDGE_CURVE('',#2424,#2434,#1107,.T.);
#2990=EDGE_CURVE('',#2434,#2435,#1108,.T.);
#2991=EDGE_CURVE('',#2435,#2436,#1109,.T.);
#2992=EDGE_CURVE('',#2436,#2437,#1110,.T.);
#2993=EDGE_CURVE('',#2437,#2438,#1111,.T.);
#2994=EDGE_CURVE('',#2438,#2439,#1112,.T.);
#2995=EDGE_CURVE('',#2439,#2408,#1113,.T.);
#2996=EDGE_CURVE('',#2407,#2440,#1114,.T.);
#2997=EDGE_CURVE('',#2440,#2441,#1115,.T.);
#2998=EDGE_CURVE('',#2441,#2442,#2158,.T.);
#2999=EDGE_CURVE('',#2443,#2442,#1116,.T.);
#3000=EDGE_CURVE('',#2443,#2444,#2159,.T.);
#3001=EDGE_CURVE('',#2444,#2445,#1117,.T.);
#3002=EDGE_CURVE('',#2445,#2446,#1118,.T.);
#3003=EDGE_CURVE('',#2446,#2447,#1119,.T.);
#3004=EDGE_CURVE('',#2447,#2448,#1120,.T.);
#3005=EDGE_CURVE('',#2448,#2449,#1121,.T.);
#3006=EDGE_CURVE('',#2449,#2450,#1122,.T.);
#3007=EDGE_CURVE('',#2450,#2451,#1123,.T.);
#3008=EDGE_CURVE('',#2451,#2452,#1124,.T.);
#3009=EDGE_CURVE('',#2452,#2453,#1125,.T.);
#3010=EDGE_CURVE('',#2453,#2454,#1126,.T.);
#3011=EDGE_CURVE('',#2454,#2455,#1127,.T.);
#3012=EDGE_CURVE('',#2455,#2456,#1128,.T.);
#3013=EDGE_CURVE('',#2456,#2457,#1129,.T.);
#3014=EDGE_CURVE('',#2457,#2458,#1130,.T.);
#3015=EDGE_CURVE('',#2458,#2459,#1131,.T.);
#3016=EDGE_CURVE('',#2459,#2460,#1132,.T.);
#3017=EDGE_CURVE('',#2460,#2403,#1133,.T.);
#3018=EDGE_CURVE('',#2415,#2425,#1134,.T.);
#3019=EDGE_CURVE('',#2461,#2462,#2160,.T.);
#3020=EDGE_CURVE('',#2462,#2463,#1135,.T.);
#3021=EDGE_CURVE('',#2463,#2464,#2161,.T.);
#3022=EDGE_CURVE('',#2464,#2461,#1136,.T.);
#3023=EDGE_CURVE('',#2465,#2466,#2162,.T.);
#3024=EDGE_CURVE('',#2466,#2467,#1137,.T.);
#3025=EDGE_CURVE('',#2467,#2468,#2163,.T.);
#3026=EDGE_CURVE('',#2468,#2465,#1138,.T.);
#3027=EDGE_CURVE('',#2428,#2412,#1139,.T.);
#3028=EDGE_CURVE('',#2411,#2469,#1140,.T.);
#3029=EDGE_CURVE('',#2469,#2470,#1141,.T.);
#3030=EDGE_CURVE('',#2470,#2471,#2164,.T.);
#3031=EDGE_CURVE('',#2471,#2472,#1142,.T.);
#3032=EDGE_CURVE('',#2472,#2473,#1143,.T.);
#3033=EDGE_CURVE('',#2473,#2430,#1144,.T.);
#3034=EDGE_CURVE('',#2474,#2474,#2165,.T.);
#3035=EDGE_CURVE('',#2433,#2475,#1145,.T.);
#3036=EDGE_CURVE('',#2475,#2476,#1146,.T.);
#3037=EDGE_CURVE('',#2476,#2477,#1147,.T.);
#3038=EDGE_CURVE('',#2477,#2478,#2166,.T.);
#3039=EDGE_CURVE('',#2478,#2479,#1148,.T.);
#3040=EDGE_CURVE('',#2479,#2421,#1149,.T.);
#3041=EDGE_CURVE('',#2480,#2480,#2167,.T.);
#3042=EDGE_CURVE('',#2426,#2414,#1150,.T.);
#3043=EDGE_CURVE('',#2413,#2427,#1151,.T.);
#3044=EDGE_CURVE('',#2479,#2481,#1152,.T.);
#3045=EDGE_CURVE('',#2422,#2481,#1153,.T.);
#3046=EDGE_CURVE('',#2482,#2482,#2168,.T.);
#3047=EDGE_CURVE('',#2482,#2483,#1154,.T.);
#3048=EDGE_CURVE('',#2483,#2483,#2169,.T.);
#3049=EDGE_CURVE('',#2484,#2456,#1155,.T.);
#3050=EDGE_CURVE('',#2485,#2484,#1156,.T.);
#3051=EDGE_CURVE('',#2486,#2485,#1157,.T.);
#3052=EDGE_CURVE('',#2487,#2486,#1158,.T.);
#3053=EDGE_CURVE('',#2487,#2457,#1159,.T.);
#3054=EDGE_CURVE('',#2488,#2485,#1160,.T.);
#3055=EDGE_CURVE('',#2489,#2488,#1161,.T.);
#3056=EDGE_CURVE('',#2486,#2489,#1162,.T.);
#3057=EDGE_CURVE('',#2489,#2490,#1163,.T.);
#3058=EDGE_CURVE('',#2490,#2487,#1164,.T.);
#3059=EDGE_CURVE('',#2490,#2458,#1165,.T.);
#3060=EDGE_CURVE('',#2459,#2491,#1166,.T.);
#3061=EDGE_CURVE('',#2491,#2488,#1167,.T.);
#3062=EDGE_CURVE('',#2492,#2491,#1168,.T.);
#3063=EDGE_CURVE('',#2492,#2460,#1169,.T.);
#3064=EDGE_CURVE('',#2493,#2455,#1170,.T.);
#3065=EDGE_CURVE('',#2484,#2493,#1171,.T.);
#3066=EDGE_CURVE('',#2494,#2494,#2170,.T.);
#3067=EDGE_CURVE('',#2494,#2495,#1172,.T.);
#3068=EDGE_CURVE('',#2495,#2495,#2171,.T.);
#3069=EDGE_CURVE('',#2496,#2497,#1173,.T.);
#3070=EDGE_CURVE('',#2449,#2496,#1174,.T.);
#3071=EDGE_CURVE('',#2498,#2448,#1175,.T.);
#3072=EDGE_CURVE('',#2499,#2498,#1176,.T.);
#3073=EDGE_CURVE('',#2499,#2497,#1177,.T.);
#3074=EDGE_CURVE('',#2498,#2500,#1178,.T.);
#3075=EDGE_CURVE('',#2500,#2501,#1179,.T.);
#3076=EDGE_CURVE('',#2501,#2499,#1180,.T.);
#3077=EDGE_CURVE('',#2502,#2503,#1181,.T.);
#3078=EDGE_CURVE('',#2501,#2502,#1182,.T.);
#3079=EDGE_CURVE('',#2500,#2447,#1183,.T.);
#3080=EDGE_CURVE('',#2503,#2446,#1184,.T.);
#3081=EDGE_CURVE('',#2497,#2504,#1185,.T.);
#3082=EDGE_CURVE('',#2504,#2505,#1186,.T.);
#3083=EDGE_CURVE('',#2505,#2496,#1187,.T.);
#3084=EDGE_CURVE('',#2503,#2506,#1188,.T.);
#3085=EDGE_CURVE('',#2506,#2507,#1189,.T.);
#3086=EDGE_CURVE('',#2507,#2508,#2172,.T.);
#3087=EDGE_CURVE('',#2508,#2509,#1190,.T.);
#3088=EDGE_CURVE('',#2509,#2410,#1191,.T.);
#3089=EDGE_CURVE('',#2409,#2510,#1192,.T.);
#3090=EDGE_CURVE('',#2510,#2511,#1193,.T.);
#3091=EDGE_CURVE('',#2511,#2502,#1194,.T.);
#3092=EDGE_CURVE('',#2512,#2513,#2173,.T.);
#3093=EDGE_CURVE('',#2513,#2514,#1195,.T.);
#3094=EDGE_CURVE('',#2514,#2515,#2174,.T.);
#3095=EDGE_CURVE('',#2515,#2512,#1196,.T.);
#3096=EDGE_CURVE('',#2516,#2437,#1197,.T.);
#3097=EDGE_CURVE('',#2517,#2516,#1198,.T.);
#3098=EDGE_CURVE('',#2518,#2517,#1199,.T.);
#3099=EDGE_CURVE('',#2519,#2518,#1200,.T.);
#3100=EDGE_CURVE('',#2519,#2504,#1201,.T.);
#3101=EDGE_CURVE('',#2511,#2438,#1202,.T.);
#3102=EDGE_CURVE('',#2505,#2450,#1203,.T.);
#3103=EDGE_CURVE('',#2506,#2445,#1204,.T.);
#3104=EDGE_CURVE('',#2520,#2520,#2175,.T.);
#3105=EDGE_CURVE('',#2520,#2521,#1205,.T.);
#3106=EDGE_CURVE('',#2521,#2521,#2176,.T.);
#3107=EDGE_CURVE('',#2522,#2519,#1206,.T.);
#3108=EDGE_CURVE('',#2522,#2451,#1207,.T.);
#3109=EDGE_CURVE('',#2523,#2522,#1208,.T.);
#3110=EDGE_CURVE('',#2518,#2523,#1209,.T.);
#3111=EDGE_CURVE('',#2453,#2524,#1210,.T.);
#3112=EDGE_CURVE('',#2523,#2452,#1211,.T.);
#3113=EDGE_CURVE('',#2524,#2517,#1212,.T.);
#3114=EDGE_CURVE('',#2525,#2524,#1213,.T.);
#3115=EDGE_CURVE('',#2454,#2525,#1214,.T.);
#3116=EDGE_CURVE('',#2481,#2492,#1215,.T.);
#3117=EDGE_CURVE('',#2493,#2525,#1216,.T.);
#3118=EDGE_CURVE('',#2516,#2526,#1217,.T.);
#3119=EDGE_CURVE('',#2526,#2527,#1218,.T.);
#3120=EDGE_CURVE('',#2527,#2528,#1219,.T.);
#3121=EDGE_CURVE('',#2528,#2423,#1220,.T.);
#3122=EDGE_CURVE('',#2529,#2530,#2177,.T.);
#3123=EDGE_CURVE('',#2530,#2531,#1221,.T.);
#3124=EDGE_CURVE('',#2531,#2532,#2178,.T.);
#3125=EDGE_CURVE('',#2532,#2529,#1222,.T.);
#3126=EDGE_CURVE('',#2533,#2533,#2179,.T.);
#3127=EDGE_CURVE('',#2533,#2474,#1223,.T.);
#3128=EDGE_CURVE('',#2471,#2443,#1224,.T.);
#3129=EDGE_CURVE('',#2442,#2470,#1225,.T.);
#3130=EDGE_CURVE('',#2508,#2441,#1226,.T.);
#3131=EDGE_CURVE('',#2444,#2507,#1227,.T.);
#3132=EDGE_CURVE('',#2534,#2469,#1228,.T.);
#3133=EDGE_CURVE('',#2535,#2534,#1229,.T.);
#3134=EDGE_CURVE('',#2472,#2535,#1230,.T.);
#3135=EDGE_CURVE('',#2440,#2509,#1231,.T.);
#3136=EDGE_CURVE('',#2536,#2536,#2180,.T.);
#3137=EDGE_CURVE('',#2536,#2480,#1232,.T.);
#3138=EDGE_CURVE('',#2537,#2538,#1233,.T.);
#3139=EDGE_CURVE('',#2537,#2539,#1234,.T.);
#3140=EDGE_CURVE('',#2539,#2540,#1235,.T.);
#3141=EDGE_CURVE('',#2538,#2540,#2181,.T.);
#3142=EDGE_CURVE('',#2541,#2542,#1236,.T.);
#3143=EDGE_CURVE('',#2543,#2541,#2182,.T.);
#3144=EDGE_CURVE('',#2543,#2544,#1237,.T.);
#3145=EDGE_CURVE('',#2544,#2542,#1238,.T.);
#3146=EDGE_CURVE('',#2545,#2537,#1239,.T.);
#3147=EDGE_CURVE('',#2546,#2545,#1240,.T.);
#3148=EDGE_CURVE('',#2539,#2546,#1241,.T.);
#3149=EDGE_CURVE('',#2540,#2547,#1242,.T.);
#3150=EDGE_CURVE('',#2547,#2546,#1243,.T.);
#3151=EDGE_CURVE('',#2548,#2543,#1244,.T.);
#3152=EDGE_CURVE('',#2549,#2548,#1245,.T.);
#3153=EDGE_CURVE('',#2544,#2549,#1246,.T.);
#3154=EDGE_CURVE('',#2542,#2550,#1247,.T.);
#3155=EDGE_CURVE('',#2550,#2549,#1248,.T.);
#3156=EDGE_CURVE('',#2550,#2545,#1249,.T.);
#3157=EDGE_CURVE('',#2538,#2477,#1250,.T.);
#3158=EDGE_CURVE('',#2476,#2551,#1251,.T.);
#3159=EDGE_CURVE('',#2404,#2551,#1252,.T.);
#3160=EDGE_CURVE('',#2478,#2541,#1253,.T.);
#3161=EDGE_CURVE('',#2548,#2547,#2183,.T.);
#3162=EDGE_CURVE('',#2473,#2552,#1254,.T.);
#3163=EDGE_CURVE('',#2431,#2552,#1255,.T.);
#3164=EDGE_CURVE('',#2406,#2553,#1256,.T.);
#3165=EDGE_CURVE('',#2553,#2535,#1257,.T.);
#3166=EDGE_CURVE('',#2534,#2401,#1258,.T.);
#3167=EDGE_CURVE('',#2552,#2554,#1259,.T.);
#3168=EDGE_CURVE('',#2554,#2432,#1260,.T.);
#3169=EDGE_CURVE('',#2475,#2554,#1261,.T.);
#3170=EDGE_CURVE('',#2551,#2555,#1262,.T.);
#3171=EDGE_CURVE('',#2555,#2405,#1263,.T.);
#3172=EDGE_CURVE('',#2553,#2555,#1264,.T.);
#3173=EDGE_CURVE('',#2515,#2463,#1265,.T.);
#3174=EDGE_CURVE('',#2514,#2464,#1266,.T.);
#3175=EDGE_CURVE('',#2513,#2461,#1267,.T.);
#3176=EDGE_CURVE('',#2512,#2462,#1268,.T.);
#3177=EDGE_CURVE('',#2532,#2467,#1269,.T.);
#3178=EDGE_CURVE('',#2531,#2468,#1270,.T.);
#3179=EDGE_CURVE('',#2530,#2465,#1271,.T.);
#3180=EDGE_CURVE('',#2529,#2466,#1272,.T.);
#3181=EDGE_CURVE('',#2435,#2527,#1273,.T.);
#3182=EDGE_CURVE('',#2528,#2434,#1274,.T.);
#3183=EDGE_CURVE('',#2510,#2439,#1275,.T.);
#3184=EDGE_CURVE('',#2526,#2436,#1276,.T.);
#3185=EDGE_CURVE('',#2556,#2557,#1277,.T.);
#3186=EDGE_CURVE('',#2556,#2558,#1278,.T.);
#3187=EDGE_CURVE('',#2559,#2558,#1279,.T.);
#3188=EDGE_CURVE('',#2557,#2559,#1280,.T.);
#3189=EDGE_CURVE('',#2560,#2561,#1281,.T.);
#3190=EDGE_CURVE('',#2562,#2560,#1282,.T.);
#3191=EDGE_CURVE('',#2563,#2562,#1283,.T.);
#3192=EDGE_CURVE('',#2561,#2563,#1284,.T.);
#3193=EDGE_CURVE('',#2561,#2556,#1285,.T.);
#3194=EDGE_CURVE('',#2558,#2563,#1286,.T.);
#3195=EDGE_CURVE('',#2562,#2564,#1287,.T.);
#3196=EDGE_CURVE('',#2564,#2565,#1288,.T.);
#3197=EDGE_CURVE('',#2565,#2566,#1289,.T.);
#3198=EDGE_CURVE('',#2566,#2567,#1290,.T.);
#3199=EDGE_CURVE('',#2567,#2559,#1291,.T.);
#3200=EDGE_CURVE('',#2568,#2569,#1292,.T.);
#3201=EDGE_CURVE('',#2569,#2570,#1293,.T.);
#3202=EDGE_CURVE('',#2570,#2571,#1294,.T.);
#3203=EDGE_CURVE('',#2571,#2568,#1295,.T.);
#3204=EDGE_CURVE('',#2572,#2572,#2184,.T.);
#3205=EDGE_CURVE('',#2573,#2573,#2185,.T.);
#3206=EDGE_CURVE('',#2574,#2560,#1296,.T.);
#3207=EDGE_CURVE('',#2574,#2564,#1297,.T.);
#3208=EDGE_CURVE('',#2575,#2567,#1298,.T.);
#3209=EDGE_CURVE('',#2557,#2575,#1299,.T.);
#3210=EDGE_CURVE('',#2573,#2576,#1300,.T.);
#3211=EDGE_CURVE('',#2576,#2576,#2186,.T.);
#3212=EDGE_CURVE('',#2572,#2577,#1301,.T.);
#3213=EDGE_CURVE('',#2577,#2577,#2187,.T.);
#3214=EDGE_CURVE('',#2578,#2579,#1302,.T.);
#3215=EDGE_CURVE('',#2578,#2571,#1303,.T.);
#3216=EDGE_CURVE('',#2579,#2570,#1304,.T.);
#3217=EDGE_CURVE('',#2579,#2580,#1305,.T.);
#3218=EDGE_CURVE('',#2580,#2569,#1306,.T.);
#3219=EDGE_CURVE('',#2580,#2581,#1307,.T.);
#3220=EDGE_CURVE('',#2581,#2568,#1308,.T.);
#3221=EDGE_CURVE('',#2581,#2578,#1309,.T.);
#3222=EDGE_CURVE('',#2575,#2582,#1310,.T.);
#3223=EDGE_CURVE('',#2582,#2583,#1311,.T.);
#3224=EDGE_CURVE('',#2583,#2574,#1312,.T.);
#3225=EDGE_CURVE('',#2583,#2565,#1313,.T.);
#3226=EDGE_CURVE('',#2582,#2566,#1314,.T.);
#3227=EDGE_CURVE('',#2584,#2585,#2188,.T.);
#3228=EDGE_CURVE('',#2584,#2586,#1315,.T.);
#3229=EDGE_CURVE('',#2587,#2586,#2189,.T.);
#3230=EDGE_CURVE('',#2587,#2585,#1316,.T.);
#3231=EDGE_CURVE('',#2585,#2588,#1317,.T.);
#3232=EDGE_CURVE('',#2589,#2587,#1318,.T.);
#3233=EDGE_CURVE('',#2588,#2589,#1319,.T.);
#3234=EDGE_CURVE('',#2588,#2590,#2190,.T.);
#3235=EDGE_CURVE('',#2591,#2589,#2191,.T.);
#3236=EDGE_CURVE('',#2591,#2590,#1320,.T.);
#3237=EDGE_CURVE('',#2590,#2584,#1321,.T.);
#3238=EDGE_CURVE('',#2586,#2591,#1322,.T.);
#3239=EDGE_CURVE('',#2592,#2593,#2192,.T.);
#3240=EDGE_CURVE('',#2592,#2594,#1323,.T.);
#3241=EDGE_CURVE('',#2595,#2594,#2193,.T.);
#3242=EDGE_CURVE('',#2595,#2593,#1324,.T.);
#3243=EDGE_CURVE('',#2593,#2596,#1325,.T.);
#3244=EDGE_CURVE('',#2597,#2595,#1326,.T.);
#3245=EDGE_CURVE('',#2596,#2597,#1327,.T.);
#3246=EDGE_CURVE('',#2596,#2598,#2194,.T.);
#3247=EDGE_CURVE('',#2599,#2597,#2195,.T.);
#3248=EDGE_CURVE('',#2599,#2598,#1328,.T.);
#3249=EDGE_CURVE('',#2598,#2592,#1329,.T.);
#3250=EDGE_CURVE('',#2594,#2599,#1330,.T.);
#3251=EDGE_CURVE('',#2600,#2601,#1331,.T.);
#3252=EDGE_CURVE('',#2602,#2600,#2196,.T.);
#3253=EDGE_CURVE('',#2603,#2602,#1332,.T.);
#3254=EDGE_CURVE('',#2604,#2603,#2197,.T.);
#3255=EDGE_CURVE('',#2604,#2605,#1333,.T.);
#3256=EDGE_CURVE('',#2605,#2605,#2198,.T.);
#3257=EDGE_CURVE('',#2601,#2604,#2199,.T.);
#3258=EDGE_CURVE('',#2606,#2602,#2200,.T.);
#3259=EDGE_CURVE('',#2607,#2606,#47,.T.);
#3260=EDGE_CURVE('',#2608,#2607,#1334,.T.);
#3261=EDGE_CURVE('',#2603,#2608,#2201,.T.);
#3262=EDGE_CURVE('',#2600,#2609,#2202,.T.);
#3263=EDGE_CURVE('',#2609,#2610,#1335,.T.);
#3264=EDGE_CURVE('',#2610,#2611,#1336,.T.);
#3265=EDGE_CURVE('',#2612,#2611,#1337,.T.);
#3266=EDGE_CURVE('',#2613,#2612,#1338,.T.);
#3267=EDGE_CURVE('',#2614,#2613,#1339,.T.);
#3268=EDGE_CURVE('',#2614,#2615,#1340,.T.);
#3269=EDGE_CURVE('',#2616,#2615,#1341,.T.);
#3270=EDGE_CURVE('',#2617,#2616,#1342,.T.);
#3271=EDGE_CURVE('',#2606,#2617,#1343,.T.);
#3272=EDGE_CURVE('',#2618,#2601,#2203,.T.);
#3273=EDGE_CURVE('',#2619,#2618,#1344,.T.);
#3274=EDGE_CURVE('',#2609,#2619,#48,.T.);
#3275=EDGE_CURVE('',#2620,#2621,#1345,.T.);
#3276=EDGE_CURVE('',#2622,#2620,#2204,.T.);
#3277=EDGE_CURVE('',#2623,#2622,#1346,.T.);
#3278=EDGE_CURVE('',#2624,#2623,#2205,.T.);
#3279=EDGE_CURVE('',#2621,#2624,#49,.T.);
#3280=EDGE_CURVE('',#2625,#2623,#1347,.T.);
#3281=EDGE_CURVE('',#2625,#2626,#2206,.T.);
#3282=EDGE_CURVE('',#2626,#2627,#1348,.T.);
#3283=EDGE_CURVE('',#2628,#2627,#1349,.T.);
#3284=EDGE_CURVE('',#2624,#2628,#1350,.T.);
#3285=EDGE_CURVE('',#2622,#2629,#1351,.T.);
#3286=EDGE_CURVE('',#2629,#2625,#1352,.T.);
#3287=EDGE_CURVE('',#2630,#2618,#1353,.T.);
#3288=EDGE_CURVE('',#2631,#2630,#1354,.T.);
#3289=EDGE_CURVE('',#2631,#2632,#1355,.T.);
#3290=EDGE_CURVE('',#2633,#2632,#1356,.T.);
#3291=EDGE_CURVE('',#2619,#2633,#1357,.T.);
#3292=EDGE_CURVE('',#2608,#2634,#1358,.T.);
#3293=EDGE_CURVE('',#2635,#2634,#1359,.T.);
#3294=EDGE_CURVE('',#2636,#2635,#1360,.T.);
#3295=EDGE_CURVE('',#2637,#2636,#1361,.T.);
#3296=EDGE_CURVE('',#2637,#2638,#1362,.T.);
#3297=EDGE_CURVE('',#2630,#2638,#1363,.T.);
#3298=EDGE_CURVE('',#2639,#2640,#1364,.T.);
#3299=EDGE_CURVE('',#2626,#2639,#50,.T.);
#3300=EDGE_CURVE('',#2640,#2629,#2207,.T.);
#3301=EDGE_CURVE('',#2607,#2641,#1365,.T.);
#3302=EDGE_CURVE('',#2642,#2641,#1366,.T.);
#3303=EDGE_CURVE('',#2643,#2642,#1367,.T.);
#3304=EDGE_CURVE('',#2634,#2643,#1368,.T.);
#3305=EDGE_CURVE('',#2641,#2617,#2208,.T.);
#3306=EDGE_CURVE('',#2644,#2620,#1369,.T.);
#3307=EDGE_CURVE('',#2645,#2644,#1370,.T.);
#3308=EDGE_CURVE('',#2646,#2645,#1371,.T.);
#3309=EDGE_CURVE('',#2646,#2647,#1372,.T.);
#3310=EDGE_CURVE('',#2640,#2647,#1373,.T.);
#3311=EDGE_CURVE('',#2621,#2631,#2209,.T.);
#3312=EDGE_CURVE('',#2638,#2644,#1374,.T.);
#3313=EDGE_CURVE('',#2648,#2649,#1375,.T.);
#3314=EDGE_CURVE('',#2648,#2650,#1376,.T.);
#3315=EDGE_CURVE('',#2651,#2650,#1377,.T.);
#3316=EDGE_CURVE('',#2649,#2651,#1378,.T.);
#3317=EDGE_CURVE('',#2652,#2648,#2210,.T.);
#3318=EDGE_CURVE('',#2652,#2653,#1379,.T.);
#3319=EDGE_CURVE('',#2650,#2653,#2211,.T.);
#3320=EDGE_CURVE('',#2654,#2652,#1380,.T.);
#3321=EDGE_CURVE('',#2654,#2655,#1381,.T.);
#3322=EDGE_CURVE('',#2653,#2655,#1382,.T.);
#3323=EDGE_CURVE('',#2656,#2654,#2212,.T.);
#3324=EDGE_CURVE('',#2656,#2657,#1383,.T.);
#3325=EDGE_CURVE('',#2655,#2657,#2213,.T.);
#3326=EDGE_CURVE('',#2649,#2610,#2214,.T.);
#3327=EDGE_CURVE('',#2611,#2651,#2215,.T.);
#3328=EDGE_CURVE('',#2657,#2658,#1384,.T.);
#3329=EDGE_CURVE('',#2658,#2612,#2216,.T.);
#3330=EDGE_CURVE('',#2613,#2659,#2217,.T.);
#3331=EDGE_CURVE('',#2659,#2658,#1385,.T.);
#3332=EDGE_CURVE('',#2659,#2656,#1386,.T.);
#3333=EDGE_CURVE('',#2660,#2661,#2218,.T.);
#3334=EDGE_CURVE('',#2660,#2662,#1387,.T.);
#3335=EDGE_CURVE('',#2663,#2662,#2219,.T.);
#3336=EDGE_CURVE('',#2661,#2663,#1388,.T.);
#3337=EDGE_CURVE('',#2664,#2660,#1389,.T.);
#3338=EDGE_CURVE('',#2664,#2665,#1390,.T.);
#3339=EDGE_CURVE('',#2662,#2665,#1391,.T.);
#3340=EDGE_CURVE('',#2666,#2664,#2220,.T.);
#3341=EDGE_CURVE('',#2666,#2667,#1392,.T.);
#3342=EDGE_CURVE('',#2665,#2667,#2221,.T.);
#3343=EDGE_CURVE('',#2668,#2666,#1393,.T.);
#3344=EDGE_CURVE('',#2668,#2669,#1394,.T.);
#3345=EDGE_CURVE('',#2667,#2669,#1395,.T.);
#3346=EDGE_CURVE('',#2617,#2668,#2222,.T.);
#3347=EDGE_CURVE('',#2669,#2616,#2223,.T.);
#3348=EDGE_CURVE('',#2670,#2614,#2224,.T.);
#3349=EDGE_CURVE('',#2670,#2671,#1396,.T.);
#3350=EDGE_CURVE('',#2615,#2671,#2225,.T.);
#3351=EDGE_CURVE('',#2671,#2663,#1397,.T.);
#3352=EDGE_CURVE('',#2661,#2670,#1398,.T.);
#3353=EDGE_CURVE('',#2632,#2628,#2226,.T.);
#3354=EDGE_CURVE('',#2643,#2639,#2227,.T.);
#3355=EDGE_CURVE('',#2627,#2642,#2228,.T.);
#3356=EDGE_CURVE('',#2610,#2633,#2229,.T.);
#3357=EDGE_CURVE('',#2645,#2637,#1399,.T.);
#3358=EDGE_CURVE('',#2636,#2646,#1400,.T.);
#3359=EDGE_CURVE('',#2647,#2635,#1401,.T.);
#3360=EDGE_CURVE('',#2672,#2673,#2230,.T.);
#3361=EDGE_CURVE('',#2672,#2674,#1402,.T.);
#3362=EDGE_CURVE('',#2675,#2674,#2231,.T.);
#3363=EDGE_CURVE('',#2673,#2675,#1403,.T.);
#3364=EDGE_CURVE('',#2673,#2676,#1404,.T.);
#3365=EDGE_CURVE('',#2677,#2675,#1405,.T.);
#3366=EDGE_CURVE('',#2676,#2677,#1406,.T.);
#3367=EDGE_CURVE('',#2676,#2678,#2232,.T.);
#3368=EDGE_CURVE('',#2679,#2677,#2233,.T.);
#3369=EDGE_CURVE('',#2678,#2679,#1407,.T.);
#3370=EDGE_CURVE('',#2678,#2672,#1408,.T.);
#3371=EDGE_CURVE('',#2674,#2679,#1409,.T.);
#3372=EDGE_CURVE('',#2680,#2680,#2234,.T.);
#3373=EDGE_CURVE('',#2680,#2681,#1410,.T.);
#3374=EDGE_CURVE('',#2681,#2681,#2235,.T.);
#3375=EDGE_CURVE('',#2682,#2682,#2236,.T.);
#3376=EDGE_CURVE('',#2682,#2683,#1411,.T.);
#3377=EDGE_CURVE('',#2683,#2683,#2237,.T.);
#3378=EDGE_CURVE('',#2684,#2685,#2238,.T.);
#3379=EDGE_CURVE('',#2684,#2686,#1412,.T.);
#3380=EDGE_CURVE('',#2687,#2686,#2239,.T.);
#3381=EDGE_CURVE('',#2685,#2687,#1413,.T.);
#3382=EDGE_CURVE('',#2685,#2688,#1414,.T.);
#3383=EDGE_CURVE('',#2689,#2687,#1415,.T.);
#3384=EDGE_CURVE('',#2688,#2689,#1416,.T.);
#3385=EDGE_CURVE('',#2688,#2690,#2240,.T.);
#3386=EDGE_CURVE('',#2691,#2689,#2241,.T.);
#3387=EDGE_CURVE('',#2690,#2691,#1417,.T.);
#3388=EDGE_CURVE('',#2690,#2684,#1418,.T.);
#3389=EDGE_CURVE('',#2686,#2691,#1419,.T.);
#3390=EDGE_CURVE('',#2692,#2692,#2242,.T.);
#3391=EDGE_CURVE('',#2692,#2693,#1420,.T.);
#3392=EDGE_CURVE('',#2693,#2693,#2243,.T.);
#3393=EDGE_CURVE('',#2694,#2694,#2244,.T.);
#3394=EDGE_CURVE('',#2694,#2695,#1421,.T.);
#3395=EDGE_CURVE('',#2695,#2695,#2245,.T.);
#3396=EDGE_CURVE('',#2696,#2697,#2246,.T.);
#3397=EDGE_CURVE('',#2696,#2698,#1422,.T.);
#3398=EDGE_CURVE('',#2699,#2698,#2247,.T.);
#3399=EDGE_CURVE('',#2697,#2699,#1423,.T.);
#3400=EDGE_CURVE('',#2697,#2700,#1424,.T.);
#3401=EDGE_CURVE('',#2701,#2699,#1425,.T.);
#3402=EDGE_CURVE('',#2700,#2701,#1426,.T.);
#3403=EDGE_CURVE('',#2700,#2702,#2248,.T.);
#3404=EDGE_CURVE('',#2703,#2701,#2249,.T.);
#3405=EDGE_CURVE('',#2702,#2703,#1427,.T.);
#3406=EDGE_CURVE('',#2702,#2696,#1428,.T.);
#3407=EDGE_CURVE('',#2698,#2703,#1429,.T.);
#3408=EDGE_CURVE('',#2704,#2704,#2250,.T.);
#3409=EDGE_CURVE('',#2704,#2705,#1430,.T.);
#3410=EDGE_CURVE('',#2705,#2705,#2251,.T.);
#3411=EDGE_CURVE('',#2706,#2706,#2252,.T.);
#3412=EDGE_CURVE('',#2706,#2707,#1431,.T.);
#3413=EDGE_CURVE('',#2707,#2707,#2253,.T.);
#3414=EDGE_CURVE('',#2708,#2709,#2254,.T.);
#3415=EDGE_CURVE('',#2708,#2710,#1432,.T.);
#3416=EDGE_CURVE('',#2711,#2710,#2255,.T.);
#3417=EDGE_CURVE('',#2709,#2711,#1433,.T.);
#3418=EDGE_CURVE('',#2709,#2712,#1434,.T.);
#3419=EDGE_CURVE('',#2713,#2711,#1435,.T.);
#3420=EDGE_CURVE('',#2712,#2713,#1436,.T.);
#3421=EDGE_CURVE('',#2712,#2714,#2256,.T.);
#3422=EDGE_CURVE('',#2715,#2713,#2257,.T.);
#3423=EDGE_CURVE('',#2714,#2715,#1437,.T.);
#3424=EDGE_CURVE('',#2714,#2708,#1438,.T.);
#3425=EDGE_CURVE('',#2710,#2715,#1439,.T.);
#3426=EDGE_CURVE('',#2716,#2716,#2258,.T.);
#3427=EDGE_CURVE('',#2716,#2717,#1440,.T.);
#3428=EDGE_CURVE('',#2717,#2717,#2259,.T.);
#3429=EDGE_CURVE('',#2718,#2718,#2260,.T.);
#3430=EDGE_CURVE('',#2718,#2719,#1441,.T.);
#3431=EDGE_CURVE('',#2719,#2719,#2261,.T.);
#3432=EDGE_CURVE('',#2720,#2720,#2262,.T.);
#3433=EDGE_CURVE('',#2720,#2721,#1442,.T.);
#3434=EDGE_CURVE('',#2721,#2721,#2263,.T.);
#3435=EDGE_CURVE('',#2722,#2722,#2264,.T.);
#3436=EDGE_CURVE('',#2722,#2723,#1443,.T.);
#3437=EDGE_CURVE('',#2723,#2723,#2265,.T.);
#3438=EDGE_CURVE('',#2724,#2724,#2266,.T.);
#3439=EDGE_CURVE('',#2724,#2725,#1444,.T.);
#3440=EDGE_CURVE('',#2725,#2725,#2267,.T.);
#3441=EDGE_CURVE('',#2726,#2726,#2268,.T.);
#3442=EDGE_CURVE('',#2726,#2727,#1445,.T.);
#3443=EDGE_CURVE('',#2727,#2727,#2269,.T.);
#3444=EDGE_CURVE('',#2728,#2729,#2270,.T.);
#3445=EDGE_CURVE('',#2728,#2730,#1446,.T.);
#3446=EDGE_CURVE('',#2731,#2730,#2271,.T.);
#3447=EDGE_CURVE('',#2729,#2731,#1447,.T.);
#3448=EDGE_CURVE('',#2729,#2732,#1448,.T.);
#3449=EDGE_CURVE('',#2733,#2731,#1449,.T.);
#3450=EDGE_CURVE('',#2732,#2733,#1450,.T.);
#3451=EDGE_CURVE('',#2732,#2734,#2272,.T.);
#3452=EDGE_CURVE('',#2735,#2733,#2273,.T.);
#3453=EDGE_CURVE('',#2734,#2735,#1451,.T.);
#3454=EDGE_CURVE('',#2734,#2736,#1452,.T.);
#3455=EDGE_CURVE('',#2737,#2735,#1453,.T.);
#3456=EDGE_CURVE('',#2736,#2737,#1454,.T.);
#3457=EDGE_CURVE('',#2738,#2739,#2274,.T.);
#3458=EDGE_CURVE('',#2738,#2740,#1455,.T.);
#3459=EDGE_CURVE('',#2741,#2740,#2275,.T.);
#3460=EDGE_CURVE('',#2739,#2741,#1456,.T.);
#3461=EDGE_CURVE('',#2736,#2742,#2276,.T.);
#3462=EDGE_CURVE('',#2743,#2737,#2277,.T.);
#3463=EDGE_CURVE('',#2742,#2743,#1457,.T.);
#3464=EDGE_CURVE('',#2742,#2738,#1458,.T.);
#3465=EDGE_CURVE('',#2740,#2743,#1459,.T.);
#3466=EDGE_CURVE('',#2739,#2728,#1460,.T.);
#3467=EDGE_CURVE('',#2730,#2741,#1461,.T.);
#3468=EDGE_CURVE('',#2744,#2745,#2278,.T.);
#3469=EDGE_CURVE('',#2744,#2746,#1462,.T.);
#3470=EDGE_CURVE('',#2747,#2746,#2279,.T.);
#3471=EDGE_CURVE('',#2745,#2747,#1463,.T.);
#3472=EDGE_CURVE('',#2745,#2748,#1464,.T.);
#3473=EDGE_CURVE('',#2749,#2747,#1465,.T.);
#3474=EDGE_CURVE('',#2748,#2749,#1466,.T.);
#3475=EDGE_CURVE('',#2748,#2750,#2280,.T.);
#3476=EDGE_CURVE('',#2751,#2749,#2281,.T.);
#3477=EDGE_CURVE('',#2750,#2751,#1467,.T.);
#3478=EDGE_CURVE('',#2750,#2752,#1468,.T.);
#3479=EDGE_CURVE('',#2753,#2751,#1469,.T.);
#3480=EDGE_CURVE('',#2752,#2753,#1470,.T.);
#3481=EDGE_CURVE('',#2754,#2755,#2282,.T.);
#3482=EDGE_CURVE('',#2754,#2756,#1471,.T.);
#3483=EDGE_CURVE('',#2757,#2756,#2283,.T.);
#3484=EDGE_CURVE('',#2755,#2757,#1472,.T.);
#3485=EDGE_CURVE('',#2752,#2758,#2284,.T.);
#3486=EDGE_CURVE('',#2759,#2753,#2285,.T.);
#3487=EDGE_CURVE('',#2758,#2759,#1473,.T.);
#3488=EDGE_CURVE('',#2758,#2754,#1474,.T.);
#3489=EDGE_CURVE('',#2756,#2759,#1475,.T.);
#3490=EDGE_CURVE('',#2755,#2744,#1476,.T.);
#3491=EDGE_CURVE('',#2746,#2757,#1477,.T.);
#3492=EDGE_CURVE('',#2760,#2761,#1478,.T.);
#3493=EDGE_CURVE('',#2762,#2761,#2286,.T.);
#3494=EDGE_CURVE('',#2763,#2762,#1479,.T.);
#3495=EDGE_CURVE('',#2760,#2763,#2287,.T.);
#3496=EDGE_CURVE('',#2763,#2764,#1480,.T.);
#3497=EDGE_CURVE('',#2764,#2765,#2288,.T.);
#3498=EDGE_CURVE('',#2765,#2766,#1481,.T.);
#3499=EDGE_CURVE('',#2766,#2767,#2289,.T.);
#3500=EDGE_CURVE('',#2767,#2768,#1482,.T.);
#3501=EDGE_CURVE('',#2768,#2769,#2290,.T.);
#3502=EDGE_CURVE('',#2769,#2760,#1483,.T.);
#3503=EDGE_CURVE('',#2768,#2770,#1484,.T.);
#3504=EDGE_CURVE('',#2771,#2770,#2291,.T.);
#3505=EDGE_CURVE('',#2769,#2771,#1485,.T.);
#3506=EDGE_CURVE('',#2765,#2772,#1486,.T.);
#3507=EDGE_CURVE('',#2764,#2773,#1487,.T.);
#3508=EDGE_CURVE('',#2772,#2773,#2292,.T.);
#3509=EDGE_CURVE('',#2761,#2771,#1488,.T.);
#3510=EDGE_CURVE('',#2770,#2774,#1489,.T.);
#3511=EDGE_CURVE('',#2774,#2775,#2293,.T.);
#3512=EDGE_CURVE('',#2775,#2772,#1490,.T.);
#3513=EDGE_CURVE('',#2773,#2762,#1491,.T.);
#3514=EDGE_CURVE('',#2767,#2774,#1492,.T.);
#3515=EDGE_CURVE('',#2766,#2775,#1493,.T.);
#3516=EDGE_CURVE('',#2776,#2777,#1494,.T.);
#3517=EDGE_CURVE('',#2778,#2777,#2294,.T.);
#3518=EDGE_CURVE('',#2779,#2778,#1495,.T.);
#3519=EDGE_CURVE('',#2776,#2779,#2295,.T.);
#3520=EDGE_CURVE('',#2779,#2780,#1496,.T.);
#3521=EDGE_CURVE('',#2780,#2781,#2296,.T.);
#3522=EDGE_CURVE('',#2781,#2782,#1497,.T.);
#3523=EDGE_CURVE('',#2782,#2783,#2297,.T.);
#3524=EDGE_CURVE('',#2783,#2784,#1498,.T.);
#3525=EDGE_CURVE('',#2784,#2785,#2298,.T.);
#3526=EDGE_CURVE('',#2785,#2776,#1499,.T.);
#3527=EDGE_CURVE('',#2784,#2786,#1500,.T.);
#3528=EDGE_CURVE('',#2787,#2786,#2299,.T.);
#3529=EDGE_CURVE('',#2785,#2787,#1501,.T.);
#3530=EDGE_CURVE('',#2781,#2788,#1502,.T.);
#3531=EDGE_CURVE('',#2780,#2789,#1503,.T.);
#3532=EDGE_CURVE('',#2788,#2789,#2300,.T.);
#3533=EDGE_CURVE('',#2777,#2787,#1504,.T.);
#3534=EDGE_CURVE('',#2786,#2790,#1505,.T.);
#3535=EDGE_CURVE('',#2790,#2791,#2301,.T.);
#3536=EDGE_CURVE('',#2791,#2788,#1506,.T.);
#3537=EDGE_CURVE('',#2789,#2778,#1507,.T.);
#3538=EDGE_CURVE('',#2783,#2790,#1508,.T.);
#3539=EDGE_CURVE('',#2782,#2791,#1509,.T.);
#3540=EDGE_CURVE('',#2792,#2793,#1510,.T.);
#3541=EDGE_CURVE('',#2794,#2793,#2302,.T.);
#3542=EDGE_CURVE('',#2795,#2794,#1511,.T.);
#3543=EDGE_CURVE('',#2792,#2795,#2303,.T.);
#3544=EDGE_CURVE('',#2795,#2796,#1512,.T.);
#3545=EDGE_CURVE('',#2796,#2797,#2304,.T.);
#3546=EDGE_CURVE('',#2797,#2798,#1513,.T.);
#3547=EDGE_CURVE('',#2798,#2799,#2305,.T.);
#3548=EDGE_CURVE('',#2799,#2800,#1514,.T.);
#3549=EDGE_CURVE('',#2800,#2801,#2306,.T.);
#3550=EDGE_CURVE('',#2801,#2792,#1515,.T.);
#3551=EDGE_CURVE('',#2800,#2802,#1516,.T.);
#3552=EDGE_CURVE('',#2803,#2802,#2307,.T.);
#3553=EDGE_CURVE('',#2801,#2803,#1517,.T.);
#3554=EDGE_CURVE('',#2797,#2804,#1518,.T.);
#3555=EDGE_CURVE('',#2796,#2805,#1519,.T.);
#3556=EDGE_CURVE('',#2804,#2805,#2308,.T.);
#3557=EDGE_CURVE('',#2793,#2803,#1520,.T.);
#3558=EDGE_CURVE('',#2802,#2806,#1521,.T.);
#3559=EDGE_CURVE('',#2806,#2807,#2309,.T.);
#3560=EDGE_CURVE('',#2807,#2804,#1522,.T.);
#3561=EDGE_CURVE('',#2805,#2794,#1523,.T.);
#3562=EDGE_CURVE('',#2799,#2806,#1524,.T.);
#3563=EDGE_CURVE('',#2798,#2807,#1525,.T.);
#3564=EDGE_CURVE('',#2808,#2809,#1526,.T.);
#3565=EDGE_CURVE('',#2809,#2810,#1527,.T.);
#3566=EDGE_CURVE('',#2810,#2811,#1528,.T.);
#3567=EDGE_CURVE('',#2811,#2808,#1529,.T.);
#3568=EDGE_CURVE('',#2812,#2813,#1530,.T.);
#3569=EDGE_CURVE('',#2813,#2814,#1531,.T.);
#3570=EDGE_CURVE('',#2814,#2815,#1532,.T.);
#3571=EDGE_CURVE('',#2815,#2812,#1533,.T.);
#3572=EDGE_CURVE('',#2811,#2814,#1534,.T.);
#3573=EDGE_CURVE('',#2808,#2813,#1535,.T.);
#3574=EDGE_CURVE('',#2810,#2815,#1536,.T.);
#3575=EDGE_CURVE('',#2809,#2812,#1537,.T.);
#3576=EDGE_CURVE('',#2816,#2816,#2310,.T.);
#3577=EDGE_CURVE('',#2816,#2817,#1538,.T.);
#3578=EDGE_CURVE('',#2817,#2817,#2311,.T.);
#3579=EDGE_CURVE('',#2818,#2818,#2312,.T.);
#3580=EDGE_CURVE('',#2818,#2819,#1539,.T.);
#3581=EDGE_CURVE('',#2819,#2819,#2313,.T.);
#3582=EDGE_CURVE('',#2820,#2820,#2314,.T.);
#3583=EDGE_CURVE('',#2820,#2821,#1540,.T.);
#3584=EDGE_CURVE('',#2821,#2821,#2315,.T.);
#3585=EDGE_CURVE('',#2822,#2822,#2316,.T.);
#3586=EDGE_CURVE('',#2822,#2823,#1541,.T.);
#3587=EDGE_CURVE('',#2823,#2823,#2317,.T.);
#3588=EDGE_CURVE('',#2824,#2824,#2318,.T.);
#3589=EDGE_CURVE('',#2824,#2825,#1542,.T.);
#3590=EDGE_CURVE('',#2825,#2825,#2319,.T.);
#3591=EDGE_CURVE('',#2826,#2826,#2320,.T.);
#3592=EDGE_CURVE('',#2826,#2827,#1543,.T.);
#3593=EDGE_CURVE('',#2827,#2827,#2321,.T.);
#3594=EDGE_CURVE('',#2828,#2828,#2322,.T.);
#3595=EDGE_CURVE('',#2828,#2829,#1544,.T.);
#3596=EDGE_CURVE('',#2829,#2829,#2323,.T.);
#3597=EDGE_CURVE('',#2830,#2830,#2324,.T.);
#3598=EDGE_CURVE('',#2830,#2831,#1545,.T.);
#3599=EDGE_CURVE('',#2831,#2831,#2325,.T.);
#3600=EDGE_CURVE('',#2832,#2832,#2326,.T.);
#3601=EDGE_CURVE('',#2832,#2833,#1546,.T.);
#3602=EDGE_CURVE('',#2833,#2833,#2327,.T.);
#3603=EDGE_CURVE('',#2834,#2835,#1547,.T.);
#3604=EDGE_CURVE('',#2835,#2836,#1548,.T.);
#3605=EDGE_CURVE('',#2836,#2837,#1549,.T.);
#3606=EDGE_CURVE('',#2837,#2834,#1550,.T.);
#3607=EDGE_CURVE('',#2838,#2839,#1551,.T.);
#3608=EDGE_CURVE('',#2839,#2840,#1552,.T.);
#3609=EDGE_CURVE('',#2840,#2841,#1553,.T.);
#3610=EDGE_CURVE('',#2841,#2838,#1554,.T.);
#3611=EDGE_CURVE('',#2837,#2840,#1555,.T.);
#3612=EDGE_CURVE('',#2834,#2839,#1556,.T.);
#3613=EDGE_CURVE('',#2836,#2841,#1557,.T.);
#3614=EDGE_CURVE('',#2835,#2838,#1558,.T.);
#3615=ORIENTED_EDGE('',*,*,#2842,.T.);
#3616=ORIENTED_EDGE('',*,*,#2843,.T.);
#3617=ORIENTED_EDGE('',*,*,#2844,.F.);
#3618=ORIENTED_EDGE('',*,*,#2843,.F.);
#3619=ORIENTED_EDGE('',*,*,#2842,.F.);
#3620=ORIENTED_EDGE('',*,*,#2845,.F.);
#3621=ORIENTED_EDGE('',*,*,#2846,.F.);
#3622=ORIENTED_EDGE('',*,*,#2847,.F.);
#3623=ORIENTED_EDGE('',*,*,#2848,.T.);
#3624=ORIENTED_EDGE('',*,*,#2849,.F.);
#3625=ORIENTED_EDGE('',*,*,#2850,.F.);
#3626=ORIENTED_EDGE('',*,*,#2851,.F.);
#3627=ORIENTED_EDGE('',*,*,#2846,.T.);
#3628=ORIENTED_EDGE('',*,*,#2852,.F.);
#3629=ORIENTED_EDGE('',*,*,#2853,.F.);
#3630=ORIENTED_EDGE('',*,*,#2854,.F.);
#3631=ORIENTED_EDGE('',*,*,#2850,.T.);
#3632=ORIENTED_EDGE('',*,*,#2855,.F.);
#3633=ORIENTED_EDGE('',*,*,#2856,.F.);
#3634=ORIENTED_EDGE('',*,*,#2857,.F.);
#3635=ORIENTED_EDGE('',*,*,#2853,.T.);
#3636=ORIENTED_EDGE('',*,*,#2858,.F.);
#3637=ORIENTED_EDGE('',*,*,#2848,.F.);
#3638=ORIENTED_EDGE('',*,*,#2859,.F.);
#3639=ORIENTED_EDGE('',*,*,#2860,.T.);
#3640=ORIENTED_EDGE('',*,*,#2847,.T.);
#3641=ORIENTED_EDGE('',*,*,#2851,.T.);
#3642=ORIENTED_EDGE('',*,*,#2854,.T.);
#3643=ORIENTED_EDGE('',*,*,#2857,.T.);
#3644=ORIENTED_EDGE('',*,*,#2861,.T.);
#3645=ORIENTED_EDGE('',*,*,#2862,.T.);
#3646=ORIENTED_EDGE('',*,*,#2863,.T.);
#3647=ORIENTED_EDGE('',*,*,#2859,.T.);
#3648=ORIENTED_EDGE('',*,*,#2844,.T.);
#3649=ORIENTED_EDGE('',*,*,#2864,.F.);
#3650=ORIENTED_EDGE('',*,*,#2865,.F.);
#3651=ORIENTED_EDGE('',*,*,#2862,.F.);
#3652=ORIENTED_EDGE('',*,*,#2866,.T.);
#3653=ORIENTED_EDGE('',*,*,#2867,.F.);
#3654=ORIENTED_EDGE('',*,*,#2860,.F.);
#3655=ORIENTED_EDGE('',*,*,#2863,.F.);
#3656=ORIENTED_EDGE('',*,*,#2865,.T.);
#3657=ORIENTED_EDGE('',*,*,#2868,.F.);
#3658=ORIENTED_EDGE('',*,*,#2866,.F.);
#3659=ORIENTED_EDGE('',*,*,#2861,.F.);
#3660=ORIENTED_EDGE('',*,*,#2856,.T.);
#3661=ORIENTED_EDGE('',*,*,#2869,.T.);
#3662=ORIENTED_EDGE('',*,*,#2870,.T.);
#3663=ORIENTED_EDGE('',*,*,#2871,.F.);
#3664=ORIENTED_EDGE('',*,*,#2870,.F.);
#3665=ORIENTED_EDGE('',*,*,#2869,.F.);
#3666=ORIENTED_EDGE('',*,*,#2872,.F.);
#3667=ORIENTED_EDGE('',*,*,#2873,.F.);
#3668=ORIENTED_EDGE('',*,*,#2874,.F.);
#3669=ORIENTED_EDGE('',*,*,#2875,.T.);
#3670=ORIENTED_EDGE('',*,*,#2876,.F.);
#3671=ORIENTED_EDGE('',*,*,#2877,.F.);
#3672=ORIENTED_EDGE('',*,*,#2878,.F.);
#3673=ORIENTED_EDGE('',*,*,#2873,.T.);
#3674=ORIENTED_EDGE('',*,*,#2879,.F.);
#3675=ORIENTED_EDGE('',*,*,#2880,.F.);
#3676=ORIENTED_EDGE('',*,*,#2881,.F.);
#3677=ORIENTED_EDGE('',*,*,#2877,.T.);
#3678=ORIENTED_EDGE('',*,*,#2882,.F.);
#3679=ORIENTED_EDGE('',*,*,#2883,.F.);
#3680=ORIENTED_EDGE('',*,*,#2884,.F.);
#3681=ORIENTED_EDGE('',*,*,#2880,.T.);
#3682=ORIENTED_EDGE('',*,*,#2885,.F.);
#3683=ORIENTED_EDGE('',*,*,#2875,.F.);
#3684=ORIENTED_EDGE('',*,*,#2886,.F.);
#3685=ORIENTED_EDGE('',*,*,#2887,.T.);
#3686=ORIENTED_EDGE('',*,*,#2874,.T.);
#3687=ORIENTED_EDGE('',*,*,#2878,.T.);
#3688=ORIENTED_EDGE('',*,*,#2881,.T.);
#3689=ORIENTED_EDGE('',*,*,#2884,.T.);
#3690=ORIENTED_EDGE('',*,*,#2888,.T.);
#3691=ORIENTED_EDGE('',*,*,#2889,.T.);
#3692=ORIENTED_EDGE('',*,*,#2890,.T.);
#3693=ORIENTED_EDGE('',*,*,#2886,.T.);
#3694=ORIENTED_EDGE('',*,*,#2871,.T.);
#3695=ORIENTED_EDGE('',*,*,#2891,.F.);
#3696=ORIENTED_EDGE('',*,*,#2892,.F.);
#3697=ORIENTED_EDGE('',*,*,#2889,.F.);
#3698=ORIENTED_EDGE('',*,*,#2893,.T.);
#3699=ORIENTED_EDGE('',*,*,#2894,.F.);
#3700=ORIENTED_EDGE('',*,*,#2887,.F.);
#3701=ORIENTED_EDGE('',*,*,#2890,.F.);
#3702=ORIENTED_EDGE('',*,*,#2892,.T.);
#3703=ORIENTED_EDGE('',*,*,#2895,.F.);
#3704=ORIENTED_EDGE('',*,*,#2893,.F.);
#3705=ORIENTED_EDGE('',*,*,#2888,.F.);
#3706=ORIENTED_EDGE('',*,*,#2883,.T.);
#3707=ORIENTED_EDGE('',*,*,#2896,.F.);
#3708=ORIENTED_EDGE('',*,*,#2897,.T.);
#3709=ORIENTED_EDGE('',*,*,#2898,.F.);
#3710=ORIENTED_EDGE('',*,*,#2899,.F.);
#3711=ORIENTED_EDGE('',*,*,#2900,.F.);
#3712=ORIENTED_EDGE('',*,*,#2899,.T.);
#3713=ORIENTED_EDGE('',*,*,#2901,.F.);
#3714=ORIENTED_EDGE('',*,*,#2902,.F.);
#3715=ORIENTED_EDGE('',*,*,#2903,.F.);
#3716=ORIENTED_EDGE('',*,*,#2902,.T.);
#3717=ORIENTED_EDGE('',*,*,#2904,.F.);
#3718=ORIENTED_EDGE('',*,*,#2905,.F.);
#3719=ORIENTED_EDGE('',*,*,#2906,.F.);
#3720=ORIENTED_EDGE('',*,*,#2905,.T.);
#3721=ORIENTED_EDGE('',*,*,#2907,.F.);
#3722=ORIENTED_EDGE('',*,*,#2908,.F.);
#3723=ORIENTED_EDGE('',*,*,#2909,.F.);
#3724=ORIENTED_EDGE('',*,*,#2910,.T.);
#3725=ORIENTED_EDGE('',*,*,#2911,.F.);
#3726=ORIENTED_EDGE('',*,*,#2912,.F.);
#3727=ORIENTED_EDGE('',*,*,#2913,.F.);
#3728=ORIENTED_EDGE('',*,*,#2908,.T.);
#3729=ORIENTED_EDGE('',*,*,#2914,.F.);
#3730=ORIENTED_EDGE('',*,*,#2915,.F.);
#3731=ORIENTED_EDGE('',*,*,#2916,.F.);
#3732=ORIENTED_EDGE('',*,*,#2915,.T.);
#3733=ORIENTED_EDGE('',*,*,#2917,.F.);
#3734=ORIENTED_EDGE('',*,*,#2910,.F.);
#3735=ORIENTED_EDGE('',*,*,#2918,.F.);
#3736=ORIENTED_EDGE('',*,*,#2912,.T.);
#3737=ORIENTED_EDGE('',*,*,#2919,.F.);
#3738=ORIENTED_EDGE('',*,*,#2897,.F.);
#3739=ORIENTED_EDGE('',*,*,#2920,.T.);
#3740=ORIENTED_EDGE('',*,*,#2921,.F.);
#3741=ORIENTED_EDGE('',*,*,#2922,.F.);
#3742=ORIENTED_EDGE('',*,*,#2923,.F.);
#3743=ORIENTED_EDGE('',*,*,#2924,.T.);
#3744=ORIENTED_EDGE('',*,*,#2925,.T.);
#3745=ORIENTED_EDGE('',*,*,#2926,.T.);
#3746=ORIENTED_EDGE('',*,*,#2927,.T.);
#3747=ORIENTED_EDGE('',*,*,#2928,.T.);
#3748=ORIENTED_EDGE('',*,*,#2929,.T.);
#3749=ORIENTED_EDGE('',*,*,#2930,.T.);
#3750=ORIENTED_EDGE('',*,*,#2923,.T.);
#3751=ORIENTED_EDGE('',*,*,#2855,.T.);
#3752=ORIENTED_EDGE('',*,*,#2852,.T.);
#3753=ORIENTED_EDGE('',*,*,#2849,.T.);
#3754=ORIENTED_EDGE('',*,*,#2845,.T.);
#3755=ORIENTED_EDGE('',*,*,#2858,.T.);
#3756=ORIENTED_EDGE('',*,*,#2867,.T.);
#3757=ORIENTED_EDGE('',*,*,#2864,.T.);
#3758=ORIENTED_EDGE('',*,*,#2868,.T.);
#3759=ORIENTED_EDGE('',*,*,#2882,.T.);
#3760=ORIENTED_EDGE('',*,*,#2879,.T.);
#3761=ORIENTED_EDGE('',*,*,#2876,.T.);
#3762=ORIENTED_EDGE('',*,*,#2872,.T.);
#3763=ORIENTED_EDGE('',*,*,#2885,.T.);
#3764=ORIENTED_EDGE('',*,*,#2894,.T.);
#3765=ORIENTED_EDGE('',*,*,#2891,.T.);
#3766=ORIENTED_EDGE('',*,*,#2895,.T.);
#3767=ORIENTED_EDGE('',*,*,#2913,.T.);
#3768=ORIENTED_EDGE('',*,*,#2916,.T.);
#3769=ORIENTED_EDGE('',*,*,#2909,.T.);
#3770=ORIENTED_EDGE('',*,*,#2918,.T.);
#3771=ORIENTED_EDGE('',*,*,#2896,.T.);
#3772=ORIENTED_EDGE('',*,*,#2900,.T.);
#3773=ORIENTED_EDGE('',*,*,#2903,.T.);
#3774=ORIENTED_EDGE('',*,*,#2906,.T.);
#3775=ORIENTED_EDGE('',*,*,#2931,.T.);
#3776=ORIENTED_EDGE('',*,*,#2932,.F.);
#3777=ORIENTED_EDGE('',*,*,#2933,.F.);
#3778=ORIENTED_EDGE('',*,*,#2929,.F.);
#3779=ORIENTED_EDGE('',*,*,#2934,.F.);
#3780=ORIENTED_EDGE('',*,*,#2925,.F.);
#3781=ORIENTED_EDGE('',*,*,#2935,.T.);
#3782=ORIENTED_EDGE('',*,*,#2936,.F.);
#3783=ORIENTED_EDGE('',*,*,#2937,.T.);
#3784=ORIENTED_EDGE('',*,*,#2932,.T.);
#3785=ORIENTED_EDGE('',*,*,#2938,.T.);
#3786=ORIENTED_EDGE('',*,*,#2939,.T.);
#3787=ORIENTED_EDGE('',*,*,#2940,.T.);
#3788=ORIENTED_EDGE('',*,*,#2936,.T.);
#3789=ORIENTED_EDGE('',*,*,#2941,.T.);
#3790=ORIENTED_EDGE('',*,*,#2921,.T.);
#3791=ORIENTED_EDGE('',*,*,#2914,.T.);
#3792=ORIENTED_EDGE('',*,*,#2907,.T.);
#3793=ORIENTED_EDGE('',*,*,#2904,.T.);
#3794=ORIENTED_EDGE('',*,*,#2901,.T.);
#3795=ORIENTED_EDGE('',*,*,#2898,.T.);
#3796=ORIENTED_EDGE('',*,*,#2919,.T.);
#3797=ORIENTED_EDGE('',*,*,#2911,.T.);
#3798=ORIENTED_EDGE('',*,*,#2917,.T.);
#3799=ORIENTED_EDGE('',*,*,#2942,.F.);
#3800=ORIENTED_EDGE('',*,*,#2927,.F.);
#3801=ORIENTED_EDGE('',*,*,#2943,.T.);
#3802=ORIENTED_EDGE('',*,*,#2939,.F.);
#3803=ORIENTED_EDGE('',*,*,#2934,.T.);
#3804=ORIENTED_EDGE('',*,*,#2940,.F.);
#3805=ORIENTED_EDGE('',*,*,#2943,.F.);
#3806=ORIENTED_EDGE('',*,*,#2926,.F.);
#3807=ORIENTED_EDGE('',*,*,#2933,.T.);
#3808=ORIENTED_EDGE('',*,*,#2937,.F.);
#3809=ORIENTED_EDGE('',*,*,#2920,.F.);
#3810=ORIENTED_EDGE('',*,*,#2930,.F.);
#3811=ORIENTED_EDGE('',*,*,#2942,.T.);
#3812=ORIENTED_EDGE('',*,*,#2938,.F.);
#3813=ORIENTED_EDGE('',*,*,#2931,.F.);
#3814=ORIENTED_EDGE('',*,*,#2928,.F.);
#3815=ORIENTED_EDGE('',*,*,#2922,.T.);
#3816=ORIENTED_EDGE('',*,*,#2941,.F.);
#3817=ORIENTED_EDGE('',*,*,#2935,.F.);
#3818=ORIENTED_EDGE('',*,*,#2924,.F.);
#3819=ORIENTED_EDGE('',*,*,#2944,.F.);
#3820=ORIENTED_EDGE('',*,*,#2945,.F.);
#3821=ORIENTED_EDGE('',*,*,#2946,.F.);
#3822=ORIENTED_EDGE('',*,*,#2947,.F.);
#3823=ORIENTED_EDGE('',*,*,#2948,.F.);
#3824=ORIENTED_EDGE('',*,*,#2949,.F.);
#3825=ORIENTED_EDGE('',*,*,#2950,.F.);
#3826=ORIENTED_EDGE('',*,*,#2945,.T.);
#3827=ORIENTED_EDGE('',*,*,#2948,.T.);
#3828=ORIENTED_EDGE('',*,*,#2944,.T.);
#3829=ORIENTED_EDGE('',*,*,#2951,.F.);
#3830=ORIENTED_EDGE('',*,*,#2952,.F.);
#3831=ORIENTED_EDGE('',*,*,#2953,.T.);
#3832=ORIENTED_EDGE('',*,*,#2954,.F.);
#3833=ORIENTED_EDGE('',*,*,#2955,.F.);
#3834=ORIENTED_EDGE('',*,*,#2956,.F.);
#3835=ORIENTED_EDGE('',*,*,#2947,.T.);
#3836=ORIENTED_EDGE('',*,*,#2957,.F.);
#3837=ORIENTED_EDGE('',*,*,#2958,.F.);
#3838=ORIENTED_EDGE('',*,*,#2959,.F.);
#3839=ORIENTED_EDGE('',*,*,#2960,.F.);
#3840=ORIENTED_EDGE('',*,*,#2961,.F.);
#3841=ORIENTED_EDGE('',*,*,#2962,.F.);
#3842=ORIENTED_EDGE('',*,*,#2963,.T.);
#3843=ORIENTED_EDGE('',*,*,#2964,.F.);
#3844=ORIENTED_EDGE('',*,*,#2965,.T.);
#3845=ORIENTED_EDGE('',*,*,#2966,.F.);
#3846=ORIENTED_EDGE('',*,*,#2951,.T.);
#3847=ORIENTED_EDGE('',*,*,#2967,.T.);
#3848=ORIENTED_EDGE('',*,*,#2968,.T.);
#3849=ORIENTED_EDGE('',*,*,#2969,.F.);
#3850=ORIENTED_EDGE('',*,*,#2968,.F.);
#3851=ORIENTED_EDGE('',*,*,#2967,.F.);
#3852=ORIENTED_EDGE('',*,*,#2970,.F.);
#3853=ORIENTED_EDGE('',*,*,#2971,.T.);
#3854=ORIENTED_EDGE('',*,*,#2972,.T.);
#3855=ORIENTED_EDGE('',*,*,#2973,.F.);
#3856=ORIENTED_EDGE('',*,*,#2974,.F.);
#3857=ORIENTED_EDGE('',*,*,#2975,.F.);
#3858=ORIENTED_EDGE('',*,*,#2976,.F.);
#3859=ORIENTED_EDGE('',*,*,#2977,.F.);
#3860=ORIENTED_EDGE('',*,*,#2978,.F.);
#3861=ORIENTED_EDGE('',*,*,#2979,.F.);
#3862=ORIENTED_EDGE('',*,*,#2980,.F.);
#3863=ORIENTED_EDGE('',*,*,#2981,.F.);
#3864=ORIENTED_EDGE('',*,*,#2982,.T.);
#3865=ORIENTED_EDGE('',*,*,#2971,.F.);
#3866=ORIENTED_EDGE('',*,*,#2982,.F.);
#3867=ORIENTED_EDGE('',*,*,#2983,.T.);
#3868=ORIENTED_EDGE('',*,*,#2972,.F.);
#3869=ORIENTED_EDGE('',*,*,#2970,.T.);
#3870=ORIENTED_EDGE('',*,*,#2969,.T.);
#3871=ORIENTED_EDGE('',*,*,#2983,.F.);
#3872=ORIENTED_EDGE('',*,*,#2984,.F.);
#3873=ORIENTED_EDGE('',*,*,#2985,.T.);
#3874=ORIENTED_EDGE('',*,*,#2986,.F.);
#3875=ORIENTED_EDGE('',*,*,#2987,.T.);
#3876=ORIENTED_EDGE('',*,*,#2988,.F.);
#3877=ORIENTED_EDGE('',*,*,#2989,.T.);
#3878=ORIENTED_EDGE('',*,*,#2990,.T.);
#3879=ORIENTED_EDGE('',*,*,#2991,.T.);
#3880=ORIENTED_EDGE('',*,*,#2992,.T.);
#3881=ORIENTED_EDGE('',*,*,#2993,.T.);
#3882=ORIENTED_EDGE('',*,*,#2994,.T.);
#3883=ORIENTED_EDGE('',*,*,#2995,.T.);
#3884=ORIENTED_EDGE('',*,*,#2958,.T.);
#3885=ORIENTED_EDGE('',*,*,#2996,.T.);
#3886=ORIENTED_EDGE('',*,*,#2997,.T.);
#3887=ORIENTED_EDGE('',*,*,#2998,.T.);
#3888=ORIENTED_EDGE('',*,*,#2999,.F.);
#3889=ORIENTED_EDGE('',*,*,#3000,.T.);
#3890=ORIENTED_EDGE('',*,*,#3001,.T.);
#3891=ORIENTED_EDGE('',*,*,#3002,.T.);
#3892=ORIENTED_EDGE('',*,*,#3003,.T.);
#3893=ORIENTED_EDGE('',*,*,#3004,.T.);
#3894=ORIENTED_EDGE('',*,*,#3005,.T.);
#3895=ORIENTED_EDGE('',*,*,#3006,.T.);
#3896=ORIENTED_EDGE('',*,*,#3007,.T.);
#3897=ORIENTED_EDGE('',*,*,#3008,.T.);
#3898=ORIENTED_EDGE('',*,*,#3009,.T.);
#3899=ORIENTED_EDGE('',*,*,#3010,.T.);
#3900=ORIENTED_EDGE('',*,*,#3011,.T.);
#3901=ORIENTED_EDGE('',*,*,#3012,.T.);
#3902=ORIENTED_EDGE('',*,*,#3013,.T.);
#3903=ORIENTED_EDGE('',*,*,#3014,.T.);
#3904=ORIENTED_EDGE('',*,*,#3015,.T.);
#3905=ORIENTED_EDGE('',*,*,#3016,.T.);
#3906=ORIENTED_EDGE('',*,*,#3017,.T.);
#3907=ORIENTED_EDGE('',*,*,#2952,.T.);
#3908=ORIENTED_EDGE('',*,*,#2966,.T.);
#3909=ORIENTED_EDGE('',*,*,#3018,.T.);
#3910=ORIENTED_EDGE('',*,*,#2977,.T.);
#3911=ORIENTED_EDGE('',*,*,#3019,.T.);
#3912=ORIENTED_EDGE('',*,*,#3020,.T.);
#3913=ORIENTED_EDGE('',*,*,#3021,.T.);
#3914=ORIENTED_EDGE('',*,*,#3022,.T.);
#3915=ORIENTED_EDGE('',*,*,#3023,.T.);
#3916=ORIENTED_EDGE('',*,*,#3024,.T.);
#3917=ORIENTED_EDGE('',*,*,#3025,.T.);
#3918=ORIENTED_EDGE('',*,*,#3026,.T.);
#3919=ORIENTED_EDGE('',*,*,#2981,.T.);
#3920=ORIENTED_EDGE('',*,*,#3027,.T.);
#3921=ORIENTED_EDGE('',*,*,#2962,.T.);
#3922=ORIENTED_EDGE('',*,*,#3028,.T.);
#3923=ORIENTED_EDGE('',*,*,#3029,.T.);
#3924=ORIENTED_EDGE('',*,*,#3030,.T.);
#3925=ORIENTED_EDGE('',*,*,#3031,.T.);
#3926=ORIENTED_EDGE('',*,*,#3032,.T.);
#3927=ORIENTED_EDGE('',*,*,#3033,.T.);
#3928=ORIENTED_EDGE('',*,*,#2984,.T.);
#3929=ORIENTED_EDGE('',*,*,#3034,.T.);
#3930=ORIENTED_EDGE('',*,*,#2973,.T.);
#3931=ORIENTED_EDGE('',*,*,#2988,.T.);
#3932=ORIENTED_EDGE('',*,*,#3035,.T.);
#3933=ORIENTED_EDGE('',*,*,#3036,.T.);
#3934=ORIENTED_EDGE('',*,*,#3037,.T.);
#3935=ORIENTED_EDGE('',*,*,#3038,.T.);
#3936=ORIENTED_EDGE('',*,*,#3039,.T.);
#3937=ORIENTED_EDGE('',*,*,#3040,.T.);
#3938=ORIENTED_EDGE('',*,*,#3041,.T.);
#3939=ORIENTED_EDGE('',*,*,#2978,.T.);
#3940=ORIENTED_EDGE('',*,*,#3018,.F.);
#3941=ORIENTED_EDGE('',*,*,#2965,.F.);
#3942=ORIENTED_EDGE('',*,*,#3042,.F.);
#3943=ORIENTED_EDGE('',*,*,#2980,.T.);
#3944=ORIENTED_EDGE('',*,*,#3043,.F.);
#3945=ORIENTED_EDGE('',*,*,#2963,.F.);
#3946=ORIENTED_EDGE('',*,*,#3027,.F.);
#3947=ORIENTED_EDGE('',*,*,#2974,.T.);
#3948=ORIENTED_EDGE('',*,*,#3040,.F.);
#3949=ORIENTED_EDGE('',*,*,#3044,.T.);
#3950=ORIENTED_EDGE('',*,*,#3045,.F.);
#3951=ORIENTED_EDGE('',*,*,#2979,.T.);
#3952=ORIENTED_EDGE('',*,*,#3042,.T.);
#3953=ORIENTED_EDGE('',*,*,#2964,.T.);
#3954=ORIENTED_EDGE('',*,*,#3043,.T.);
#3955=ORIENTED_EDGE('',*,*,#3046,.T.);
#3956=ORIENTED_EDGE('',*,*,#3047,.T.);
#3957=ORIENTED_EDGE('',*,*,#3048,.F.);
#3958=ORIENTED_EDGE('',*,*,#3047,.F.);
#3959=ORIENTED_EDGE('',*,*,#3046,.F.);
#3960=ORIENTED_EDGE('',*,*,#3049,.F.);
#3961=ORIENTED_EDGE('',*,*,#3050,.F.);
#3962=ORIENTED_EDGE('',*,*,#3051,.F.);
#3963=ORIENTED_EDGE('',*,*,#3052,.F.);
#3964=ORIENTED_EDGE('',*,*,#3053,.T.);
#3965=ORIENTED_EDGE('',*,*,#3013,.F.);
#3966=ORIENTED_EDGE('',*,*,#3054,.F.);
#3967=ORIENTED_EDGE('',*,*,#3055,.F.);
#3968=ORIENTED_EDGE('',*,*,#3056,.F.);
#3969=ORIENTED_EDGE('',*,*,#3051,.T.);
#3970=ORIENTED_EDGE('',*,*,#3056,.T.);
#3971=ORIENTED_EDGE('',*,*,#3057,.T.);
#3972=ORIENTED_EDGE('',*,*,#3058,.T.);
#3973=ORIENTED_EDGE('',*,*,#3052,.T.);
#3974=ORIENTED_EDGE('',*,*,#3048,.T.);
#3975=ORIENTED_EDGE('',*,*,#3059,.T.);
#3976=ORIENTED_EDGE('',*,*,#3014,.F.);
#3977=ORIENTED_EDGE('',*,*,#3053,.F.);
#3978=ORIENTED_EDGE('',*,*,#3058,.F.);
#3979=ORIENTED_EDGE('',*,*,#3060,.F.);
#3980=ORIENTED_EDGE('',*,*,#3015,.F.);
#3981=ORIENTED_EDGE('',*,*,#3059,.F.);
#3982=ORIENTED_EDGE('',*,*,#3057,.F.);
#3983=ORIENTED_EDGE('',*,*,#3055,.T.);
#3984=ORIENTED_EDGE('',*,*,#3061,.F.);
#3985=ORIENTED_EDGE('',*,*,#3060,.T.);
#3986=ORIENTED_EDGE('',*,*,#3062,.F.);
#3987=ORIENTED_EDGE('',*,*,#3063,.T.);
#3988=ORIENTED_EDGE('',*,*,#3016,.F.);
#3989=ORIENTED_EDGE('',*,*,#3049,.T.);
#3990=ORIENTED_EDGE('',*,*,#3012,.F.);
#3991=ORIENTED_EDGE('',*,*,#3064,.F.);
#3992=ORIENTED_EDGE('',*,*,#3065,.F.);
#3993=ORIENTED_EDGE('',*,*,#3066,.T.);
#3994=ORIENTED_EDGE('',*,*,#3067,.T.);
#3995=ORIENTED_EDGE('',*,*,#3068,.F.);
#3996=ORIENTED_EDGE('',*,*,#3067,.F.);
#3997=ORIENTED_EDGE('',*,*,#3066,.F.);
#3998=ORIENTED_EDGE('',*,*,#3069,.F.);
#3999=ORIENTED_EDGE('',*,*,#3070,.F.);
#4000=ORIENTED_EDGE('',*,*,#3005,.F.);
#4001=ORIENTED_EDGE('',*,*,#3071,.F.);
#4002=ORIENTED_EDGE('',*,*,#3072,.F.);
#4003=ORIENTED_EDGE('',*,*,#3073,.T.);
#4004=ORIENTED_EDGE('',*,*,#3074,.T.);
#4005=ORIENTED_EDGE('',*,*,#3075,.T.);
#4006=ORIENTED_EDGE('',*,*,#3076,.T.);
#4007=ORIENTED_EDGE('',*,*,#3072,.T.);
#4008=ORIENTED_EDGE('',*,*,#3068,.T.);
#4009=ORIENTED_EDGE('',*,*,#3077,.F.);
#4010=ORIENTED_EDGE('',*,*,#3078,.F.);
#4011=ORIENTED_EDGE('',*,*,#3075,.F.);
#4012=ORIENTED_EDGE('',*,*,#3079,.T.);
#4013=ORIENTED_EDGE('',*,*,#3003,.F.);
#4014=ORIENTED_EDGE('',*,*,#3080,.F.);
#4015=ORIENTED_EDGE('',*,*,#3071,.T.);
#4016=ORIENTED_EDGE('',*,*,#3004,.F.);
#4017=ORIENTED_EDGE('',*,*,#3079,.F.);
#4018=ORIENTED_EDGE('',*,*,#3074,.F.);
#4019=ORIENTED_EDGE('',*,*,#3069,.T.);
#4020=ORIENTED_EDGE('',*,*,#3081,.T.);
#4021=ORIENTED_EDGE('',*,*,#3082,.T.);
#4022=ORIENTED_EDGE('',*,*,#3083,.T.);
#4023=ORIENTED_EDGE('',*,*,#3077,.T.);
#4024=ORIENTED_EDGE('',*,*,#3084,.T.);
#4025=ORIENTED_EDGE('',*,*,#3085,.T.);
#4026=ORIENTED_EDGE('',*,*,#3086,.T.);
#4027=ORIENTED_EDGE('',*,*,#3087,.T.);
#4028=ORIENTED_EDGE('',*,*,#3088,.T.);
#4029=ORIENTED_EDGE('',*,*,#2960,.T.);
#4030=ORIENTED_EDGE('',*,*,#3089,.T.);
#4031=ORIENTED_EDGE('',*,*,#3090,.T.);
#4032=ORIENTED_EDGE('',*,*,#3091,.T.);
#4033=ORIENTED_EDGE('',*,*,#3092,.T.);
#4034=ORIENTED_EDGE('',*,*,#3093,.T.);
#4035=ORIENTED_EDGE('',*,*,#3094,.T.);
#4036=ORIENTED_EDGE('',*,*,#3095,.T.);
#4037=ORIENTED_EDGE('',*,*,#2993,.F.);
#4038=ORIENTED_EDGE('',*,*,#3096,.F.);
#4039=ORIENTED_EDGE('',*,*,#3097,.F.);
#4040=ORIENTED_EDGE('',*,*,#3098,.F.);
#4041=ORIENTED_EDGE('',*,*,#3099,.F.);
#4042=ORIENTED_EDGE('',*,*,#3100,.T.);
#4043=ORIENTED_EDGE('',*,*,#3081,.F.);
#4044=ORIENTED_EDGE('',*,*,#3073,.F.);
#4045=ORIENTED_EDGE('',*,*,#3076,.F.);
#4046=ORIENTED_EDGE('',*,*,#3078,.T.);
#4047=ORIENTED_EDGE('',*,*,#3091,.F.);
#4048=ORIENTED_EDGE('',*,*,#3101,.T.);
#4049=ORIENTED_EDGE('',*,*,#3070,.T.);
#4050=ORIENTED_EDGE('',*,*,#3083,.F.);
#4051=ORIENTED_EDGE('',*,*,#3102,.T.);
#4052=ORIENTED_EDGE('',*,*,#3006,.F.);
#4053=ORIENTED_EDGE('',*,*,#3080,.T.);
#4054=ORIENTED_EDGE('',*,*,#3002,.F.);
#4055=ORIENTED_EDGE('',*,*,#3103,.F.);
#4056=ORIENTED_EDGE('',*,*,#3084,.F.);
#4057=ORIENTED_EDGE('',*,*,#3104,.T.);
#4058=ORIENTED_EDGE('',*,*,#3105,.T.);
#4059=ORIENTED_EDGE('',*,*,#3106,.F.);
#4060=ORIENTED_EDGE('',*,*,#3105,.F.);
#4061=ORIENTED_EDGE('',*,*,#3104,.F.);
#4062=ORIENTED_EDGE('',*,*,#3102,.F.);
#4063=ORIENTED_EDGE('',*,*,#3082,.F.);
#4064=ORIENTED_EDGE('',*,*,#3100,.F.);
#4065=ORIENTED_EDGE('',*,*,#3107,.F.);
#4066=ORIENTED_EDGE('',*,*,#3108,.T.);
#4067=ORIENTED_EDGE('',*,*,#3007,.F.);
#4068=ORIENTED_EDGE('',*,*,#3109,.T.);
#4069=ORIENTED_EDGE('',*,*,#3107,.T.);
#4070=ORIENTED_EDGE('',*,*,#3099,.T.);
#4071=ORIENTED_EDGE('',*,*,#3110,.T.);
#4072=ORIENTED_EDGE('',*,*,#3106,.T.);
#4073=ORIENTED_EDGE('',*,*,#3111,.F.);
#4074=ORIENTED_EDGE('',*,*,#3009,.F.);
#4075=ORIENTED_EDGE('',*,*,#3112,.F.);
#4076=ORIENTED_EDGE('',*,*,#3110,.F.);
#4077=ORIENTED_EDGE('',*,*,#3098,.T.);
#4078=ORIENTED_EDGE('',*,*,#3113,.F.);
#4079=ORIENTED_EDGE('',*,*,#3112,.T.);
#4080=ORIENTED_EDGE('',*,*,#3008,.F.);
#4081=ORIENTED_EDGE('',*,*,#3108,.F.);
#4082=ORIENTED_EDGE('',*,*,#3109,.F.);
#4083=ORIENTED_EDGE('',*,*,#3111,.T.);
#4084=ORIENTED_EDGE('',*,*,#3114,.F.);
#4085=ORIENTED_EDGE('',*,*,#3115,.F.);
#4086=ORIENTED_EDGE('',*,*,#3010,.F.);
#4087=ORIENTED_EDGE('',*,*,#2975,.T.);
#4088=ORIENTED_EDGE('',*,*,#3045,.T.);
#4089=ORIENTED_EDGE('',*,*,#3116,.T.);
#4090=ORIENTED_EDGE('',*,*,#3062,.T.);
#4091=ORIENTED_EDGE('',*,*,#3061,.T.);
#4092=ORIENTED_EDGE('',*,*,#3054,.T.);
#4093=ORIENTED_EDGE('',*,*,#3050,.T.);
#4094=ORIENTED_EDGE('',*,*,#3065,.T.);
#4095=ORIENTED_EDGE('',*,*,#3117,.T.);
#4096=ORIENTED_EDGE('',*,*,#3114,.T.);
#4097=ORIENTED_EDGE('',*,*,#3113,.T.);
#4098=ORIENTED_EDGE('',*,*,#3097,.T.);
#4099=ORIENTED_EDGE('',*,*,#3118,.T.);
#4100=ORIENTED_EDGE('',*,*,#3119,.T.);
#4101=ORIENTED_EDGE('',*,*,#3120,.T.);
#4102=ORIENTED_EDGE('',*,*,#3121,.T.);
#4103=ORIENTED_EDGE('',*,*,#3122,.T.);
#4104=ORIENTED_EDGE('',*,*,#3123,.T.);
#4105=ORIENTED_EDGE('',*,*,#3124,.T.);
#4106=ORIENTED_EDGE('',*,*,#3125,.T.);
#4107=ORIENTED_EDGE('',*,*,#3126,.T.);
#4108=ORIENTED_EDGE('',*,*,#3127,.T.);
#4109=ORIENTED_EDGE('',*,*,#3034,.F.);
#4110=ORIENTED_EDGE('',*,*,#3127,.F.);
#4111=ORIENTED_EDGE('',*,*,#3126,.F.);
#4112=ORIENTED_EDGE('',*,*,#3128,.F.);
#4113=ORIENTED_EDGE('',*,*,#3030,.F.);
#4114=ORIENTED_EDGE('',*,*,#3129,.F.);
#4115=ORIENTED_EDGE('',*,*,#2998,.F.);
#4116=ORIENTED_EDGE('',*,*,#3130,.F.);
#4117=ORIENTED_EDGE('',*,*,#3086,.F.);
#4118=ORIENTED_EDGE('',*,*,#3131,.F.);
#4119=ORIENTED_EDGE('',*,*,#3000,.F.);
#4120=ORIENTED_EDGE('',*,*,#3128,.T.);
#4121=ORIENTED_EDGE('',*,*,#2999,.T.);
#4122=ORIENTED_EDGE('',*,*,#3129,.T.);
#4123=ORIENTED_EDGE('',*,*,#3029,.F.);
#4124=ORIENTED_EDGE('',*,*,#3132,.F.);
#4125=ORIENTED_EDGE('',*,*,#3133,.F.);
#4126=ORIENTED_EDGE('',*,*,#3134,.F.);
#4127=ORIENTED_EDGE('',*,*,#3031,.F.);
#4128=ORIENTED_EDGE('',*,*,#3130,.T.);
#4129=ORIENTED_EDGE('',*,*,#2997,.F.);
#4130=ORIENTED_EDGE('',*,*,#3135,.T.);
#4131=ORIENTED_EDGE('',*,*,#3087,.F.);
#4132=ORIENTED_EDGE('',*,*,#3136,.T.);
#4133=ORIENTED_EDGE('',*,*,#3137,.T.);
#4134=ORIENTED_EDGE('',*,*,#3041,.F.);
#4135=ORIENTED_EDGE('',*,*,#3137,.F.);
#4136=ORIENTED_EDGE('',*,*,#3136,.F.);
#4137=ORIENTED_EDGE('',*,*,#3138,.F.);
#4138=ORIENTED_EDGE('',*,*,#3139,.T.);
#4139=ORIENTED_EDGE('',*,*,#3140,.T.);
#4140=ORIENTED_EDGE('',*,*,#3141,.F.);
#4141=ORIENTED_EDGE('',*,*,#3142,.F.);
#4142=ORIENTED_EDGE('',*,*,#3143,.F.);
#4143=ORIENTED_EDGE('',*,*,#3144,.T.);
#4144=ORIENTED_EDGE('',*,*,#3145,.T.);
#4145=ORIENTED_EDGE('',*,*,#3146,.F.);
#4146=ORIENTED_EDGE('',*,*,#3147,.F.);
#4147=ORIENTED_EDGE('',*,*,#3148,.F.);
#4148=ORIENTED_EDGE('',*,*,#3139,.F.);
#4149=ORIENTED_EDGE('',*,*,#3149,.F.);
#4150=ORIENTED_EDGE('',*,*,#3140,.F.);
#4151=ORIENTED_EDGE('',*,*,#3148,.T.);
#4152=ORIENTED_EDGE('',*,*,#3150,.F.);
#4153=ORIENTED_EDGE('',*,*,#3151,.F.);
#4154=ORIENTED_EDGE('',*,*,#3152,.F.);
#4155=ORIENTED_EDGE('',*,*,#3153,.F.);
#4156=ORIENTED_EDGE('',*,*,#3144,.F.);
#4157=ORIENTED_EDGE('',*,*,#3154,.F.);
#4158=ORIENTED_EDGE('',*,*,#3145,.F.);
#4159=ORIENTED_EDGE('',*,*,#3153,.T.);
#4160=ORIENTED_EDGE('',*,*,#3155,.F.);
#4161=ORIENTED_EDGE('',*,*,#3142,.T.);
#4162=ORIENTED_EDGE('',*,*,#3154,.T.);
#4163=ORIENTED_EDGE('',*,*,#3156,.T.);
#4164=ORIENTED_EDGE('',*,*,#3146,.T.);
#4165=ORIENTED_EDGE('',*,*,#3138,.T.);
#4166=ORIENTED_EDGE('',*,*,#3157,.T.);
#4167=ORIENTED_EDGE('',*,*,#3037,.F.);
#4168=ORIENTED_EDGE('',*,*,#3158,.T.);
#4169=ORIENTED_EDGE('',*,*,#3159,.F.);
#4170=ORIENTED_EDGE('',*,*,#2953,.F.);
#4171=ORIENTED_EDGE('',*,*,#3017,.F.);
#4172=ORIENTED_EDGE('',*,*,#3063,.F.);
#4173=ORIENTED_EDGE('',*,*,#3116,.F.);
#4174=ORIENTED_EDGE('',*,*,#3044,.F.);
#4175=ORIENTED_EDGE('',*,*,#3039,.F.);
#4176=ORIENTED_EDGE('',*,*,#3160,.T.);
#4177=ORIENTED_EDGE('',*,*,#3161,.T.);
#4178=ORIENTED_EDGE('',*,*,#3150,.T.);
#4179=ORIENTED_EDGE('',*,*,#3147,.T.);
#4180=ORIENTED_EDGE('',*,*,#3156,.F.);
#4181=ORIENTED_EDGE('',*,*,#3155,.T.);
#4182=ORIENTED_EDGE('',*,*,#3152,.T.);
#4183=ORIENTED_EDGE('',*,*,#3143,.T.);
#4184=ORIENTED_EDGE('',*,*,#3160,.F.);
#4185=ORIENTED_EDGE('',*,*,#3038,.F.);
#4186=ORIENTED_EDGE('',*,*,#3157,.F.);
#4187=ORIENTED_EDGE('',*,*,#3141,.T.);
#4188=ORIENTED_EDGE('',*,*,#3149,.T.);
#4189=ORIENTED_EDGE('',*,*,#3161,.F.);
#4190=ORIENTED_EDGE('',*,*,#3151,.T.);
#4191=ORIENTED_EDGE('',*,*,#2985,.F.);
#4192=ORIENTED_EDGE('',*,*,#3033,.F.);
#4193=ORIENTED_EDGE('',*,*,#3162,.T.);
#4194=ORIENTED_EDGE('',*,*,#3163,.F.);
#4195=ORIENTED_EDGE('',*,*,#2949,.T.);
#4196=ORIENTED_EDGE('',*,*,#2956,.T.);
#4197=ORIENTED_EDGE('',*,*,#3164,.T.);
#4198=ORIENTED_EDGE('',*,*,#3165,.T.);
#4199=ORIENTED_EDGE('',*,*,#3133,.T.);
#4200=ORIENTED_EDGE('',*,*,#3166,.T.);
#4201=ORIENTED_EDGE('',*,*,#3163,.T.);
#4202=ORIENTED_EDGE('',*,*,#3167,.T.);
#4203=ORIENTED_EDGE('',*,*,#3168,.T.);
#4204=ORIENTED_EDGE('',*,*,#2986,.T.);
#4205=ORIENTED_EDGE('',*,*,#2987,.F.);
#4206=ORIENTED_EDGE('',*,*,#3168,.F.);
#4207=ORIENTED_EDGE('',*,*,#3169,.F.);
#4208=ORIENTED_EDGE('',*,*,#3035,.F.);
#4209=ORIENTED_EDGE('',*,*,#2954,.T.);
#4210=ORIENTED_EDGE('',*,*,#3159,.T.);
#4211=ORIENTED_EDGE('',*,*,#3170,.T.);
#4212=ORIENTED_EDGE('',*,*,#3171,.T.);
#4213=ORIENTED_EDGE('',*,*,#3172,.T.);
#4214=ORIENTED_EDGE('',*,*,#3170,.F.);
#4215=ORIENTED_EDGE('',*,*,#3158,.F.);
#4216=ORIENTED_EDGE('',*,*,#3036,.F.);
#4217=ORIENTED_EDGE('',*,*,#3169,.T.);
#4218=ORIENTED_EDGE('',*,*,#3167,.F.);
#4219=ORIENTED_EDGE('',*,*,#3162,.F.);
#4220=ORIENTED_EDGE('',*,*,#3032,.F.);
#4221=ORIENTED_EDGE('',*,*,#3134,.T.);
#4222=ORIENTED_EDGE('',*,*,#3165,.F.);
#4223=ORIENTED_EDGE('',*,*,#2955,.T.);
#4224=ORIENTED_EDGE('',*,*,#3171,.F.);
#4225=ORIENTED_EDGE('',*,*,#3172,.F.);
#4226=ORIENTED_EDGE('',*,*,#3164,.F.);
#4227=ORIENTED_EDGE('',*,*,#3021,.F.);
#4228=ORIENTED_EDGE('',*,*,#3173,.F.);
#4229=ORIENTED_EDGE('',*,*,#3094,.F.);
#4230=ORIENTED_EDGE('',*,*,#3174,.T.);
#4231=ORIENTED_EDGE('',*,*,#3022,.F.);
#4232=ORIENTED_EDGE('',*,*,#3174,.F.);
#4233=ORIENTED_EDGE('',*,*,#3093,.F.);
#4234=ORIENTED_EDGE('',*,*,#3175,.T.);
#4235=ORIENTED_EDGE('',*,*,#3019,.F.);
#4236=ORIENTED_EDGE('',*,*,#3175,.F.);
#4237=ORIENTED_EDGE('',*,*,#3092,.F.);
#4238=ORIENTED_EDGE('',*,*,#3176,.T.);
#4239=ORIENTED_EDGE('',*,*,#3020,.F.);
#4240=ORIENTED_EDGE('',*,*,#3176,.F.);
#4241=ORIENTED_EDGE('',*,*,#3095,.F.);
#4242=ORIENTED_EDGE('',*,*,#3173,.T.);
#4243=ORIENTED_EDGE('',*,*,#3025,.F.);
#4244=ORIENTED_EDGE('',*,*,#3177,.F.);
#4245=ORIENTED_EDGE('',*,*,#3124,.F.);
#4246=ORIENTED_EDGE('',*,*,#3178,.T.);
#4247=ORIENTED_EDGE('',*,*,#3026,.F.);
#4248=ORIENTED_EDGE('',*,*,#3178,.F.);
#4249=ORIENTED_EDGE('',*,*,#3123,.F.);
#4250=ORIENTED_EDGE('',*,*,#3179,.T.);
#4251=ORIENTED_EDGE('',*,*,#3023,.F.);
#4252=ORIENTED_EDGE('',*,*,#3179,.F.);
#4253=ORIENTED_EDGE('',*,*,#3122,.F.);
#4254=ORIENTED_EDGE('',*,*,#3180,.T.);
#4255=ORIENTED_EDGE('',*,*,#3024,.F.);
#4256=ORIENTED_EDGE('',*,*,#3180,.F.);
#4257=ORIENTED_EDGE('',*,*,#3125,.F.);
#4258=ORIENTED_EDGE('',*,*,#3177,.T.);
#4259=ORIENTED_EDGE('',*,*,#3181,.F.);
#4260=ORIENTED_EDGE('',*,*,#2990,.F.);
#4261=ORIENTED_EDGE('',*,*,#3182,.F.);
#4262=ORIENTED_EDGE('',*,*,#3120,.F.);
#4263=ORIENTED_EDGE('',*,*,#2950,.T.);
#4264=ORIENTED_EDGE('',*,*,#3166,.F.);
#4265=ORIENTED_EDGE('',*,*,#3132,.T.);
#4266=ORIENTED_EDGE('',*,*,#3028,.F.);
#4267=ORIENTED_EDGE('',*,*,#2961,.T.);
#4268=ORIENTED_EDGE('',*,*,#3088,.F.);
#4269=ORIENTED_EDGE('',*,*,#3135,.F.);
#4270=ORIENTED_EDGE('',*,*,#2996,.F.);
#4271=ORIENTED_EDGE('',*,*,#2957,.T.);
#4272=ORIENTED_EDGE('',*,*,#2946,.T.);
#4273=ORIENTED_EDGE('',*,*,#2976,.T.);
#4274=ORIENTED_EDGE('',*,*,#3121,.F.);
#4275=ORIENTED_EDGE('',*,*,#3182,.T.);
#4276=ORIENTED_EDGE('',*,*,#2989,.F.);
#4277=ORIENTED_EDGE('',*,*,#2959,.T.);
#4278=ORIENTED_EDGE('',*,*,#2995,.F.);
#4279=ORIENTED_EDGE('',*,*,#3183,.F.);
#4280=ORIENTED_EDGE('',*,*,#3089,.F.);
#4281=ORIENTED_EDGE('',*,*,#3064,.T.);
#4282=ORIENTED_EDGE('',*,*,#3011,.F.);
#4283=ORIENTED_EDGE('',*,*,#3115,.T.);
#4284=ORIENTED_EDGE('',*,*,#3117,.F.);
#4285=ORIENTED_EDGE('',*,*,#3131,.T.);
#4286=ORIENTED_EDGE('',*,*,#3085,.F.);
#4287=ORIENTED_EDGE('',*,*,#3103,.T.);
#4288=ORIENTED_EDGE('',*,*,#3001,.F.);
#4289=ORIENTED_EDGE('',*,*,#3183,.T.);
#4290=ORIENTED_EDGE('',*,*,#2994,.F.);
#4291=ORIENTED_EDGE('',*,*,#3101,.F.);
#4292=ORIENTED_EDGE('',*,*,#3090,.F.);
#4293=ORIENTED_EDGE('',*,*,#3096,.T.);
#4294=ORIENTED_EDGE('',*,*,#2992,.F.);
#4295=ORIENTED_EDGE('',*,*,#3184,.F.);
#4296=ORIENTED_EDGE('',*,*,#3118,.F.);
#4297=ORIENTED_EDGE('',*,*,#3181,.T.);
#4298=ORIENTED_EDGE('',*,*,#3119,.F.);
#4299=ORIENTED_EDGE('',*,*,#3184,.T.);
#4300=ORIENTED_EDGE('',*,*,#2991,.F.);
#4301=ORIENTED_EDGE('',*,*,#3185,.F.);
#4302=ORIENTED_EDGE('',*,*,#3186,.T.);
#4303=ORIENTED_EDGE('',*,*,#3187,.F.);
#4304=ORIENTED_EDGE('',*,*,#3188,.F.);
#4305=ORIENTED_EDGE('',*,*,#3189,.F.);
#4306=ORIENTED_EDGE('',*,*,#3190,.F.);
#4307=ORIENTED_EDGE('',*,*,#3191,.F.);
#4308=ORIENTED_EDGE('',*,*,#3192,.F.);
#4309=ORIENTED_EDGE('',*,*,#3193,.F.);
#4310=ORIENTED_EDGE('',*,*,#3192,.T.);
#4311=ORIENTED_EDGE('',*,*,#3194,.F.);
#4312=ORIENTED_EDGE('',*,*,#3186,.F.);
#4313=ORIENTED_EDGE('',*,*,#3187,.T.);
#4314=ORIENTED_EDGE('',*,*,#3194,.T.);
#4315=ORIENTED_EDGE('',*,*,#3191,.T.);
#4316=ORIENTED_EDGE('',*,*,#3195,.T.);
#4317=ORIENTED_EDGE('',*,*,#3196,.T.);
#4318=ORIENTED_EDGE('',*,*,#3197,.T.);
#4319=ORIENTED_EDGE('',*,*,#3198,.T.);
#4320=ORIENTED_EDGE('',*,*,#3199,.T.);
#4321=ORIENTED_EDGE('',*,*,#3200,.T.);
#4322=ORIENTED_EDGE('',*,*,#3201,.T.);
#4323=ORIENTED_EDGE('',*,*,#3202,.T.);
#4324=ORIENTED_EDGE('',*,*,#3203,.T.);
#4325=ORIENTED_EDGE('',*,*,#3204,.T.);
#4326=ORIENTED_EDGE('',*,*,#3205,.T.);
#4327=ORIENTED_EDGE('',*,*,#3190,.T.);
#4328=ORIENTED_EDGE('',*,*,#3206,.F.);
#4329=ORIENTED_EDGE('',*,*,#3207,.T.);
#4330=ORIENTED_EDGE('',*,*,#3195,.F.);
#4331=ORIENTED_EDGE('',*,*,#3188,.T.);
#4332=ORIENTED_EDGE('',*,*,#3199,.F.);
#4333=ORIENTED_EDGE('',*,*,#3208,.F.);
#4334=ORIENTED_EDGE('',*,*,#3209,.F.);
#4335=ORIENTED_EDGE('',*,*,#3205,.F.);
#4336=ORIENTED_EDGE('',*,*,#3210,.T.);
#4337=ORIENTED_EDGE('',*,*,#3211,.F.);
#4338=ORIENTED_EDGE('',*,*,#3210,.F.);
#4339=ORIENTED_EDGE('',*,*,#3204,.F.);
#4340=ORIENTED_EDGE('',*,*,#3212,.T.);
#4341=ORIENTED_EDGE('',*,*,#3213,.F.);
#4342=ORIENTED_EDGE('',*,*,#3212,.F.);
#4343=ORIENTED_EDGE('',*,*,#3214,.F.);
#4344=ORIENTED_EDGE('',*,*,#3215,.T.);
#4345=ORIENTED_EDGE('',*,*,#3202,.F.);
#4346=ORIENTED_EDGE('',*,*,#3216,.F.);
#4347=ORIENTED_EDGE('',*,*,#3217,.F.);
#4348=ORIENTED_EDGE('',*,*,#3216,.T.);
#4349=ORIENTED_EDGE('',*,*,#3201,.F.);
#4350=ORIENTED_EDGE('',*,*,#3218,.F.);
#4351=ORIENTED_EDGE('',*,*,#3219,.F.);
#4352=ORIENTED_EDGE('',*,*,#3218,.T.);
#4353=ORIENTED_EDGE('',*,*,#3200,.F.);
#4354=ORIENTED_EDGE('',*,*,#3220,.F.);
#4355=ORIENTED_EDGE('',*,*,#3221,.F.);
#4356=ORIENTED_EDGE('',*,*,#3220,.T.);
#4357=ORIENTED_EDGE('',*,*,#3203,.F.);
#4358=ORIENTED_EDGE('',*,*,#3215,.F.);
#4359=ORIENTED_EDGE('',*,*,#3185,.T.);
#4360=ORIENTED_EDGE('',*,*,#3209,.T.);
#4361=ORIENTED_EDGE('',*,*,#3222,.T.);
#4362=ORIENTED_EDGE('',*,*,#3223,.T.);
#4363=ORIENTED_EDGE('',*,*,#3224,.T.);
#4364=ORIENTED_EDGE('',*,*,#3206,.T.);
#4365=ORIENTED_EDGE('',*,*,#3189,.T.);
#4366=ORIENTED_EDGE('',*,*,#3193,.T.);
#4367=ORIENTED_EDGE('',*,*,#3211,.T.);
#4368=ORIENTED_EDGE('',*,*,#3213,.T.);
#4369=ORIENTED_EDGE('',*,*,#3219,.T.);
#4370=ORIENTED_EDGE('',*,*,#3221,.T.);
#4371=ORIENTED_EDGE('',*,*,#3214,.T.);
#4372=ORIENTED_EDGE('',*,*,#3217,.T.);
#4373=ORIENTED_EDGE('',*,*,#3225,.T.);
#4374=ORIENTED_EDGE('',*,*,#3196,.F.);
#4375=ORIENTED_EDGE('',*,*,#3207,.F.);
#4376=ORIENTED_EDGE('',*,*,#3224,.F.);
#4377=ORIENTED_EDGE('',*,*,#3226,.T.);
#4378=ORIENTED_EDGE('',*,*,#3197,.F.);
#4379=ORIENTED_EDGE('',*,*,#3225,.F.);
#4380=ORIENTED_EDGE('',*,*,#3223,.F.);
#4381=ORIENTED_EDGE('',*,*,#3208,.T.);
#4382=ORIENTED_EDGE('',*,*,#3198,.F.);
#4383=ORIENTED_EDGE('',*,*,#3226,.F.);
#4384=ORIENTED_EDGE('',*,*,#3222,.F.);
#4385=ORIENTED_EDGE('',*,*,#3227,.F.);
#4386=ORIENTED_EDGE('',*,*,#3228,.T.);
#4387=ORIENTED_EDGE('',*,*,#3229,.F.);
#4388=ORIENTED_EDGE('',*,*,#3230,.T.);
#4389=ORIENTED_EDGE('',*,*,#3231,.F.);
#4390=ORIENTED_EDGE('',*,*,#3230,.F.);
#4391=ORIENTED_EDGE('',*,*,#3232,.F.);
#4392=ORIENTED_EDGE('',*,*,#3233,.F.);
#4393=ORIENTED_EDGE('',*,*,#3234,.F.);
#4394=ORIENTED_EDGE('',*,*,#3233,.T.);
#4395=ORIENTED_EDGE('',*,*,#3235,.F.);
#4396=ORIENTED_EDGE('',*,*,#3236,.T.);
#4397=ORIENTED_EDGE('',*,*,#3237,.F.);
#4398=ORIENTED_EDGE('',*,*,#3236,.F.);
#4399=ORIENTED_EDGE('',*,*,#3238,.F.);
#4400=ORIENTED_EDGE('',*,*,#3228,.F.);
#4401=ORIENTED_EDGE('',*,*,#3239,.F.);
#4402=ORIENTED_EDGE('',*,*,#3240,.T.);
#4403=ORIENTED_EDGE('',*,*,#3241,.F.);
#4404=ORIENTED_EDGE('',*,*,#3242,.T.);
#4405=ORIENTED_EDGE('',*,*,#3243,.F.);
#4406=ORIENTED_EDGE('',*,*,#3242,.F.);
#4407=ORIENTED_EDGE('',*,*,#3244,.F.);
#4408=ORIENTED_EDGE('',*,*,#3245,.F.);
#4409=ORIENTED_EDGE('',*,*,#3246,.F.);
#4410=ORIENTED_EDGE('',*,*,#3245,.T.);
#4411=ORIENTED_EDGE('',*,*,#3247,.F.);
#4412=ORIENTED_EDGE('',*,*,#3248,.T.);
#4413=ORIENTED_EDGE('',*,*,#3249,.F.);
#4414=ORIENTED_EDGE('',*,*,#3248,.F.);
#4415=ORIENTED_EDGE('',*,*,#3250,.F.);
#4416=ORIENTED_EDGE('',*,*,#3240,.F.);
#4417=ORIENTED_EDGE('',*,*,#3251,.F.);
#4418=ORIENTED_EDGE('',*,*,#3252,.F.);
#4419=ORIENTED_EDGE('',*,*,#3253,.F.);
#4420=ORIENTED_EDGE('',*,*,#3254,.F.);
#4421=ORIENTED_EDGE('',*,*,#3255,.T.);
#4422=ORIENTED_EDGE('',*,*,#3256,.F.);
#4423=ORIENTED_EDGE('',*,*,#3255,.F.);
#4424=ORIENTED_EDGE('',*,*,#3257,.F.);
#4425=ORIENTED_EDGE('',*,*,#3253,.T.);
#4426=ORIENTED_EDGE('',*,*,#3258,.F.);
#4427=ORIENTED_EDGE('',*,*,#3259,.F.);
#4428=ORIENTED_EDGE('',*,*,#3260,.F.);
#4429=ORIENTED_EDGE('',*,*,#3261,.F.);
#4430=ORIENTED_EDGE('',*,*,#3252,.T.);
#4431=ORIENTED_EDGE('',*,*,#3262,.T.);
#4432=ORIENTED_EDGE('',*,*,#3263,.T.);
#4433=ORIENTED_EDGE('',*,*,#3264,.T.);
#4434=ORIENTED_EDGE('',*,*,#3265,.F.);
#4435=ORIENTED_EDGE('',*,*,#3266,.F.);
#4436=ORIENTED_EDGE('',*,*,#3267,.F.);
#4437=ORIENTED_EDGE('',*,*,#3268,.T.);
#4438=ORIENTED_EDGE('',*,*,#3269,.F.);
#4439=ORIENTED_EDGE('',*,*,#3270,.F.);
#4440=ORIENTED_EDGE('',*,*,#3271,.F.);
#4441=ORIENTED_EDGE('',*,*,#3258,.T.);
#4442=ORIENTED_EDGE('',*,*,#3234,.T.);
#4443=ORIENTED_EDGE('',*,*,#3237,.T.);
#4444=ORIENTED_EDGE('',*,*,#3227,.T.);
#4445=ORIENTED_EDGE('',*,*,#3231,.T.);
#4446=ORIENTED_EDGE('',*,*,#3246,.T.);
#4447=ORIENTED_EDGE('',*,*,#3249,.T.);
#4448=ORIENTED_EDGE('',*,*,#3239,.T.);
#4449=ORIENTED_EDGE('',*,*,#3243,.T.);
#4450=ORIENTED_EDGE('',*,*,#3251,.T.);
#4451=ORIENTED_EDGE('',*,*,#3272,.F.);
#4452=ORIENTED_EDGE('',*,*,#3273,.F.);
#4453=ORIENTED_EDGE('',*,*,#3274,.F.);
#4454=ORIENTED_EDGE('',*,*,#3262,.F.);
#4455=ORIENTED_EDGE('',*,*,#3275,.F.);
#4456=ORIENTED_EDGE('',*,*,#3276,.F.);
#4457=ORIENTED_EDGE('',*,*,#3277,.F.);
#4458=ORIENTED_EDGE('',*,*,#3278,.F.);
#4459=ORIENTED_EDGE('',*,*,#3279,.F.);
#4460=ORIENTED_EDGE('',*,*,#3278,.T.);
#4461=ORIENTED_EDGE('',*,*,#3280,.F.);
#4462=ORIENTED_EDGE('',*,*,#3281,.T.);
#4463=ORIENTED_EDGE('',*,*,#3282,.T.);
#4464=ORIENTED_EDGE('',*,*,#3283,.F.);
#4465=ORIENTED_EDGE('',*,*,#3284,.F.);
#4466=ORIENTED_EDGE('',*,*,#3277,.T.);
#4467=ORIENTED_EDGE('',*,*,#3285,.T.);
#4468=ORIENTED_EDGE('',*,*,#3286,.T.);
#4469=ORIENTED_EDGE('',*,*,#3280,.T.);
#4470=ORIENTED_EDGE('',*,*,#3273,.T.);
#4471=ORIENTED_EDGE('',*,*,#3287,.F.);
#4472=ORIENTED_EDGE('',*,*,#3288,.F.);
#4473=ORIENTED_EDGE('',*,*,#3289,.T.);
#4474=ORIENTED_EDGE('',*,*,#3290,.F.);
#4475=ORIENTED_EDGE('',*,*,#3291,.F.);
#4476=ORIENTED_EDGE('',*,*,#3257,.T.);
#4477=ORIENTED_EDGE('',*,*,#3254,.T.);
#4478=ORIENTED_EDGE('',*,*,#3261,.T.);
#4479=ORIENTED_EDGE('',*,*,#3292,.T.);
#4480=ORIENTED_EDGE('',*,*,#3293,.F.);
#4481=ORIENTED_EDGE('',*,*,#3294,.F.);
#4482=ORIENTED_EDGE('',*,*,#3295,.F.);
#4483=ORIENTED_EDGE('',*,*,#3296,.T.);
#4484=ORIENTED_EDGE('',*,*,#3297,.F.);
#4485=ORIENTED_EDGE('',*,*,#3287,.T.);
#4486=ORIENTED_EDGE('',*,*,#3272,.T.);
#4487=ORIENTED_EDGE('',*,*,#3298,.F.);
#4488=ORIENTED_EDGE('',*,*,#3299,.F.);
#4489=ORIENTED_EDGE('',*,*,#3281,.F.);
#4490=ORIENTED_EDGE('',*,*,#3286,.F.);
#4491=ORIENTED_EDGE('',*,*,#3300,.F.);
#4492=ORIENTED_EDGE('',*,*,#3260,.T.);
#4493=ORIENTED_EDGE('',*,*,#3301,.T.);
#4494=ORIENTED_EDGE('',*,*,#3302,.F.);
#4495=ORIENTED_EDGE('',*,*,#3303,.F.);
#4496=ORIENTED_EDGE('',*,*,#3304,.F.);
#4497=ORIENTED_EDGE('',*,*,#3292,.F.);
#4498=ORIENTED_EDGE('',*,*,#3259,.T.);
#4499=ORIENTED_EDGE('',*,*,#3271,.T.);
#4500=ORIENTED_EDGE('',*,*,#3305,.F.);
#4501=ORIENTED_EDGE('',*,*,#3301,.F.);
#4502=ORIENTED_EDGE('',*,*,#3306,.F.);
#4503=ORIENTED_EDGE('',*,*,#3307,.F.);
#4504=ORIENTED_EDGE('',*,*,#3308,.F.);
#4505=ORIENTED_EDGE('',*,*,#3309,.T.);
#4506=ORIENTED_EDGE('',*,*,#3310,.F.);
#4507=ORIENTED_EDGE('',*,*,#3300,.T.);
#4508=ORIENTED_EDGE('',*,*,#3285,.F.);
#4509=ORIENTED_EDGE('',*,*,#3276,.T.);
#4510=ORIENTED_EDGE('',*,*,#3235,.T.);
#4511=ORIENTED_EDGE('',*,*,#3232,.T.);
#4512=ORIENTED_EDGE('',*,*,#3229,.T.);
#4513=ORIENTED_EDGE('',*,*,#3238,.T.);
#4514=ORIENTED_EDGE('',*,*,#3247,.T.);
#4515=ORIENTED_EDGE('',*,*,#3244,.T.);
#4516=ORIENTED_EDGE('',*,*,#3241,.T.);
#4517=ORIENTED_EDGE('',*,*,#3250,.T.);
#4518=ORIENTED_EDGE('',*,*,#3256,.T.);
#4519=ORIENTED_EDGE('',*,*,#3275,.T.);
#4520=ORIENTED_EDGE('',*,*,#3311,.T.);
#4521=ORIENTED_EDGE('',*,*,#3288,.T.);
#4522=ORIENTED_EDGE('',*,*,#3297,.T.);
#4523=ORIENTED_EDGE('',*,*,#3312,.T.);
#4524=ORIENTED_EDGE('',*,*,#3306,.T.);
#4525=ORIENTED_EDGE('',*,*,#3313,.F.);
#4526=ORIENTED_EDGE('',*,*,#3314,.T.);
#4527=ORIENTED_EDGE('',*,*,#3315,.F.);
#4528=ORIENTED_EDGE('',*,*,#3316,.F.);
#4529=ORIENTED_EDGE('',*,*,#3317,.F.);
#4530=ORIENTED_EDGE('',*,*,#3318,.T.);
#4531=ORIENTED_EDGE('',*,*,#3319,.F.);
#4532=ORIENTED_EDGE('',*,*,#3314,.F.);
#4533=ORIENTED_EDGE('',*,*,#3320,.F.);
#4534=ORIENTED_EDGE('',*,*,#3321,.T.);
#4535=ORIENTED_EDGE('',*,*,#3322,.F.);
#4536=ORIENTED_EDGE('',*,*,#3318,.F.);
#4537=ORIENTED_EDGE('',*,*,#3323,.F.);
#4538=ORIENTED_EDGE('',*,*,#3324,.T.);
#4539=ORIENTED_EDGE('',*,*,#3325,.F.);
#4540=ORIENTED_EDGE('',*,*,#3321,.F.);
#4541=ORIENTED_EDGE('',*,*,#3326,.F.);
#4542=ORIENTED_EDGE('',*,*,#3316,.T.);
#4543=ORIENTED_EDGE('',*,*,#3327,.F.);
#4544=ORIENTED_EDGE('',*,*,#3264,.F.);
#4545=ORIENTED_EDGE('',*,*,#3322,.T.);
#4546=ORIENTED_EDGE('',*,*,#3325,.T.);
#4547=ORIENTED_EDGE('',*,*,#3328,.T.);
#4548=ORIENTED_EDGE('',*,*,#3329,.T.);
#4549=ORIENTED_EDGE('',*,*,#3265,.T.);
#4550=ORIENTED_EDGE('',*,*,#3327,.T.);
#4551=ORIENTED_EDGE('',*,*,#3315,.T.);
#4552=ORIENTED_EDGE('',*,*,#3319,.T.);
#4553=ORIENTED_EDGE('',*,*,#3330,.F.);
#4554=ORIENTED_EDGE('',*,*,#3266,.T.);
#4555=ORIENTED_EDGE('',*,*,#3329,.F.);
#4556=ORIENTED_EDGE('',*,*,#3331,.F.);
#4557=ORIENTED_EDGE('',*,*,#3332,.F.);
#4558=ORIENTED_EDGE('',*,*,#3331,.T.);
#4559=ORIENTED_EDGE('',*,*,#3328,.F.);
#4560=ORIENTED_EDGE('',*,*,#3324,.F.);
#4561=ORIENTED_EDGE('',*,*,#3333,.F.);
#4562=ORIENTED_EDGE('',*,*,#3334,.T.);
#4563=ORIENTED_EDGE('',*,*,#3335,.F.);
#4564=ORIENTED_EDGE('',*,*,#3336,.F.);
#4565=ORIENTED_EDGE('',*,*,#3337,.F.);
#4566=ORIENTED_EDGE('',*,*,#3338,.T.);
#4567=ORIENTED_EDGE('',*,*,#3339,.F.);
#4568=ORIENTED_EDGE('',*,*,#3334,.F.);
#4569=ORIENTED_EDGE('',*,*,#3340,.F.);
#4570=ORIENTED_EDGE('',*,*,#3341,.T.);
#4571=ORIENTED_EDGE('',*,*,#3342,.F.);
#4572=ORIENTED_EDGE('',*,*,#3338,.F.);
#4573=ORIENTED_EDGE('',*,*,#3343,.F.);
#4574=ORIENTED_EDGE('',*,*,#3344,.T.);
#4575=ORIENTED_EDGE('',*,*,#3345,.F.);
#4576=ORIENTED_EDGE('',*,*,#3341,.F.);
#4577=ORIENTED_EDGE('',*,*,#3346,.F.);
#4578=ORIENTED_EDGE('',*,*,#3270,.T.);
#4579=ORIENTED_EDGE('',*,*,#3347,.F.);
#4580=ORIENTED_EDGE('',*,*,#3344,.F.);
#4581=ORIENTED_EDGE('',*,*,#3348,.F.);
#4582=ORIENTED_EDGE('',*,*,#3349,.T.);
#4583=ORIENTED_EDGE('',*,*,#3350,.F.);
#4584=ORIENTED_EDGE('',*,*,#3268,.F.);
#4585=ORIENTED_EDGE('',*,*,#3339,.T.);
#4586=ORIENTED_EDGE('',*,*,#3342,.T.);
#4587=ORIENTED_EDGE('',*,*,#3345,.T.);
#4588=ORIENTED_EDGE('',*,*,#3347,.T.);
#4589=ORIENTED_EDGE('',*,*,#3269,.T.);
#4590=ORIENTED_EDGE('',*,*,#3350,.T.);
#4591=ORIENTED_EDGE('',*,*,#3351,.T.);
#4592=ORIENTED_EDGE('',*,*,#3335,.T.);
#4593=ORIENTED_EDGE('',*,*,#3352,.F.);
#4594=ORIENTED_EDGE('',*,*,#3336,.T.);
#4595=ORIENTED_EDGE('',*,*,#3351,.F.);
#4596=ORIENTED_EDGE('',*,*,#3349,.F.);
#4597=ORIENTED_EDGE('',*,*,#3279,.T.);
#4598=ORIENTED_EDGE('',*,*,#3284,.T.);
#4599=ORIENTED_EDGE('',*,*,#3353,.F.);
#4600=ORIENTED_EDGE('',*,*,#3289,.F.);
#4601=ORIENTED_EDGE('',*,*,#3311,.F.);
#4602=ORIENTED_EDGE('',*,*,#3299,.T.);
#4603=ORIENTED_EDGE('',*,*,#3354,.F.);
#4604=ORIENTED_EDGE('',*,*,#3303,.T.);
#4605=ORIENTED_EDGE('',*,*,#3355,.F.);
#4606=ORIENTED_EDGE('',*,*,#3282,.F.);
#4607=ORIENTED_EDGE('',*,*,#3274,.T.);
#4608=ORIENTED_EDGE('',*,*,#3291,.T.);
#4609=ORIENTED_EDGE('',*,*,#3356,.F.);
#4610=ORIENTED_EDGE('',*,*,#3263,.F.);
#4611=ORIENTED_EDGE('',*,*,#3326,.T.);
#4612=ORIENTED_EDGE('',*,*,#3356,.T.);
#4613=ORIENTED_EDGE('',*,*,#3290,.T.);
#4614=ORIENTED_EDGE('',*,*,#3353,.T.);
#4615=ORIENTED_EDGE('',*,*,#3283,.T.);
#4616=ORIENTED_EDGE('',*,*,#3355,.T.);
#4617=ORIENTED_EDGE('',*,*,#3302,.T.);
#4618=ORIENTED_EDGE('',*,*,#3305,.T.);
#4619=ORIENTED_EDGE('',*,*,#3346,.T.);
#4620=ORIENTED_EDGE('',*,*,#3343,.T.);
#4621=ORIENTED_EDGE('',*,*,#3340,.T.);
#4622=ORIENTED_EDGE('',*,*,#3337,.T.);
#4623=ORIENTED_EDGE('',*,*,#3333,.T.);
#4624=ORIENTED_EDGE('',*,*,#3352,.T.);
#4625=ORIENTED_EDGE('',*,*,#3348,.T.);
#4626=ORIENTED_EDGE('',*,*,#3267,.T.);
#4627=ORIENTED_EDGE('',*,*,#3330,.T.);
#4628=ORIENTED_EDGE('',*,*,#3332,.T.);
#4629=ORIENTED_EDGE('',*,*,#3323,.T.);
#4630=ORIENTED_EDGE('',*,*,#3320,.T.);
#4631=ORIENTED_EDGE('',*,*,#3317,.T.);
#4632=ORIENTED_EDGE('',*,*,#3313,.T.);
#4633=ORIENTED_EDGE('',*,*,#3308,.T.);
#4634=ORIENTED_EDGE('',*,*,#3357,.T.);
#4635=ORIENTED_EDGE('',*,*,#3295,.T.);
#4636=ORIENTED_EDGE('',*,*,#3358,.T.);
#4637=ORIENTED_EDGE('',*,*,#3298,.T.);
#4638=ORIENTED_EDGE('',*,*,#3310,.T.);
#4639=ORIENTED_EDGE('',*,*,#3359,.T.);
#4640=ORIENTED_EDGE('',*,*,#3293,.T.);
#4641=ORIENTED_EDGE('',*,*,#3304,.T.);
#4642=ORIENTED_EDGE('',*,*,#3354,.T.);
#4643=ORIENTED_EDGE('',*,*,#3294,.T.);
#4644=ORIENTED_EDGE('',*,*,#3359,.F.);
#4645=ORIENTED_EDGE('',*,*,#3309,.F.);
#4646=ORIENTED_EDGE('',*,*,#3358,.F.);
#4647=ORIENTED_EDGE('',*,*,#3307,.T.);
#4648=ORIENTED_EDGE('',*,*,#3312,.F.);
#4649=ORIENTED_EDGE('',*,*,#3296,.F.);
#4650=ORIENTED_EDGE('',*,*,#3357,.F.);
#4651=ORIENTED_EDGE('',*,*,#3360,.F.);
#4652=ORIENTED_EDGE('',*,*,#3361,.T.);
#4653=ORIENTED_EDGE('',*,*,#3362,.F.);
#4654=ORIENTED_EDGE('',*,*,#3363,.F.);
#4655=ORIENTED_EDGE('',*,*,#3364,.F.);
#4656=ORIENTED_EDGE('',*,*,#3363,.T.);
#4657=ORIENTED_EDGE('',*,*,#3365,.F.);
#4658=ORIENTED_EDGE('',*,*,#3366,.F.);
#4659=ORIENTED_EDGE('',*,*,#3367,.F.);
#4660=ORIENTED_EDGE('',*,*,#3366,.T.);
#4661=ORIENTED_EDGE('',*,*,#3368,.F.);
#4662=ORIENTED_EDGE('',*,*,#3369,.F.);
#4663=ORIENTED_EDGE('',*,*,#3370,.F.);
#4664=ORIENTED_EDGE('',*,*,#3369,.T.);
#4665=ORIENTED_EDGE('',*,*,#3371,.F.);
#4666=ORIENTED_EDGE('',*,*,#3361,.F.);
#4667=ORIENTED_EDGE('',*,*,#3372,.F.);
#4668=ORIENTED_EDGE('',*,*,#3373,.T.);
#4669=ORIENTED_EDGE('',*,*,#3374,.F.);
#4670=ORIENTED_EDGE('',*,*,#3373,.F.);
#4671=ORIENTED_EDGE('',*,*,#3372,.T.);
#4672=ORIENTED_EDGE('',*,*,#3375,.F.);
#4673=ORIENTED_EDGE('',*,*,#3376,.T.);
#4674=ORIENTED_EDGE('',*,*,#3377,.F.);
#4675=ORIENTED_EDGE('',*,*,#3376,.F.);
#4676=ORIENTED_EDGE('',*,*,#3375,.T.);
#4677=ORIENTED_EDGE('',*,*,#3374,.T.);
#4678=ORIENTED_EDGE('',*,*,#3378,.F.);
#4679=ORIENTED_EDGE('',*,*,#3379,.T.);
#4680=ORIENTED_EDGE('',*,*,#3380,.F.);
#4681=ORIENTED_EDGE('',*,*,#3381,.F.);
#4682=ORIENTED_EDGE('',*,*,#3382,.F.);
#4683=ORIENTED_EDGE('',*,*,#3381,.T.);
#4684=ORIENTED_EDGE('',*,*,#3383,.F.);
#4685=ORIENTED_EDGE('',*,*,#3384,.F.);
#4686=ORIENTED_EDGE('',*,*,#3385,.F.);
#4687=ORIENTED_EDGE('',*,*,#3384,.T.);
#4688=ORIENTED_EDGE('',*,*,#3386,.F.);
#4689=ORIENTED_EDGE('',*,*,#3387,.F.);
#4690=ORIENTED_EDGE('',*,*,#3388,.F.);
#4691=ORIENTED_EDGE('',*,*,#3387,.T.);
#4692=ORIENTED_EDGE('',*,*,#3389,.F.);
#4693=ORIENTED_EDGE('',*,*,#3379,.F.);
#4694=ORIENTED_EDGE('',*,*,#3390,.F.);
#4695=ORIENTED_EDGE('',*,*,#3391,.T.);
#4696=ORIENTED_EDGE('',*,*,#3392,.F.);
#4697=ORIENTED_EDGE('',*,*,#3391,.F.);
#4698=ORIENTED_EDGE('',*,*,#3390,.T.);
#4699=ORIENTED_EDGE('',*,*,#3393,.F.);
#4700=ORIENTED_EDGE('',*,*,#3394,.T.);
#4701=ORIENTED_EDGE('',*,*,#3395,.F.);
#4702=ORIENTED_EDGE('',*,*,#3394,.F.);
#4703=ORIENTED_EDGE('',*,*,#3393,.T.);
#4704=ORIENTED_EDGE('',*,*,#3392,.T.);
#4705=ORIENTED_EDGE('',*,*,#3396,.F.);
#4706=ORIENTED_EDGE('',*,*,#3397,.T.);
#4707=ORIENTED_EDGE('',*,*,#3398,.F.);
#4708=ORIENTED_EDGE('',*,*,#3399,.F.);
#4709=ORIENTED_EDGE('',*,*,#3400,.F.);
#4710=ORIENTED_EDGE('',*,*,#3399,.T.);
#4711=ORIENTED_EDGE('',*,*,#3401,.F.);
#4712=ORIENTED_EDGE('',*,*,#3402,.F.);
#4713=ORIENTED_EDGE('',*,*,#3403,.F.);
#4714=ORIENTED_EDGE('',*,*,#3402,.T.);
#4715=ORIENTED_EDGE('',*,*,#3404,.F.);
#4716=ORIENTED_EDGE('',*,*,#3405,.F.);
#4717=ORIENTED_EDGE('',*,*,#3406,.F.);
#4718=ORIENTED_EDGE('',*,*,#3405,.T.);
#4719=ORIENTED_EDGE('',*,*,#3407,.F.);
#4720=ORIENTED_EDGE('',*,*,#3397,.F.);
#4721=ORIENTED_EDGE('',*,*,#3408,.F.);
#4722=ORIENTED_EDGE('',*,*,#3409,.T.);
#4723=ORIENTED_EDGE('',*,*,#3410,.F.);
#4724=ORIENTED_EDGE('',*,*,#3409,.F.);
#4725=ORIENTED_EDGE('',*,*,#3408,.T.);
#4726=ORIENTED_EDGE('',*,*,#3411,.F.);
#4727=ORIENTED_EDGE('',*,*,#3412,.T.);
#4728=ORIENTED_EDGE('',*,*,#3413,.F.);
#4729=ORIENTED_EDGE('',*,*,#3412,.F.);
#4730=ORIENTED_EDGE('',*,*,#3411,.T.);
#4731=ORIENTED_EDGE('',*,*,#3410,.T.);
#4732=ORIENTED_EDGE('',*,*,#3414,.F.);
#4733=ORIENTED_EDGE('',*,*,#3415,.T.);
#4734=ORIENTED_EDGE('',*,*,#3416,.F.);
#4735=ORIENTED_EDGE('',*,*,#3417,.F.);
#4736=ORIENTED_EDGE('',*,*,#3418,.F.);
#4737=ORIENTED_EDGE('',*,*,#3417,.T.);
#4738=ORIENTED_EDGE('',*,*,#3419,.F.);
#4739=ORIENTED_EDGE('',*,*,#3420,.F.);
#4740=ORIENTED_EDGE('',*,*,#3421,.F.);
#4741=ORIENTED_EDGE('',*,*,#3420,.T.);
#4742=ORIENTED_EDGE('',*,*,#3422,.F.);
#4743=ORIENTED_EDGE('',*,*,#3423,.F.);
#4744=ORIENTED_EDGE('',*,*,#3424,.F.);
#4745=ORIENTED_EDGE('',*,*,#3423,.T.);
#4746=ORIENTED_EDGE('',*,*,#3425,.F.);
#4747=ORIENTED_EDGE('',*,*,#3415,.F.);
#4748=ORIENTED_EDGE('',*,*,#3426,.F.);
#4749=ORIENTED_EDGE('',*,*,#3427,.T.);
#4750=ORIENTED_EDGE('',*,*,#3428,.F.);
#4751=ORIENTED_EDGE('',*,*,#3427,.F.);
#4752=ORIENTED_EDGE('',*,*,#3426,.T.);
#4753=ORIENTED_EDGE('',*,*,#3429,.F.);
#4754=ORIENTED_EDGE('',*,*,#3430,.T.);
#4755=ORIENTED_EDGE('',*,*,#3431,.F.);
#4756=ORIENTED_EDGE('',*,*,#3430,.F.);
#4757=ORIENTED_EDGE('',*,*,#3429,.T.);
#4758=ORIENTED_EDGE('',*,*,#3428,.T.);
#4759=ORIENTED_EDGE('',*,*,#3432,.F.);
#4760=ORIENTED_EDGE('',*,*,#3433,.T.);
#4761=ORIENTED_EDGE('',*,*,#3434,.F.);
#4762=ORIENTED_EDGE('',*,*,#3433,.F.);
#4763=ORIENTED_EDGE('',*,*,#3435,.F.);
#4764=ORIENTED_EDGE('',*,*,#3436,.T.);
#4765=ORIENTED_EDGE('',*,*,#3437,.F.);
#4766=ORIENTED_EDGE('',*,*,#3436,.F.);
#4767=ORIENTED_EDGE('',*,*,#3438,.F.);
#4768=ORIENTED_EDGE('',*,*,#3439,.T.);
#4769=ORIENTED_EDGE('',*,*,#3440,.F.);
#4770=ORIENTED_EDGE('',*,*,#3439,.F.);
#4771=ORIENTED_EDGE('',*,*,#3441,.F.);
#4772=ORIENTED_EDGE('',*,*,#3442,.T.);
#4773=ORIENTED_EDGE('',*,*,#3443,.F.);
#4774=ORIENTED_EDGE('',*,*,#3442,.F.);
#4775=ORIENTED_EDGE('',*,*,#3444,.F.);
#4776=ORIENTED_EDGE('',*,*,#3445,.T.);
#4777=ORIENTED_EDGE('',*,*,#3446,.F.);
#4778=ORIENTED_EDGE('',*,*,#3447,.F.);
#4779=ORIENTED_EDGE('',*,*,#3448,.F.);
#4780=ORIENTED_EDGE('',*,*,#3447,.T.);
#4781=ORIENTED_EDGE('',*,*,#3449,.F.);
#4782=ORIENTED_EDGE('',*,*,#3450,.F.);
#4783=ORIENTED_EDGE('',*,*,#3451,.F.);
#4784=ORIENTED_EDGE('',*,*,#3450,.T.);
#4785=ORIENTED_EDGE('',*,*,#3452,.F.);
#4786=ORIENTED_EDGE('',*,*,#3453,.F.);
#4787=ORIENTED_EDGE('',*,*,#3454,.F.);
#4788=ORIENTED_EDGE('',*,*,#3453,.T.);
#4789=ORIENTED_EDGE('',*,*,#3455,.F.);
#4790=ORIENTED_EDGE('',*,*,#3456,.F.);
#4791=ORIENTED_EDGE('',*,*,#3457,.F.);
#4792=ORIENTED_EDGE('',*,*,#3458,.T.);
#4793=ORIENTED_EDGE('',*,*,#3459,.F.);
#4794=ORIENTED_EDGE('',*,*,#3460,.F.);
#4795=ORIENTED_EDGE('',*,*,#3461,.F.);
#4796=ORIENTED_EDGE('',*,*,#3456,.T.);
#4797=ORIENTED_EDGE('',*,*,#3462,.F.);
#4798=ORIENTED_EDGE('',*,*,#3463,.F.);
#4799=ORIENTED_EDGE('',*,*,#3464,.F.);
#4800=ORIENTED_EDGE('',*,*,#3463,.T.);
#4801=ORIENTED_EDGE('',*,*,#3465,.F.);
#4802=ORIENTED_EDGE('',*,*,#3458,.F.);
#4803=ORIENTED_EDGE('',*,*,#3466,.F.);
#4804=ORIENTED_EDGE('',*,*,#3460,.T.);
#4805=ORIENTED_EDGE('',*,*,#3467,.F.);
#4806=ORIENTED_EDGE('',*,*,#3445,.F.);
#4807=ORIENTED_EDGE('',*,*,#3468,.F.);
#4808=ORIENTED_EDGE('',*,*,#3469,.T.);
#4809=ORIENTED_EDGE('',*,*,#3470,.F.);
#4810=ORIENTED_EDGE('',*,*,#3471,.F.);
#4811=ORIENTED_EDGE('',*,*,#3472,.F.);
#4812=ORIENTED_EDGE('',*,*,#3471,.T.);
#4813=ORIENTED_EDGE('',*,*,#3473,.F.);
#4814=ORIENTED_EDGE('',*,*,#3474,.F.);
#4815=ORIENTED_EDGE('',*,*,#3475,.F.);
#4816=ORIENTED_EDGE('',*,*,#3474,.T.);
#4817=ORIENTED_EDGE('',*,*,#3476,.F.);
#4818=ORIENTED_EDGE('',*,*,#3477,.F.);
#4819=ORIENTED_EDGE('',*,*,#3478,.F.);
#4820=ORIENTED_EDGE('',*,*,#3477,.T.);
#4821=ORIENTED_EDGE('',*,*,#3479,.F.);
#4822=ORIENTED_EDGE('',*,*,#3480,.F.);
#4823=ORIENTED_EDGE('',*,*,#3481,.F.);
#4824=ORIENTED_EDGE('',*,*,#3482,.T.);
#4825=ORIENTED_EDGE('',*,*,#3483,.F.);
#4826=ORIENTED_EDGE('',*,*,#3484,.F.);
#4827=ORIENTED_EDGE('',*,*,#3485,.F.);
#4828=ORIENTED_EDGE('',*,*,#3480,.T.);
#4829=ORIENTED_EDGE('',*,*,#3486,.F.);
#4830=ORIENTED_EDGE('',*,*,#3487,.F.);
#4831=ORIENTED_EDGE('',*,*,#3488,.F.);
#4832=ORIENTED_EDGE('',*,*,#3487,.T.);
#4833=ORIENTED_EDGE('',*,*,#3489,.F.);
#4834=ORIENTED_EDGE('',*,*,#3482,.F.);
#4835=ORIENTED_EDGE('',*,*,#3490,.F.);
#4836=ORIENTED_EDGE('',*,*,#3484,.T.);
#4837=ORIENTED_EDGE('',*,*,#3491,.F.);
#4838=ORIENTED_EDGE('',*,*,#3469,.F.);
#4839=ORIENTED_EDGE('',*,*,#3492,.T.);
#4840=ORIENTED_EDGE('',*,*,#3493,.F.);
#4841=ORIENTED_EDGE('',*,*,#3494,.F.);
#4842=ORIENTED_EDGE('',*,*,#3495,.F.);
#4843=ORIENTED_EDGE('',*,*,#3496,.T.);
#4844=ORIENTED_EDGE('',*,*,#3497,.T.);
#4845=ORIENTED_EDGE('',*,*,#3498,.T.);
#4846=ORIENTED_EDGE('',*,*,#3499,.T.);
#4847=ORIENTED_EDGE('',*,*,#3500,.T.);
#4848=ORIENTED_EDGE('',*,*,#3501,.T.);
#4849=ORIENTED_EDGE('',*,*,#3502,.T.);
#4850=ORIENTED_EDGE('',*,*,#3495,.T.);
#4851=ORIENTED_EDGE('',*,*,#3377,.T.);
#4852=ORIENTED_EDGE('',*,*,#3395,.T.);
#4853=ORIENTED_EDGE('',*,*,#3413,.T.);
#4854=ORIENTED_EDGE('',*,*,#3485,.T.);
#4855=ORIENTED_EDGE('',*,*,#3488,.T.);
#4856=ORIENTED_EDGE('',*,*,#3481,.T.);
#4857=ORIENTED_EDGE('',*,*,#3490,.T.);
#4858=ORIENTED_EDGE('',*,*,#3468,.T.);
#4859=ORIENTED_EDGE('',*,*,#3472,.T.);
#4860=ORIENTED_EDGE('',*,*,#3475,.T.);
#4861=ORIENTED_EDGE('',*,*,#3478,.T.);
#4862=ORIENTED_EDGE('',*,*,#3461,.T.);
#4863=ORIENTED_EDGE('',*,*,#3464,.T.);
#4864=ORIENTED_EDGE('',*,*,#3457,.T.);
#4865=ORIENTED_EDGE('',*,*,#3466,.T.);
#4866=ORIENTED_EDGE('',*,*,#3444,.T.);
#4867=ORIENTED_EDGE('',*,*,#3448,.T.);
#4868=ORIENTED_EDGE('',*,*,#3451,.T.);
#4869=ORIENTED_EDGE('',*,*,#3454,.T.);
#4870=ORIENTED_EDGE('',*,*,#3443,.T.);
#4871=ORIENTED_EDGE('',*,*,#3440,.T.);
#4872=ORIENTED_EDGE('',*,*,#3437,.T.);
#4873=ORIENTED_EDGE('',*,*,#3434,.T.);
#4874=ORIENTED_EDGE('',*,*,#3431,.T.);
#4875=ORIENTED_EDGE('',*,*,#3421,.T.);
#4876=ORIENTED_EDGE('',*,*,#3424,.T.);
#4877=ORIENTED_EDGE('',*,*,#3414,.T.);
#4878=ORIENTED_EDGE('',*,*,#3418,.T.);
#4879=ORIENTED_EDGE('',*,*,#3403,.T.);
#4880=ORIENTED_EDGE('',*,*,#3406,.T.);
#4881=ORIENTED_EDGE('',*,*,#3396,.T.);
#4882=ORIENTED_EDGE('',*,*,#3400,.T.);
#4883=ORIENTED_EDGE('',*,*,#3385,.T.);
#4884=ORIENTED_EDGE('',*,*,#3388,.T.);
#4885=ORIENTED_EDGE('',*,*,#3378,.T.);
#4886=ORIENTED_EDGE('',*,*,#3382,.T.);
#4887=ORIENTED_EDGE('',*,*,#3367,.T.);
#4888=ORIENTED_EDGE('',*,*,#3370,.T.);
#4889=ORIENTED_EDGE('',*,*,#3360,.T.);
#4890=ORIENTED_EDGE('',*,*,#3364,.T.);
#4891=ORIENTED_EDGE('',*,*,#3503,.T.);
#4892=ORIENTED_EDGE('',*,*,#3504,.F.);
#4893=ORIENTED_EDGE('',*,*,#3505,.F.);
#4894=ORIENTED_EDGE('',*,*,#3501,.F.);
#4895=ORIENTED_EDGE('',*,*,#3506,.F.);
#4896=ORIENTED_EDGE('',*,*,#3497,.F.);
#4897=ORIENTED_EDGE('',*,*,#3507,.T.);
#4898=ORIENTED_EDGE('',*,*,#3508,.F.);
#4899=ORIENTED_EDGE('',*,*,#3509,.T.);
#4900=ORIENTED_EDGE('',*,*,#3504,.T.);
#4901=ORIENTED_EDGE('',*,*,#3510,.T.);
#4902=ORIENTED_EDGE('',*,*,#3511,.T.);
#4903=ORIENTED_EDGE('',*,*,#3512,.T.);
#4904=ORIENTED_EDGE('',*,*,#3508,.T.);
#4905=ORIENTED_EDGE('',*,*,#3513,.T.);
#4906=ORIENTED_EDGE('',*,*,#3493,.T.);
#4907=ORIENTED_EDGE('',*,*,#3386,.T.);
#4908=ORIENTED_EDGE('',*,*,#3383,.T.);
#4909=ORIENTED_EDGE('',*,*,#3380,.T.);
#4910=ORIENTED_EDGE('',*,*,#3389,.T.);
#4911=ORIENTED_EDGE('',*,*,#3486,.T.);
#4912=ORIENTED_EDGE('',*,*,#3479,.T.);
#4913=ORIENTED_EDGE('',*,*,#3476,.T.);
#4914=ORIENTED_EDGE('',*,*,#3473,.T.);
#4915=ORIENTED_EDGE('',*,*,#3470,.T.);
#4916=ORIENTED_EDGE('',*,*,#3491,.T.);
#4917=ORIENTED_EDGE('',*,*,#3483,.T.);
#4918=ORIENTED_EDGE('',*,*,#3489,.T.);
#4919=ORIENTED_EDGE('',*,*,#3462,.T.);
#4920=ORIENTED_EDGE('',*,*,#3455,.T.);
#4921=ORIENTED_EDGE('',*,*,#3452,.T.);
#4922=ORIENTED_EDGE('',*,*,#3449,.T.);
#4923=ORIENTED_EDGE('',*,*,#3446,.T.);
#4924=ORIENTED_EDGE('',*,*,#3467,.T.);
#4925=ORIENTED_EDGE('',*,*,#3459,.T.);
#4926=ORIENTED_EDGE('',*,*,#3465,.T.);
#4927=ORIENTED_EDGE('',*,*,#3441,.T.);
#4928=ORIENTED_EDGE('',*,*,#3438,.T.);
#4929=ORIENTED_EDGE('',*,*,#3435,.T.);
#4930=ORIENTED_EDGE('',*,*,#3432,.T.);
#4931=ORIENTED_EDGE('',*,*,#3422,.T.);
#4932=ORIENTED_EDGE('',*,*,#3419,.T.);
#4933=ORIENTED_EDGE('',*,*,#3416,.T.);
#4934=ORIENTED_EDGE('',*,*,#3425,.T.);
#4935=ORIENTED_EDGE('',*,*,#3404,.T.);
#4936=ORIENTED_EDGE('',*,*,#3401,.T.);
#4937=ORIENTED_EDGE('',*,*,#3398,.T.);
#4938=ORIENTED_EDGE('',*,*,#3407,.T.);
#4939=ORIENTED_EDGE('',*,*,#3368,.T.);
#4940=ORIENTED_EDGE('',*,*,#3365,.T.);
#4941=ORIENTED_EDGE('',*,*,#3362,.T.);
#4942=ORIENTED_EDGE('',*,*,#3371,.T.);
#4943=ORIENTED_EDGE('',*,*,#3514,.F.);
#4944=ORIENTED_EDGE('',*,*,#3499,.F.);
#4945=ORIENTED_EDGE('',*,*,#3515,.T.);
#4946=ORIENTED_EDGE('',*,*,#3511,.F.);
#4947=ORIENTED_EDGE('',*,*,#3506,.T.);
#4948=ORIENTED_EDGE('',*,*,#3512,.F.);
#4949=ORIENTED_EDGE('',*,*,#3515,.F.);
#4950=ORIENTED_EDGE('',*,*,#3498,.F.);
#4951=ORIENTED_EDGE('',*,*,#3505,.T.);
#4952=ORIENTED_EDGE('',*,*,#3509,.F.);
#4953=ORIENTED_EDGE('',*,*,#3492,.F.);
#4954=ORIENTED_EDGE('',*,*,#3502,.F.);
#4955=ORIENTED_EDGE('',*,*,#3514,.T.);
#4956=ORIENTED_EDGE('',*,*,#3510,.F.);
#4957=ORIENTED_EDGE('',*,*,#3503,.F.);
#4958=ORIENTED_EDGE('',*,*,#3500,.F.);
#4959=ORIENTED_EDGE('',*,*,#3494,.T.);
#4960=ORIENTED_EDGE('',*,*,#3513,.F.);
#4961=ORIENTED_EDGE('',*,*,#3507,.F.);
#4962=ORIENTED_EDGE('',*,*,#3496,.F.);
#4963=ORIENTED_EDGE('',*,*,#3516,.T.);
#4964=ORIENTED_EDGE('',*,*,#3517,.F.);
#4965=ORIENTED_EDGE('',*,*,#3518,.F.);
#4966=ORIENTED_EDGE('',*,*,#3519,.F.);
#4967=ORIENTED_EDGE('',*,*,#3520,.T.);
#4968=ORIENTED_EDGE('',*,*,#3521,.T.);
#4969=ORIENTED_EDGE('',*,*,#3522,.T.);
#4970=ORIENTED_EDGE('',*,*,#3523,.T.);
#4971=ORIENTED_EDGE('',*,*,#3524,.T.);
#4972=ORIENTED_EDGE('',*,*,#3525,.T.);
#4973=ORIENTED_EDGE('',*,*,#3526,.T.);
#4974=ORIENTED_EDGE('',*,*,#3519,.T.);
#4975=ORIENTED_EDGE('',*,*,#3527,.T.);
#4976=ORIENTED_EDGE('',*,*,#3528,.F.);
#4977=ORIENTED_EDGE('',*,*,#3529,.F.);
#4978=ORIENTED_EDGE('',*,*,#3525,.F.);
#4979=ORIENTED_EDGE('',*,*,#3530,.F.);
#4980=ORIENTED_EDGE('',*,*,#3521,.F.);
#4981=ORIENTED_EDGE('',*,*,#3531,.T.);
#4982=ORIENTED_EDGE('',*,*,#3532,.F.);
#4983=ORIENTED_EDGE('',*,*,#3533,.T.);
#4984=ORIENTED_EDGE('',*,*,#3528,.T.);
#4985=ORIENTED_EDGE('',*,*,#3534,.T.);
#4986=ORIENTED_EDGE('',*,*,#3535,.T.);
#4987=ORIENTED_EDGE('',*,*,#3536,.T.);
#4988=ORIENTED_EDGE('',*,*,#3532,.T.);
#4989=ORIENTED_EDGE('',*,*,#3537,.T.);
#4990=ORIENTED_EDGE('',*,*,#3517,.T.);
#4991=ORIENTED_EDGE('',*,*,#3538,.F.);
#4992=ORIENTED_EDGE('',*,*,#3523,.F.);
#4993=ORIENTED_EDGE('',*,*,#3539,.T.);
#4994=ORIENTED_EDGE('',*,*,#3535,.F.);
#4995=ORIENTED_EDGE('',*,*,#3530,.T.);
#4996=ORIENTED_EDGE('',*,*,#3536,.F.);
#4997=ORIENTED_EDGE('',*,*,#3539,.F.);
#4998=ORIENTED_EDGE('',*,*,#3522,.F.);
#4999=ORIENTED_EDGE('',*,*,#3529,.T.);
#5000=ORIENTED_EDGE('',*,*,#3533,.F.);
#5001=ORIENTED_EDGE('',*,*,#3516,.F.);
#5002=ORIENTED_EDGE('',*,*,#3526,.F.);
#5003=ORIENTED_EDGE('',*,*,#3538,.T.);
#5004=ORIENTED_EDGE('',*,*,#3534,.F.);
#5005=ORIENTED_EDGE('',*,*,#3527,.F.);
#5006=ORIENTED_EDGE('',*,*,#3524,.F.);
#5007=ORIENTED_EDGE('',*,*,#3518,.T.);
#5008=ORIENTED_EDGE('',*,*,#3537,.F.);
#5009=ORIENTED_EDGE('',*,*,#3531,.F.);
#5010=ORIENTED_EDGE('',*,*,#3520,.F.);
#5011=ORIENTED_EDGE('',*,*,#3540,.T.);
#5012=ORIENTED_EDGE('',*,*,#3541,.F.);
#5013=ORIENTED_EDGE('',*,*,#3542,.F.);
#5014=ORIENTED_EDGE('',*,*,#3543,.F.);
#5015=ORIENTED_EDGE('',*,*,#3544,.T.);
#5016=ORIENTED_EDGE('',*,*,#3545,.T.);
#5017=ORIENTED_EDGE('',*,*,#3546,.T.);
#5018=ORIENTED_EDGE('',*,*,#3547,.T.);
#5019=ORIENTED_EDGE('',*,*,#3548,.T.);
#5020=ORIENTED_EDGE('',*,*,#3549,.T.);
#5021=ORIENTED_EDGE('',*,*,#3550,.T.);
#5022=ORIENTED_EDGE('',*,*,#3543,.T.);
#5023=ORIENTED_EDGE('',*,*,#3551,.T.);
#5024=ORIENTED_EDGE('',*,*,#3552,.F.);
#5025=ORIENTED_EDGE('',*,*,#3553,.F.);
#5026=ORIENTED_EDGE('',*,*,#3549,.F.);
#5027=ORIENTED_EDGE('',*,*,#3554,.F.);
#5028=ORIENTED_EDGE('',*,*,#3545,.F.);
#5029=ORIENTED_EDGE('',*,*,#3555,.T.);
#5030=ORIENTED_EDGE('',*,*,#3556,.F.);
#5031=ORIENTED_EDGE('',*,*,#3557,.T.);
#5032=ORIENTED_EDGE('',*,*,#3552,.T.);
#5033=ORIENTED_EDGE('',*,*,#3558,.T.);
#5034=ORIENTED_EDGE('',*,*,#3559,.T.);
#5035=ORIENTED_EDGE('',*,*,#3560,.T.);
#5036=ORIENTED_EDGE('',*,*,#3556,.T.);
#5037=ORIENTED_EDGE('',*,*,#3561,.T.);
#5038=ORIENTED_EDGE('',*,*,#3541,.T.);
#5039=ORIENTED_EDGE('',*,*,#3562,.F.);
#5040=ORIENTED_EDGE('',*,*,#3547,.F.);
#5041=ORIENTED_EDGE('',*,*,#3563,.T.);
#5042=ORIENTED_EDGE('',*,*,#3559,.F.);
#5043=ORIENTED_EDGE('',*,*,#3554,.T.);
#5044=ORIENTED_EDGE('',*,*,#3560,.F.);
#5045=ORIENTED_EDGE('',*,*,#3563,.F.);
#5046=ORIENTED_EDGE('',*,*,#3546,.F.);
#5047=ORIENTED_EDGE('',*,*,#3553,.T.);
#5048=ORIENTED_EDGE('',*,*,#3557,.F.);
#5049=ORIENTED_EDGE('',*,*,#3540,.F.);
#5050=ORIENTED_EDGE('',*,*,#3550,.F.);
#5051=ORIENTED_EDGE('',*,*,#3562,.T.);
#5052=ORIENTED_EDGE('',*,*,#3558,.F.);
#5053=ORIENTED_EDGE('',*,*,#3551,.F.);
#5054=ORIENTED_EDGE('',*,*,#3548,.F.);
#5055=ORIENTED_EDGE('',*,*,#3542,.T.);
#5056=ORIENTED_EDGE('',*,*,#3561,.F.);
#5057=ORIENTED_EDGE('',*,*,#3555,.F.);
#5058=ORIENTED_EDGE('',*,*,#3544,.F.);
#5059=ORIENTED_EDGE('',*,*,#3564,.T.);
#5060=ORIENTED_EDGE('',*,*,#3565,.T.);
#5061=ORIENTED_EDGE('',*,*,#3566,.T.);
#5062=ORIENTED_EDGE('',*,*,#3567,.T.);
#5063=ORIENTED_EDGE('',*,*,#3568,.T.);
#5064=ORIENTED_EDGE('',*,*,#3569,.T.);
#5065=ORIENTED_EDGE('',*,*,#3570,.T.);
#5066=ORIENTED_EDGE('',*,*,#3571,.T.);
#5067=ORIENTED_EDGE('',*,*,#3572,.T.);
#5068=ORIENTED_EDGE('',*,*,#3569,.F.);
#5069=ORIENTED_EDGE('',*,*,#3573,.F.);
#5070=ORIENTED_EDGE('',*,*,#3567,.F.);
#5071=ORIENTED_EDGE('',*,*,#3574,.T.);
#5072=ORIENTED_EDGE('',*,*,#3570,.F.);
#5073=ORIENTED_EDGE('',*,*,#3572,.F.);
#5074=ORIENTED_EDGE('',*,*,#3566,.F.);
#5075=ORIENTED_EDGE('',*,*,#3575,.T.);
#5076=ORIENTED_EDGE('',*,*,#3571,.F.);
#5077=ORIENTED_EDGE('',*,*,#3574,.F.);
#5078=ORIENTED_EDGE('',*,*,#3565,.F.);
#5079=ORIENTED_EDGE('',*,*,#3573,.T.);
#5080=ORIENTED_EDGE('',*,*,#3568,.F.);
#5081=ORIENTED_EDGE('',*,*,#3575,.F.);
#5082=ORIENTED_EDGE('',*,*,#3564,.F.);
#5083=ORIENTED_EDGE('',*,*,#3576,.F.);
#5084=ORIENTED_EDGE('',*,*,#3577,.T.);
#5085=ORIENTED_EDGE('',*,*,#3578,.F.);
#5086=ORIENTED_EDGE('',*,*,#3577,.F.);
#5087=ORIENTED_EDGE('',*,*,#3578,.T.);
#5088=ORIENTED_EDGE('',*,*,#3576,.T.);
#5089=ORIENTED_EDGE('',*,*,#3579,.F.);
#5090=ORIENTED_EDGE('',*,*,#3580,.T.);
#5091=ORIENTED_EDGE('',*,*,#3581,.F.);
#5092=ORIENTED_EDGE('',*,*,#3580,.F.);
#5093=ORIENTED_EDGE('',*,*,#3582,.F.);
#5094=ORIENTED_EDGE('',*,*,#3583,.T.);
#5095=ORIENTED_EDGE('',*,*,#3584,.F.);
#5096=ORIENTED_EDGE('',*,*,#3583,.F.);
#5097=ORIENTED_EDGE('',*,*,#3585,.F.);
#5098=ORIENTED_EDGE('',*,*,#3586,.T.);
#5099=ORIENTED_EDGE('',*,*,#3587,.F.);
#5100=ORIENTED_EDGE('',*,*,#3586,.F.);
#5101=ORIENTED_EDGE('',*,*,#3588,.F.);
#5102=ORIENTED_EDGE('',*,*,#3589,.T.);
#5103=ORIENTED_EDGE('',*,*,#3590,.F.);
#5104=ORIENTED_EDGE('',*,*,#3589,.F.);
#5105=ORIENTED_EDGE('',*,*,#3590,.T.);
#5106=ORIENTED_EDGE('',*,*,#3579,.T.);
#5107=ORIENTED_EDGE('',*,*,#3582,.T.);
#5108=ORIENTED_EDGE('',*,*,#3585,.T.);
#5109=ORIENTED_EDGE('',*,*,#3588,.T.);
#5110=ORIENTED_EDGE('',*,*,#3581,.T.);
#5111=ORIENTED_EDGE('',*,*,#3584,.T.);
#5112=ORIENTED_EDGE('',*,*,#3587,.T.);
#5113=ORIENTED_EDGE('',*,*,#3591,.F.);
#5114=ORIENTED_EDGE('',*,*,#3592,.T.);
#5115=ORIENTED_EDGE('',*,*,#3593,.F.);
#5116=ORIENTED_EDGE('',*,*,#3592,.F.);
#5117=ORIENTED_EDGE('',*,*,#3594,.F.);
#5118=ORIENTED_EDGE('',*,*,#3595,.T.);
#5119=ORIENTED_EDGE('',*,*,#3596,.F.);
#5120=ORIENTED_EDGE('',*,*,#3595,.F.);
#5121=ORIENTED_EDGE('',*,*,#3597,.F.);
#5122=ORIENTED_EDGE('',*,*,#3598,.T.);
#5123=ORIENTED_EDGE('',*,*,#3599,.F.);
#5124=ORIENTED_EDGE('',*,*,#3598,.F.);
#5125=ORIENTED_EDGE('',*,*,#3600,.F.);
#5126=ORIENTED_EDGE('',*,*,#3601,.T.);
#5127=ORIENTED_EDGE('',*,*,#3602,.F.);
#5128=ORIENTED_EDGE('',*,*,#3601,.F.);
#5129=ORIENTED_EDGE('',*,*,#3603,.T.);
#5130=ORIENTED_EDGE('',*,*,#3604,.T.);
#5131=ORIENTED_EDGE('',*,*,#3605,.T.);
#5132=ORIENTED_EDGE('',*,*,#3606,.T.);
#5133=ORIENTED_EDGE('',*,*,#3593,.T.);
#5134=ORIENTED_EDGE('',*,*,#3596,.T.);
#5135=ORIENTED_EDGE('',*,*,#3599,.T.);
#5136=ORIENTED_EDGE('',*,*,#3602,.T.);
#5137=ORIENTED_EDGE('',*,*,#3607,.T.);
#5138=ORIENTED_EDGE('',*,*,#3608,.T.);
#5139=ORIENTED_EDGE('',*,*,#3609,.T.);
#5140=ORIENTED_EDGE('',*,*,#3610,.T.);
#5141=ORIENTED_EDGE('',*,*,#3591,.T.);
#5142=ORIENTED_EDGE('',*,*,#3594,.T.);
#5143=ORIENTED_EDGE('',*,*,#3597,.T.);
#5144=ORIENTED_EDGE('',*,*,#3600,.T.);
#5145=ORIENTED_EDGE('',*,*,#3611,.T.);
#5146=ORIENTED_EDGE('',*,*,#3608,.F.);
#5147=ORIENTED_EDGE('',*,*,#3612,.F.);
#5148=ORIENTED_EDGE('',*,*,#3606,.F.);
#5149=ORIENTED_EDGE('',*,*,#3613,.T.);
#5150=ORIENTED_EDGE('',*,*,#3609,.F.);
#5151=ORIENTED_EDGE('',*,*,#3611,.F.);
#5152=ORIENTED_EDGE('',*,*,#3605,.F.);
#5153=ORIENTED_EDGE('',*,*,#3614,.T.);
#5154=ORIENTED_EDGE('',*,*,#3610,.F.);
#5155=ORIENTED_EDGE('',*,*,#3613,.F.);
#5156=ORIENTED_EDGE('',*,*,#3604,.F.);
#5157=ORIENTED_EDGE('',*,*,#3612,.T.);
#5158=ORIENTED_EDGE('',*,*,#3607,.F.);
#5159=ORIENTED_EDGE('',*,*,#3614,.F.);
#5160=ORIENTED_EDGE('',*,*,#3603,.F.);
#5161=CYLINDRICAL_SURFACE('',#5671,1.35);
#5162=CYLINDRICAL_SURFACE('',#5676,2.);
#5163=CYLINDRICAL_SURFACE('',#5680,2.);
#5164=CYLINDRICAL_SURFACE('',#5683,2.);
#5165=CYLINDRICAL_SURFACE('',#5688,2.);
#5166=CYLINDRICAL_SURFACE('',#5692,1.35);
#5167=CYLINDRICAL_SURFACE('',#5697,2.);
#5168=CYLINDRICAL_SURFACE('',#5701,2.);
#5169=CYLINDRICAL_SURFACE('',#5704,2.);
#5170=CYLINDRICAL_SURFACE('',#5709,2.);
#5171=CYLINDRICAL_SURFACE('',#5713,3.);
#5172=CYLINDRICAL_SURFACE('',#5717,3.);
#5173=CYLINDRICAL_SURFACE('',#5721,3.);
#5174=CYLINDRICAL_SURFACE('',#5724,3.);
#5175=CYLINDRICAL_SURFACE('',#5729,4.);
#5176=CYLINDRICAL_SURFACE('',#5736,4.);
#5177=CYLINDRICAL_SURFACE('',#5738,4.);
#5178=CYLINDRICAL_SURFACE('',#5742,4.);
#5179=CYLINDRICAL_SURFACE('',#5752,1.35);
#5180=CYLINDRICAL_SURFACE('',#5756,3.1);
#5181=CYLINDRICAL_SURFACE('',#5785,1.35);
#5182=CYLINDRICAL_SURFACE('',#5796,1.35);
#5183=CYLINDRICAL_SURFACE('',#5812,1.35);
#5184=CYLINDRICAL_SURFACE('',#5824,1.35);
#5185=CYLINDRICAL_SURFACE('',#5827,3.6);
#5186=CYLINDRICAL_SURFACE('',#5830,1.35);
#5187=CYLINDRICAL_SURFACE('',#5844,3.6);
#5188=CYLINDRICAL_SURFACE('',#5852,1.7);
#5189=CYLINDRICAL_SURFACE('',#5854,1.7);
#5190=CYLINDRICAL_SURFACE('',#5856,1.7);
#5191=CYLINDRICAL_SURFACE('',#5858,1.7);
#5192=CYLINDRICAL_SURFACE('',#5878,1.7);
#5193=CYLINDRICAL_SURFACE('',#5880,1.7);
#5194=CYLINDRICAL_SURFACE('',#5891,1.7);
#5195=CYLINDRICAL_SURFACE('',#5895,1.7);
#5196=CYLINDRICAL_SURFACE('',#5899,1.7);
#5197=CYLINDRICAL_SURFACE('',#5903,1.7);
#5198=CYLINDRICAL_SURFACE('',#5907,3.5);
#5199=CYLINDRICAL_SURFACE('',#5912,4.2);
#5200=CYLINDRICAL_SURFACE('',#5917,4.2);
#5201=CYLINDRICAL_SURFACE('',#5919,4.2);
#5202=CYLINDRICAL_SURFACE('',#5927,4.2);
#5203=CYLINDRICAL_SURFACE('',#5930,1.5);
#5204=CYLINDRICAL_SURFACE('',#5936,1.);
#5205=CYLINDRICAL_SURFACE('',#5940,1.);
#5206=CYLINDRICAL_SURFACE('',#5943,1.);
#5207=CYLINDRICAL_SURFACE('',#5948,1.);
#5208=CYLINDRICAL_SURFACE('',#5951,1.);
#5209=CYLINDRICAL_SURFACE('',#5955,1.);
#5210=CYLINDRICAL_SURFACE('',#5959,1.);
#5211=CYLINDRICAL_SURFACE('',#5962,1.);
#5212=CYLINDRICAL_SURFACE('',#5967,1.5);
#5213=CYLINDRICAL_SURFACE('',#5969,1.5);
#5214=CYLINDRICAL_SURFACE('',#5972,1.5);
#5215=CYLINDRICAL_SURFACE('',#5980,0.9);
#5216=CYLINDRICAL_SURFACE('',#5984,0.9);
#5217=CYLINDRICAL_SURFACE('',#5988,1.2);
#5218=CYLINDRICAL_SURFACE('',#5992,2.7);
#5219=CYLINDRICAL_SURFACE('',#5996,0.9);
#5220=CYLINDRICAL_SURFACE('',#6000,0.9);
#5221=CYLINDRICAL_SURFACE('',#6004,1.2);
#5222=CYLINDRICAL_SURFACE('',#6008,2.7);
#5223=CYLINDRICAL_SURFACE('',#6012,0.9);
#5224=CYLINDRICAL_SURFACE('',#6016,0.9);
#5225=CYLINDRICAL_SURFACE('',#6020,1.2);
#5226=CYLINDRICAL_SURFACE('',#6024,2.7);
#5227=CYLINDRICAL_SURFACE('',#6028,0.9);
#5228=CYLINDRICAL_SURFACE('',#6032,0.9);
#5229=CYLINDRICAL_SURFACE('',#6036,1.2);
#5230=CYLINDRICAL_SURFACE('',#6040,2.7);
#5231=CYLINDRICAL_SURFACE('',#6044,1.7);
#5232=CYLINDRICAL_SURFACE('',#6047,1.7);
#5233=CYLINDRICAL_SURFACE('',#6050,1.7);
#5234=CYLINDRICAL_SURFACE('',#6053,1.7);
#5235=CYLINDRICAL_SURFACE('',#6056,2.);
#5236=CYLINDRICAL_SURFACE('',#6060,2.);
#5237=CYLINDRICAL_SURFACE('',#6064,2.);
#5238=CYLINDRICAL_SURFACE('',#6067,2.);
#5239=CYLINDRICAL_SURFACE('',#6072,2.);
#5240=CYLINDRICAL_SURFACE('',#6076,2.);
#5241=CYLINDRICAL_SURFACE('',#6080,2.);
#5242=CYLINDRICAL_SURFACE('',#6083,2.);
#5243=CYLINDRICAL_SURFACE('',#6088,3.);
#5244=CYLINDRICAL_SURFACE('',#6095,3.);
#5245=CYLINDRICAL_SURFACE('',#6097,3.);
#5246=CYLINDRICAL_SURFACE('',#6101,3.);
#5247=CYLINDRICAL_SURFACE('',#6108,3.);
#5248=CYLINDRICAL_SURFACE('',#6115,3.);
#5249=CYLINDRICAL_SURFACE('',#6117,3.);
#5250=CYLINDRICAL_SURFACE('',#6121,3.);
#5251=CYLINDRICAL_SURFACE('',#6126,4.);
#5252=CYLINDRICAL_SURFACE('',#6133,4.);
#5253=CYLINDRICAL_SURFACE('',#6135,4.);
#5254=CYLINDRICAL_SURFACE('',#6139,4.);
#5255=CYLINDRICAL_SURFACE('',#6151,3.);
#5256=CYLINDRICAL_SURFACE('',#6156,1.5);
#5257=CYLINDRICAL_SURFACE('',#6159,1.5);
#5258=CYLINDRICAL_SURFACE('',#6162,1.6);
#5259=CYLINDRICAL_SURFACE('',#6165,9.);
#5260=CYLINDRICAL_SURFACE('',#6171,1.375);
#5261=CYLINDRICAL_SURFACE('',#6174,1.375);
#5262=CYLINDRICAL_SURFACE('',#6177,1.375);
#5263=CYLINDRICAL_SURFACE('',#6180,1.375);
#5264=ADVANCED_FACE('',(#349),#5161,.F.);
#5265=ADVANCED_FACE('',(#350),#158,.F.);
#5266=ADVANCED_FACE('',(#351),#159,.F.);
#5267=ADVANCED_FACE('',(#352),#5162,.T.);
#5268=ADVANCED_FACE('',(#353),#160,.F.);
#5269=ADVANCED_FACE('',(#354),#5163,.T.);
#5270=ADVANCED_FACE('',(#355),#5164,.T.);
#5271=ADVANCED_FACE('',(#356,#89),#161,.T.);
#5272=ADVANCED_FACE('',(#357),#5165,.T.);
#5273=ADVANCED_FACE('',(#358),#162,.F.);
#5274=ADVANCED_FACE('',(#359),#163,.F.);
#5275=ADVANCED_FACE('',(#360),#5166,.F.);
#5276=ADVANCED_FACE('',(#361),#164,.F.);
#5277=ADVANCED_FACE('',(#362),#165,.F.);
#5278=ADVANCED_FACE('',(#363),#5167,.T.);
#5279=ADVANCED_FACE('',(#364),#166,.F.);
#5280=ADVANCED_FACE('',(#365),#5168,.T.);
#5281=ADVANCED_FACE('',(#366),#5169,.T.);
#5282=ADVANCED_FACE('',(#367,#90),#167,.T.);
#5283=ADVANCED_FACE('',(#368),#5170,.T.);
#5284=ADVANCED_FACE('',(#369),#168,.F.);
#5285=ADVANCED_FACE('',(#370),#169,.F.);
#5286=ADVANCED_FACE('',(#371),#5171,.F.);
#5287=ADVANCED_FACE('',(#372),#170,.T.);
#5288=ADVANCED_FACE('',(#373),#5172,.F.);
#5289=ADVANCED_FACE('',(#374),#171,.T.);
#5290=ADVANCED_FACE('',(#375),#5173,.F.);
#5291=ADVANCED_FACE('',(#376),#5174,.F.);
#5292=ADVANCED_FACE('',(#377),#172,.T.);
#5293=ADVANCED_FACE('',(#378),#173,.T.);
#5294=ADVANCED_FACE('',(#379),#5175,.T.);
#5295=ADVANCED_FACE('',(#380,#91,#92,#93),#174,.T.);
#5296=ADVANCED_FACE('',(#381),#5176,.T.);
#5297=ADVANCED_FACE('',(#382),#5177,.T.);
#5298=ADVANCED_FACE('',(#383,#94),#175,.F.);
#5299=ADVANCED_FACE('',(#384),#5178,.T.);
#5300=ADVANCED_FACE('',(#385),#176,.F.);
#5301=ADVANCED_FACE('',(#386),#177,.F.);
#5302=ADVANCED_FACE('',(#387),#178,.F.);
#5303=ADVANCED_FACE('',(#388),#179,.F.);
#5304=ADVANCED_FACE('',(#389),#180,.F.);
#5305=ADVANCED_FACE('',(#390),#181,.T.);
#5306=ADVANCED_FACE('',(#391),#182,.F.);
#5307=ADVANCED_FACE('',(#392),#183,.F.);
#5308=ADVANCED_FACE('',(#393),#5179,.F.);
#5309=ADVANCED_FACE('',(#394),#184,.F.);
#5310=ADVANCED_FACE('',(#395),#5180,.T.);
#5311=ADVANCED_FACE('',(#396),#185,.F.);
#5312=ADVANCED_FACE('',(#397,#95),#186,.T.);
#5313=ADVANCED_FACE('',(#398),#187,.F.);
#5314=ADVANCED_FACE('',(#399,#96,#97),#188,.F.);
#5315=ADVANCED_FACE('',(#400,#98),#189,.T.);
#5316=ADVANCED_FACE('',(#401,#99),#190,.T.);
#5317=ADVANCED_FACE('',(#402),#191,.F.);
#5318=ADVANCED_FACE('',(#403),#192,.F.);
#5319=ADVANCED_FACE('',(#404),#193,.F.);
#5320=ADVANCED_FACE('',(#405),#194,.T.);
#5321=ADVANCED_FACE('',(#406),#5181,.F.);
#5322=ADVANCED_FACE('',(#407),#195,.F.);
#5323=ADVANCED_FACE('',(#408),#196,.F.);
#5324=ADVANCED_FACE('',(#409),#197,.F.);
#5325=ADVANCED_FACE('',(#410,#100),#198,.T.);
#5326=ADVANCED_FACE('',(#411),#199,.F.);
#5327=ADVANCED_FACE('',(#412),#200,.F.);
#5328=ADVANCED_FACE('',(#413),#201,.F.);
#5329=ADVANCED_FACE('',(#414),#202,.F.);
#5330=ADVANCED_FACE('',(#415),#5182,.F.);
#5331=ADVANCED_FACE('',(#416),#203,.F.);
#5332=ADVANCED_FACE('',(#417),#204,.F.);
#5333=ADVANCED_FACE('',(#418,#101),#205,.T.);
#5334=ADVANCED_FACE('',(#419),#206,.F.);
#5335=ADVANCED_FACE('',(#420),#207,.F.);
#5336=ADVANCED_FACE('',(#421),#208,.T.);
#5337=ADVANCED_FACE('',(#422,#102),#209,.T.);
#5338=ADVANCED_FACE('',(#423),#210,.F.);
#5339=ADVANCED_FACE('',(#424),#211,.F.);
#5340=ADVANCED_FACE('',(#425),#212,.F.);
#5341=ADVANCED_FACE('',(#426),#5183,.F.);
#5342=ADVANCED_FACE('',(#427),#213,.F.);
#5343=ADVANCED_FACE('',(#428),#214,.F.);
#5344=ADVANCED_FACE('',(#429,#103),#215,.T.);
#5345=ADVANCED_FACE('',(#430),#216,.F.);
#5346=ADVANCED_FACE('',(#431),#217,.F.);
#5347=ADVANCED_FACE('',(#432),#218,.F.);
#5348=ADVANCED_FACE('',(#433,#104),#219,.T.);
#5349=ADVANCED_FACE('',(#434),#5184,.F.);
#5350=ADVANCED_FACE('',(#435),#220,.F.);
#5351=ADVANCED_FACE('',(#436),#5185,.T.);
#5352=ADVANCED_FACE('',(#437),#221,.F.);
#5353=ADVANCED_FACE('',(#438),#222,.F.);
#5354=ADVANCED_FACE('',(#439),#5186,.F.);
#5355=ADVANCED_FACE('',(#440),#223,.F.);
#5356=ADVANCED_FACE('',(#441),#224,.T.);
#5357=ADVANCED_FACE('',(#442),#225,.T.);
#5358=ADVANCED_FACE('',(#443),#226,.F.);
#5359=ADVANCED_FACE('',(#444),#227,.F.);
#5360=ADVANCED_FACE('',(#445),#228,.F.);
#5361=ADVANCED_FACE('',(#446),#229,.F.);
#5362=ADVANCED_FACE('',(#447),#230,.F.);
#5363=ADVANCED_FACE('',(#448),#231,.T.);
#5364=ADVANCED_FACE('',(#449),#5187,.T.);
#5365=ADVANCED_FACE('',(#450),#232,.F.);
#5366=ADVANCED_FACE('',(#451),#233,.F.);
#5367=ADVANCED_FACE('',(#452),#234,.T.);
#5368=ADVANCED_FACE('',(#453),#235,.F.);
#5369=ADVANCED_FACE('',(#454),#236,.F.);
#5370=ADVANCED_FACE('',(#455),#237,.F.);
#5371=ADVANCED_FACE('',(#456),#238,.F.);
#5372=ADVANCED_FACE('',(#457),#5188,.F.);
#5373=ADVANCED_FACE('',(#458),#239,.T.);
#5374=ADVANCED_FACE('',(#459),#5189,.F.);
#5375=ADVANCED_FACE('',(#460),#240,.T.);
#5376=ADVANCED_FACE('',(#461),#5190,.F.);
#5377=ADVANCED_FACE('',(#462),#241,.T.);
#5378=ADVANCED_FACE('',(#463),#5191,.F.);
#5379=ADVANCED_FACE('',(#464),#242,.T.);
#5380=ADVANCED_FACE('',(#465),#243,.F.);
#5381=ADVANCED_FACE('',(#466),#244,.F.);
#5382=ADVANCED_FACE('',(#467),#245,.F.);
#5383=ADVANCED_FACE('',(#468),#246,.F.);
#5384=ADVANCED_FACE('',(#469),#247,.F.);
#5385=ADVANCED_FACE('',(#470),#248,.F.);
#5386=ADVANCED_FACE('',(#471),#249,.F.);
#5387=ADVANCED_FACE('',(#472),#250,.F.);
#5388=ADVANCED_FACE('',(#473),#251,.F.);
#5389=ADVANCED_FACE('',(#474),#252,.T.);
#5390=ADVANCED_FACE('',(#475),#253,.T.);
#5391=ADVANCED_FACE('',(#476),#254,.T.);
#5392=ADVANCED_FACE('',(#477,#105,#106,#107),#255,.F.);
#5393=ADVANCED_FACE('',(#478),#256,.F.);
#5394=ADVANCED_FACE('',(#479),#257,.F.);
#5395=ADVANCED_FACE('',(#480),#5192,.F.);
#5396=ADVANCED_FACE('',(#481),#5193,.F.);
#5397=ADVANCED_FACE('',(#482),#258,.T.);
#5398=ADVANCED_FACE('',(#483),#259,.T.);
#5399=ADVANCED_FACE('',(#484),#260,.T.);
#5400=ADVANCED_FACE('',(#485),#261,.T.);
#5401=ADVANCED_FACE('',(#486,#108,#109,#110),#262,.T.);
#5402=ADVANCED_FACE('',(#487),#263,.F.);
#5403=ADVANCED_FACE('',(#488),#264,.F.);
#5404=ADVANCED_FACE('',(#489),#265,.F.);
#5405=ADVANCED_FACE('',(#490),#5194,.F.);
#5406=ADVANCED_FACE('',(#491),#266,.F.);
#5407=ADVANCED_FACE('',(#492),#5195,.F.);
#5408=ADVANCED_FACE('',(#493),#267,.T.);
#5409=ADVANCED_FACE('',(#494),#5196,.F.);
#5410=ADVANCED_FACE('',(#495),#268,.F.);
#5411=ADVANCED_FACE('',(#496),#5197,.F.);
#5412=ADVANCED_FACE('',(#497),#269,.T.);
#5413=ADVANCED_FACE('',(#498),#5198,.F.);
#5414=ADVANCED_FACE('',(#499),#5199,.T.);
#5415=ADVANCED_FACE('',(#500,#111,#112),#270,.F.);
#5416=ADVANCED_FACE('',(#501),#5200,.T.);
#5417=ADVANCED_FACE('',(#502),#5201,.T.);
#5418=ADVANCED_FACE('',(#503),#271,.F.);
#5419=ADVANCED_FACE('',(#504),#272,.F.);
#5420=ADVANCED_FACE('',(#505),#273,.F.);
#5421=ADVANCED_FACE('',(#506),#274,.F.);
#5422=ADVANCED_FACE('',(#507),#5202,.T.);
#5423=ADVANCED_FACE('',(#508),#275,.F.);
#5424=ADVANCED_FACE('',(#509),#5203,.T.);
#5425=ADVANCED_FACE('',(#510,#113,#114,#115),#276,.F.);
#5426=ADVANCED_FACE('',(#511),#277,.F.);
#5427=ADVANCED_FACE('',(#512),#278,.F.);
#5428=ADVANCED_FACE('',(#513),#5204,.T.);
#5429=ADVANCED_FACE('',(#514),#279,.F.);
#5430=ADVANCED_FACE('',(#515),#5205,.T.);
#5431=ADVANCED_FACE('',(#516),#5206,.T.);
#5432=ADVANCED_FACE('',(#517),#280,.F.);
#5433=ADVANCED_FACE('',(#518),#5207,.T.);
#5434=ADVANCED_FACE('',(#519),#281,.F.);
#5435=ADVANCED_FACE('',(#520),#5208,.T.);
#5436=ADVANCED_FACE('',(#521),#282,.F.);
#5437=ADVANCED_FACE('',(#522),#5209,.T.);
#5438=ADVANCED_FACE('',(#523),#283,.F.);
#5439=ADVANCED_FACE('',(#524),#5210,.T.);
#5440=ADVANCED_FACE('',(#525),#5211,.T.);
#5441=ADVANCED_FACE('',(#526),#284,.F.);
#5442=ADVANCED_FACE('',(#527),#285,.F.);
#5443=ADVANCED_FACE('',(#528),#5212,.T.);
#5444=ADVANCED_FACE('',(#529),#5213,.T.);
#5445=ADVANCED_FACE('',(#530),#5214,.T.);
#5446=ADVANCED_FACE('',(#531),#286,.F.);
#5447=ADVANCED_FACE('',(#532),#287,.T.);
#5448=ADVANCED_FACE('',(#533),#288,.F.);
#5449=ADVANCED_FACE('',(#534),#289,.F.);
#5450=ADVANCED_FACE('',(#535),#290,.F.);
#5451=ADVANCED_FACE('',(#536),#5215,.F.);
#5452=ADVANCED_FACE('',(#537),#291,.T.);
#5453=ADVANCED_FACE('',(#538),#5216,.F.);
#5454=ADVANCED_FACE('',(#539),#292,.T.);
#5455=ADVANCED_FACE('',(#540),#5217,.T.);
#5456=ADVANCED_FACE('',(#541),#293,.T.);
#5457=ADVANCED_FACE('',(#542),#5218,.T.);
#5458=ADVANCED_FACE('',(#543,#116),#294,.T.);
#5459=ADVANCED_FACE('',(#544),#5219,.F.);
#5460=ADVANCED_FACE('',(#545),#295,.T.);
#5461=ADVANCED_FACE('',(#546),#5220,.F.);
#5462=ADVANCED_FACE('',(#547),#296,.T.);
#5463=ADVANCED_FACE('',(#548),#5221,.T.);
#5464=ADVANCED_FACE('',(#549),#297,.T.);
#5465=ADVANCED_FACE('',(#550),#5222,.T.);
#5466=ADVANCED_FACE('',(#551,#117),#298,.T.);
#5467=ADVANCED_FACE('',(#552),#5223,.F.);
#5468=ADVANCED_FACE('',(#553),#299,.T.);
#5469=ADVANCED_FACE('',(#554),#5224,.F.);
#5470=ADVANCED_FACE('',(#555),#300,.T.);
#5471=ADVANCED_FACE('',(#556),#5225,.T.);
#5472=ADVANCED_FACE('',(#557),#301,.T.);
#5473=ADVANCED_FACE('',(#558),#5226,.T.);
#5474=ADVANCED_FACE('',(#559,#118),#302,.T.);
#5475=ADVANCED_FACE('',(#560),#5227,.F.);
#5476=ADVANCED_FACE('',(#561),#303,.T.);
#5477=ADVANCED_FACE('',(#562),#5228,.F.);
#5478=ADVANCED_FACE('',(#563),#304,.T.);
#5479=ADVANCED_FACE('',(#564),#5229,.T.);
#5480=ADVANCED_FACE('',(#565),#305,.T.);
#5481=ADVANCED_FACE('',(#566),#5230,.T.);
#5482=ADVANCED_FACE('',(#567,#119),#306,.T.);
#5483=ADVANCED_FACE('',(#568),#5231,.F.);
#5484=ADVANCED_FACE('',(#569),#5232,.F.);
#5485=ADVANCED_FACE('',(#570),#5233,.F.);
#5486=ADVANCED_FACE('',(#571),#5234,.F.);
#5487=ADVANCED_FACE('',(#572),#5235,.F.);
#5488=ADVANCED_FACE('',(#573),#307,.T.);
#5489=ADVANCED_FACE('',(#574),#5236,.F.);
#5490=ADVANCED_FACE('',(#575),#308,.T.);
#5491=ADVANCED_FACE('',(#576),#5237,.F.);
#5492=ADVANCED_FACE('',(#577),#5238,.F.);
#5493=ADVANCED_FACE('',(#578),#309,.T.);
#5494=ADVANCED_FACE('',(#579),#310,.T.);
#5495=ADVANCED_FACE('',(#580),#5239,.F.);
#5496=ADVANCED_FACE('',(#581),#311,.T.);
#5497=ADVANCED_FACE('',(#582),#5240,.F.);
#5498=ADVANCED_FACE('',(#583),#312,.T.);
#5499=ADVANCED_FACE('',(#584),#5241,.F.);
#5500=ADVANCED_FACE('',(#585),#5242,.F.);
#5501=ADVANCED_FACE('',(#586),#313,.T.);
#5502=ADVANCED_FACE('',(#587),#314,.T.);
#5503=ADVANCED_FACE('',(#588),#5243,.T.);
#5504=ADVANCED_FACE('',(#589,#120,#121,#122,#123,#124,#125,#126,#127,#128,
#129,#130,#131,#132,#133),#315,.T.);
#5505=ADVANCED_FACE('',(#590),#5244,.T.);
#5506=ADVANCED_FACE('',(#591),#5245,.T.);
#5507=ADVANCED_FACE('',(#592,#134,#135,#136,#137,#138,#139,#140,#141,#142,
#143),#316,.F.);
#5508=ADVANCED_FACE('',(#593),#5246,.T.);
#5509=ADVANCED_FACE('',(#594),#317,.F.);
#5510=ADVANCED_FACE('',(#595),#318,.F.);
#5511=ADVANCED_FACE('',(#596),#319,.F.);
#5512=ADVANCED_FACE('',(#597),#320,.F.);
#5513=ADVANCED_FACE('',(#598),#5247,.T.);
#5514=ADVANCED_FACE('',(#599),#321,.T.);
#5515=ADVANCED_FACE('',(#600),#5248,.T.);
#5516=ADVANCED_FACE('',(#601),#5249,.T.);
#5517=ADVANCED_FACE('',(#602),#322,.F.);
#5518=ADVANCED_FACE('',(#603),#5250,.T.);
#5519=ADVANCED_FACE('',(#604),#323,.F.);
#5520=ADVANCED_FACE('',(#605),#324,.F.);
#5521=ADVANCED_FACE('',(#606),#325,.F.);
#5522=ADVANCED_FACE('',(#607),#326,.F.);
#5523=ADVANCED_FACE('',(#608),#5251,.T.);
#5524=ADVANCED_FACE('',(#609),#327,.T.);
#5525=ADVANCED_FACE('',(#610),#5252,.T.);
#5526=ADVANCED_FACE('',(#611),#5253,.T.);
#5527=ADVANCED_FACE('',(#612),#328,.F.);
#5528=ADVANCED_FACE('',(#613),#5254,.T.);
#5529=ADVANCED_FACE('',(#614),#329,.F.);
#5530=ADVANCED_FACE('',(#615),#330,.F.);
#5531=ADVANCED_FACE('',(#616),#331,.F.);
#5532=ADVANCED_FACE('',(#617),#332,.F.);
#5533=ADVANCED_FACE('',(#618),#333,.T.);
#5534=ADVANCED_FACE('',(#619),#334,.F.);
#5535=ADVANCED_FACE('',(#620),#335,.F.);
#5536=ADVANCED_FACE('',(#621),#336,.F.);
#5537=ADVANCED_FACE('',(#622),#337,.F.);
#5538=ADVANCED_FACE('',(#623),#338,.F.);
#5539=ADVANCED_FACE('',(#624),#5255,.T.);
#5540=ADVANCED_FACE('',(#625),#339,.T.);
#5541=ADVANCED_FACE('',(#626),#340,.T.);
#5542=ADVANCED_FACE('',(#627),#5256,.F.);
#5543=ADVANCED_FACE('',(#628),#5257,.F.);
#5544=ADVANCED_FACE('',(#629),#5258,.F.);
#5545=ADVANCED_FACE('',(#630),#5259,.T.);
#5546=ADVANCED_FACE('',(#631,#144,#145,#146),#341,.T.);
#5547=ADVANCED_FACE('',(#632,#147,#148,#149),#342,.T.);
#5548=ADVANCED_FACE('',(#633),#5260,.F.);
#5549=ADVANCED_FACE('',(#634),#5261,.F.);
#5550=ADVANCED_FACE('',(#635),#5262,.F.);
#5551=ADVANCED_FACE('',(#636),#5263,.F.);
#5552=ADVANCED_FACE('',(#637,#150,#151,#152,#153),#343,.T.);
#5553=ADVANCED_FACE('',(#638,#154,#155,#156,#157),#344,.F.);
#5554=ADVANCED_FACE('',(#639),#345,.F.);
#5555=ADVANCED_FACE('',(#640),#346,.F.);
#5556=ADVANCED_FACE('',(#641),#347,.F.);
#5557=ADVANCED_FACE('',(#642),#348,.F.);
#5558=CLOSED_SHELL('',(#5264,#5265,#5266,#5267,#5268,#5269,#5270,#5271,
#5272,#5273,#5274,#5275,#5276,#5277,#5278,#5279,#5280,#5281,#5282,#5283,
#5284,#5285,#5286,#5287,#5288,#5289,#5290,#5291,#5292,#5293,#5294,#5295,
#5296,#5297,#5298,#5299,#5300,#5301,#5302,#5303));
#5559=CLOSED_SHELL('',(#5304,#5305,#5306,#5307,#5308,#5309,#5310,#5311,
#5312,#5313,#5314,#5315,#5316,#5317,#5318,#5319,#5320,#5321,#5322,#5323,
#5324,#5325,#5326,#5327,#5328,#5329,#5330,#5331,#5332,#5333,#5334,#5335,
#5336,#5337,#5338,#5339,#5340,#5341,#5342,#5343,#5344,#5345,#5346,#5347,
#5348,#5349,#5350,#5351,#5352,#5353,#5354,#5355,#5356,#5357,#5358,#5359,
#5360,#5361,#5362,#5363,#5364,#5365,#5366,#5367,#5368,#5369,#5370,#5371,
#5372,#5373,#5374,#5375,#5376,#5377,#5378,#5379,#5380,#5381,#5382,#5383,
#5384,#5385,#5386,#5387,#5388));
#5560=CLOSED_SHELL('',(#5389,#5390,#5391,#5392,#5393,#5394,#5395,#5396,
#5397,#5398,#5399,#5400,#5401,#5402,#5403,#5404));
#5561=CLOSED_SHELL('',(#5405,#5406,#5407,#5408,#5409,#5410,#5411,#5412,
#5413,#5414,#5415,#5416,#5417,#5418,#5419,#5420,#5421,#5422,#5423,#5424,
#5425,#5426,#5427,#5428,#5429,#5430,#5431,#5432,#5433,#5434,#5435,#5436,
#5437,#5438,#5439,#5440,#5441,#5442,#5443,#5444,#5445,#5446,#5447,#5448,
#5449,#5450));
#5562=CLOSED_SHELL('',(#5451,#5452,#5453,#5454,#5455,#5456,#5457,#5458,
#5459,#5460,#5461,#5462,#5463,#5464,#5465,#5466,#5467,#5468,#5469,#5470,
#5471,#5472,#5473,#5474,#5475,#5476,#5477,#5478,#5479,#5480,#5481,#5482,
#5483,#5484,#5485,#5486,#5487,#5488,#5489,#5490,#5491,#5492,#5493,#5494,
#5495,#5496,#5497,#5498,#5499,#5500,#5501,#5502,#5503,#5504,#5505,#5506,
#5507,#5508,#5509,#5510,#5511,#5512));
#5563=CLOSED_SHELL('',(#5513,#5514,#5515,#5516,#5517,#5518,#5519,#5520,
#5521,#5522));
#5564=CLOSED_SHELL('',(#5523,#5524,#5525,#5526,#5527,#5528,#5529,#5530,
#5531,#5532));
#5565=CLOSED_SHELL('',(#5533,#5534,#5535,#5536,#5537,#5538));
#5566=CLOSED_SHELL('',(#5539,#5540,#5541));
#5567=CLOSED_SHELL('',(#5542,#5543,#5544,#5545,#5546,#5547));
#5568=CLOSED_SHELL('',(#5548,#5549,#5550,#5551,#5552,#5553,#5554,#5555,
#5556,#5557));
#5569=DERIVED_UNIT_ELEMENT(#5587,1.);
#5570=DERIVED_UNIT_ELEMENT(#9460,-3.);
#5571=DERIVED_UNIT_ELEMENT(#5587,1.);
#5572=DERIVED_UNIT_ELEMENT(#9460,-3.);
#5573=DERIVED_UNIT_ELEMENT(#5587,1.);
#5574=DERIVED_UNIT_ELEMENT(#9460,-3.);
#5575=DERIVED_UNIT_ELEMENT(#5587,1.);
#5576=DERIVED_UNIT_ELEMENT(#9460,-3.);
#5577=DERIVED_UNIT_ELEMENT(#5587,1.);
#5578=DERIVED_UNIT_ELEMENT(#9460,-3.);
#5579=DERIVED_UNIT_ELEMENT(#5587,1.);
#5580=DERIVED_UNIT_ELEMENT(#9460,-3.);
#5581=DERIVED_UNIT_ELEMENT(#5587,1.);
#5582=DERIVED_UNIT_ELEMENT(#9460,-3.);
#5583=DERIVED_UNIT_ELEMENT(#5587,1.);
#5584=DERIVED_UNIT_ELEMENT(#9460,-3.);
#5585=DERIVED_UNIT_ELEMENT(#5587,1.);
#5586=DERIVED_UNIT_ELEMENT(#9460,-3.);
#5587=(
MASS_UNIT()
NAMED_UNIT(*)
SI_UNIT(.KILO.,.GRAM.)
);
#5588=DERIVED_UNIT((#5569,#5570));
#5589=DERIVED_UNIT((#5571,#5572));
#5590=DERIVED_UNIT((#5573,#5574));
#5591=DERIVED_UNIT((#5575,#5576));
#5592=DERIVED_UNIT((#5577,#5578));
#5593=DERIVED_UNIT((#5579,#5580));
#5594=DERIVED_UNIT((#5581,#5582));
#5595=DERIVED_UNIT((#5583,#5584));
#5596=DERIVED_UNIT((#5585,#5586));
#5597=MEASURE_REPRESENTATION_ITEM('density measure',
POSITIVE_RATIO_MEASURE(7850.),#5588);
#5598=MEASURE_REPRESENTATION_ITEM('density measure',
POSITIVE_RATIO_MEASURE(7850.),#5589);
#5599=MEASURE_REPRESENTATION_ITEM('density measure',
POSITIVE_RATIO_MEASURE(7850.),#5590);
#5600=MEASURE_REPRESENTATION_ITEM('density measure',
POSITIVE_RATIO_MEASURE(7850.),#5591);
#5601=MEASURE_REPRESENTATION_ITEM('density measure',
POSITIVE_RATIO_MEASURE(7850.),#5592);
#5602=MEASURE_REPRESENTATION_ITEM('density measure',
POSITIVE_RATIO_MEASURE(7850.),#5593);
#5603=MEASURE_REPRESENTATION_ITEM('density measure',
POSITIVE_RATIO_MEASURE(7850.),#5594);
#5604=MEASURE_REPRESENTATION_ITEM('density measure',
POSITIVE_RATIO_MEASURE(7850.),#5595);
#5605=MEASURE_REPRESENTATION_ITEM('density measure',
POSITIVE_RATIO_MEASURE(7850.),#5596);
#5606=PROPERTY_DEFINITION_REPRESENTATION(#5651,#5624);
#5607=PROPERTY_DEFINITION_REPRESENTATION(#5652,#5625);
#5608=PROPERTY_DEFINITION_REPRESENTATION(#5653,#5626);
#5609=PROPERTY_DEFINITION_REPRESENTATION(#5654,#5627);
#5610=PROPERTY_DEFINITION_REPRESENTATION(#5655,#5628);
#5611=PROPERTY_DEFINITION_REPRESENTATION(#5656,#5629);
#5612=PROPERTY_DEFINITION_REPRESENTATION(#5657,#5630);
#5613=PROPERTY_DEFINITION_REPRESENTATION(#5658,#5631);
#5614=PROPERTY_DEFINITION_REPRESENTATION(#5659,#5632);
#5615=PROPERTY_DEFINITION_REPRESENTATION(#5660,#5633);
#5616=PROPERTY_DEFINITION_REPRESENTATION(#5661,#5634);
#5617=PROPERTY_DEFINITION_REPRESENTATION(#5662,#5635);
#5618=PROPERTY_DEFINITION_REPRESENTATION(#5663,#5636);
#5619=PROPERTY_DEFINITION_REPRESENTATION(#5664,#5637);
#5620=PROPERTY_DEFINITION_REPRESENTATION(#5665,#5638);
#5621=PROPERTY_DEFINITION_REPRESENTATION(#5666,#5639);
#5622=PROPERTY_DEFINITION_REPRESENTATION(#5667,#5640);
#5623=PROPERTY_DEFINITION_REPRESENTATION(#5668,#5641);
#5624=REPRESENTATION('material name',(#5642),#9449);
#5625=REPRESENTATION('density',(#5597),#9449);
#5626=REPRESENTATION('material name',(#5643),#9450);
#5627=REPRESENTATION('density',(#5598),#9450);
#5628=REPRESENTATION('material name',(#5644),#9451);
#5629=REPRESENTATION('density',(#5599),#9451);
#5630=REPRESENTATION('material name',(#5645),#9452);
#5631=REPRESENTATION('density',(#5600),#9452);
#5632=REPRESENTATION('material name',(#5646),#9453);
#5633=REPRESENTATION('density',(#5601),#9453);
#5634=REPRESENTATION('material name',(#5647),#9454);
#5635=REPRESENTATION('density',(#5602),#9454);
#5636=REPRESENTATION('material name',(#5648),#9455);
#5637=REPRESENTATION('density',(#5603),#9455);
#5638=REPRESENTATION('material name',(#5649),#9456);
#5639=REPRESENTATION('density',(#5604),#9456);
#5640=REPRESENTATION('material name',(#5650),#9457);
#5641=REPRESENTATION('density',(#5605),#9457);
#5642=DESCRIPTIVE_REPRESENTATION_ITEM('Steel','Steel');
#5643=DESCRIPTIVE_REPRESENTATION_ITEM('Steel','Steel');
#5644=DESCRIPTIVE_REPRESENTATION_ITEM('Steel','Steel');
#5645=DESCRIPTIVE_REPRESENTATION_ITEM('Steel','Steel');
#5646=DESCRIPTIVE_REPRESENTATION_ITEM('Steel','Steel');
#5647=DESCRIPTIVE_REPRESENTATION_ITEM('Steel','Steel');
#5648=DESCRIPTIVE_REPRESENTATION_ITEM('Steel','Steel');
#5649=DESCRIPTIVE_REPRESENTATION_ITEM('Steel','Steel');
#5650=DESCRIPTIVE_REPRESENTATION_ITEM('Steel','Steel');
#5651=PROPERTY_DEFINITION('material property','material name',#9504);
#5652=PROPERTY_DEFINITION('material property','density of part',#9504);
#5653=PROPERTY_DEFINITION('material property','material name',#9505);
#5654=PROPERTY_DEFINITION('material property','density of part',#9505);
#5655=PROPERTY_DEFINITION('material property','material name',#9506);
#5656=PROPERTY_DEFINITION('material property','density of part',#9506);
#5657=PROPERTY_DEFINITION('material property','material name',#9507);
#5658=PROPERTY_DEFINITION('material property','density of part',#9507);
#5659=PROPERTY_DEFINITION('material property','material name',#9508);
#5660=PROPERTY_DEFINITION('material property','density of part',#9508);
#5661=PROPERTY_DEFINITION('material property','material name',#9509);
#5662=PROPERTY_DEFINITION('material property','density of part',#9509);
#5663=PROPERTY_DEFINITION('material property','material name',#9510);
#5664=PROPERTY_DEFINITION('material property','density of part',#9510);
#5665=PROPERTY_DEFINITION('material property','material name',#9511);
#5666=PROPERTY_DEFINITION('material property','density of part',#9511);
#5667=PROPERTY_DEFINITION('material property','material name',#9512);
#5668=PROPERTY_DEFINITION('material property','density of part',#9512);
#5669=AXIS2_PLACEMENT_3D('',#7809,#6198,#6199);
#5670=AXIS2_PLACEMENT_3D('',#7810,#6200,#6201);
#5671=AXIS2_PLACEMENT_3D('',#7811,#6202,#6203);
#5672=AXIS2_PLACEMENT_3D('',#7813,#6204,#6205);
#5673=AXIS2_PLACEMENT_3D('',#7816,#6207,#6208);
#5674=AXIS2_PLACEMENT_3D('',#7817,#6209,#6210);
#5675=AXIS2_PLACEMENT_3D('',#7818,#6211,#6212);
#5676=AXIS2_PLACEMENT_3D('',#7827,#6217,#6218);
#5677=AXIS2_PLACEMENT_3D('',#7829,#6219,#6220);
#5678=AXIS2_PLACEMENT_3D('',#7832,#6222,#6223);
#5679=AXIS2_PLACEMENT_3D('',#7833,#6224,#6225);
#5680=AXIS2_PLACEMENT_3D('',#7839,#6229,#6230);
#5681=AXIS2_PLACEMENT_3D('',#7841,#6231,#6232);
#5682=AXIS2_PLACEMENT_3D('',#7844,#6234,#6235);
#5683=AXIS2_PLACEMENT_3D('',#7845,#6236,#6237);
#5684=AXIS2_PLACEMENT_3D('',#7847,#6238,#6239);
#5685=AXIS2_PLACEMENT_3D('',#7849,#6240,#6241);
#5686=AXIS2_PLACEMENT_3D('',#7851,#6243,#6244);
#5687=AXIS2_PLACEMENT_3D('',#7855,#6246,#6247);
#5688=AXIS2_PLACEMENT_3D('',#7857,#6249,#6250);
#5689=AXIS2_PLACEMENT_3D('',#7860,#6251,#6252);
#5690=AXIS2_PLACEMENT_3D('',#7863,#6255,#6256);
#5691=AXIS2_PLACEMENT_3D('',#7865,#6258,#6259);
#5692=AXIS2_PLACEMENT_3D('',#7867,#6261,#6262);
#5693=AXIS2_PLACEMENT_3D('',#7869,#6263,#6264);
#5694=AXIS2_PLACEMENT_3D('',#7872,#6266,#6267);
#5695=AXIS2_PLACEMENT_3D('',#7873,#6268,#6269);
#5696=AXIS2_PLACEMENT_3D('',#7874,#6270,#6271);
#5697=AXIS2_PLACEMENT_3D('',#7883,#6276,#6277);
#5698=AXIS2_PLACEMENT_3D('',#7885,#6278,#6279);
#5699=AXIS2_PLACEMENT_3D('',#7888,#6281,#6282);
#5700=AXIS2_PLACEMENT_3D('',#7889,#6283,#6284);
#5701=AXIS2_PLACEMENT_3D('',#7895,#6288,#6289);
#5702=AXIS2_PLACEMENT_3D('',#7897,#6290,#6291);
#5703=AXIS2_PLACEMENT_3D('',#7900,#6293,#6294);
#5704=AXIS2_PLACEMENT_3D('',#7901,#6295,#6296);
#5705=AXIS2_PLACEMENT_3D('',#7903,#6297,#6298);
#5706=AXIS2_PLACEMENT_3D('',#7905,#6299,#6300);
#5707=AXIS2_PLACEMENT_3D('',#7907,#6302,#6303);
#5708=AXIS2_PLACEMENT_3D('',#7911,#6305,#6306);
#5709=AXIS2_PLACEMENT_3D('',#7913,#6308,#6309);
#5710=AXIS2_PLACEMENT_3D('',#7916,#6310,#6311);
#5711=AXIS2_PLACEMENT_3D('',#7919,#6314,#6315);
#5712=AXIS2_PLACEMENT_3D('',#7921,#6317,#6318);
#5713=AXIS2_PLACEMENT_3D('',#7923,#6320,#6321);
#5714=AXIS2_PLACEMENT_3D('',#7926,#6322,#6323);
#5715=AXIS2_PLACEMENT_3D('',#7930,#6325,#6326);
#5716=AXIS2_PLACEMENT_3D('',#7932,#6328,#6329);
#5717=AXIS2_PLACEMENT_3D('',#7938,#6333,#6334);
#5718=AXIS2_PLACEMENT_3D('',#7940,#6335,#6336);
#5719=AXIS2_PLACEMENT_3D('',#7942,#6337,#6338);
#5720=AXIS2_PLACEMENT_3D('',#7944,#6340,#6341);
#5721=AXIS2_PLACEMENT_3D('',#7950,#6345,#6346);
#5722=AXIS2_PLACEMENT_3D('',#7953,#6347,#6348);
#5723=AXIS2_PLACEMENT_3D('',#7957,#6350,#6351);
#5724=AXIS2_PLACEMENT_3D('',#7959,#6353,#6354);
#5725=AXIS2_PLACEMENT_3D('',#7961,#6355,#6356);
#5726=AXIS2_PLACEMENT_3D('',#7963,#6357,#6358);
#5727=AXIS2_PLACEMENT_3D('',#7965,#6360,#6361);
#5728=AXIS2_PLACEMENT_3D('',#7968,#6364,#6365);
#5729=AXIS2_PLACEMENT_3D('',#7971,#6368,#6369);
#5730=AXIS2_PLACEMENT_3D('',#7976,#6371,#6372);
#5731=AXIS2_PLACEMENT_3D('',#7979,#6374,#6375);
#5732=AXIS2_PLACEMENT_3D('',#7980,#6376,#6377);
#5733=AXIS2_PLACEMENT_3D('',#7984,#6379,#6380);
#5734=AXIS2_PLACEMENT_3D('',#7988,#6382,#6383);
#5735=AXIS2_PLACEMENT_3D('',#7992,#6385,#6386);
#5736=AXIS2_PLACEMENT_3D('',#7994,#6388,#6389);
#5737=AXIS2_PLACEMENT_3D('',#7998,#6391,#6392);
#5738=AXIS2_PLACEMENT_3D('',#8000,#6394,#6395);
#5739=AXIS2_PLACEMENT_3D('',#8005,#6398,#6399);
#5740=AXIS2_PLACEMENT_3D('',#8006,#6400,#6401);
#5741=AXIS2_PLACEMENT_3D('',#8011,#6404,#6405);
#5742=AXIS2_PLACEMENT_3D('',#8014,#6408,#6409);
#5743=AXIS2_PLACEMENT_3D('',#8017,#6412,#6413);
#5744=AXIS2_PLACEMENT_3D('',#8018,#6414,#6415);
#5745=AXIS2_PLACEMENT_3D('',#8019,#6416,#6417);
#5746=AXIS2_PLACEMENT_3D('',#8020,#6418,#6419);
#5747=AXIS2_PLACEMENT_3D('',#8021,#6420,#6421);
#5748=AXIS2_PLACEMENT_3D('',#8022,#6422,#6423);
#5749=AXIS2_PLACEMENT_3D('',#8031,#6428,#6429);
#5750=AXIS2_PLACEMENT_3D('',#8037,#6433,#6434);
#5751=AXIS2_PLACEMENT_3D('',#8049,#6441,#6442);
#5752=AXIS2_PLACEMENT_3D('',#8069,#6453,#6454);
#5753=AXIS2_PLACEMENT_3D('',#8071,#6455,#6456);
#5754=AXIS2_PLACEMENT_3D('',#8074,#6458,#6459);
#5755=AXIS2_PLACEMENT_3D('',#8075,#6460,#6461);
#5756=AXIS2_PLACEMENT_3D('',#8076,#6462,#6463);
#5757=AXIS2_PLACEMENT_3D('',#8078,#6464,#6465);
#5758=AXIS2_PLACEMENT_3D('',#8082,#6467,#6468);
#5759=AXIS2_PLACEMENT_3D('',#8084,#6469,#6470);
#5760=AXIS2_PLACEMENT_3D('',#8088,#6472,#6473);
#5761=AXIS2_PLACEMENT_3D('',#8092,#6475,#6476);
#5762=AXIS2_PLACEMENT_3D('',#8096,#6478,#6479);
#5763=AXIS2_PLACEMENT_3D('',#8100,#6481,#6482);
#5764=AXIS2_PLACEMENT_3D('',#8101,#6483,#6484);
#5765=AXIS2_PLACEMENT_3D('',#8102,#6485,#6486);
#5766=AXIS2_PLACEMENT_3D('',#8104,#6488,#6489);
#5767=AXIS2_PLACEMENT_3D('',#8105,#6490,#6491);
#5768=AXIS2_PLACEMENT_3D('',#8115,#6497,#6498);
#5769=AXIS2_PLACEMENT_3D('',#8134,#6508,#6509);
#5770=AXIS2_PLACEMENT_3D('',#8138,#6511,#6512);
#5771=AXIS2_PLACEMENT_3D('',#8175,#6531,#6532);
#5772=AXIS2_PLACEMENT_3D('',#8179,#6534,#6535);
#5773=AXIS2_PLACEMENT_3D('',#8183,#6537,#6538);
#5774=AXIS2_PLACEMENT_3D('',#8187,#6540,#6541);
#5775=AXIS2_PLACEMENT_3D('',#8189,#6543,#6544);
#5776=AXIS2_PLACEMENT_3D('',#8196,#6548,#6549);
#5777=AXIS2_PLACEMENT_3D('',#8203,#6553,#6554);
#5778=AXIS2_PLACEMENT_3D('',#8204,#6555,#6556);
#5779=AXIS2_PLACEMENT_3D('',#8212,#6560,#6561);
#5780=AXIS2_PLACEMENT_3D('',#8217,#6564,#6565);
#5781=AXIS2_PLACEMENT_3D('',#8218,#6566,#6567);
#5782=AXIS2_PLACEMENT_3D('',#8220,#6569,#6570);
#5783=AXIS2_PLACEMENT_3D('',#8222,#6572,#6573);
#5784=AXIS2_PLACEMENT_3D('',#8226,#6576,#6577);
#5785=AXIS2_PLACEMENT_3D('',#8227,#6578,#6579);
#5786=AXIS2_PLACEMENT_3D('',#8229,#6580,#6581);
#5787=AXIS2_PLACEMENT_3D('',#8232,#6583,#6584);
#5788=AXIS2_PLACEMENT_3D('',#8233,#6585,#6586);
#5789=AXIS2_PLACEMENT_3D('',#8234,#6587,#6588);
#5790=AXIS2_PLACEMENT_3D('',#8244,#6594,#6595);
#5791=AXIS2_PLACEMENT_3D('',#8250,#6599,#6600);
#5792=AXIS2_PLACEMENT_3D('',#8254,#6603,#6604);
#5793=AXIS2_PLACEMENT_3D('',#8256,#6606,#6607);
#5794=AXIS2_PLACEMENT_3D('',#8260,#6610,#6611);
#5795=AXIS2_PLACEMENT_3D('',#8264,#6614,#6615);
#5796=AXIS2_PLACEMENT_3D('',#8268,#6618,#6619);
#5797=AXIS2_PLACEMENT_3D('',#8270,#6620,#6621);
#5798=AXIS2_PLACEMENT_3D('',#8273,#6623,#6624);
#5799=AXIS2_PLACEMENT_3D('',#8274,#6625,#6626);
#5800=AXIS2_PLACEMENT_3D('',#8275,#6627,#6628);
#5801=AXIS2_PLACEMENT_3D('',#8285,#6634,#6635);
#5802=AXIS2_PLACEMENT_3D('',#8291,#6639,#6640);
#5803=AXIS2_PLACEMENT_3D('',#8298,#6645,#6646);
#5804=AXIS2_PLACEMENT_3D('',#8299,#6647,#6648);
#5805=AXIS2_PLACEMENT_3D('',#8305,#6652,#6653);
#5806=AXIS2_PLACEMENT_3D('',#8311,#6656,#6657);
#5807=AXIS2_PLACEMENT_3D('',#8322,#6663,#6664);
#5808=AXIS2_PLACEMENT_3D('',#8326,#6666,#6667);
#5809=AXIS2_PLACEMENT_3D('',#8328,#6669,#6670);
#5810=AXIS2_PLACEMENT_3D('',#8339,#6677,#6678);
#5811=AXIS2_PLACEMENT_3D('',#8341,#6680,#6681);
#5812=AXIS2_PLACEMENT_3D('',#8343,#6683,#6684);
#5813=AXIS2_PLACEMENT_3D('',#8345,#6685,#6686);
#5814=AXIS2_PLACEMENT_3D('',#8348,#6688,#6689);
#5815=AXIS2_PLACEMENT_3D('',#8349,#6690,#6691);
#5816=AXIS2_PLACEMENT_3D('',#8350,#6692,#6693);
#5817=AXIS2_PLACEMENT_3D('',#8354,#6696,#6697);
#5818=AXIS2_PLACEMENT_3D('',#8358,#6700,#6701);
#5819=AXIS2_PLACEMENT_3D('',#8363,#6705,#6706);
#5820=AXIS2_PLACEMENT_3D('',#8364,#6707,#6708);
#5821=AXIS2_PLACEMENT_3D('',#8368,#6711,#6712);
#5822=AXIS2_PLACEMENT_3D('',#8380,#6719,#6720);
#5823=AXIS2_PLACEMENT_3D('',#8384,#6722,#6723);
#5824=AXIS2_PLACEMENT_3D('',#8386,#6725,#6726);
#5825=AXIS2_PLACEMENT_3D('',#8388,#6727,#6728);
#5826=AXIS2_PLACEMENT_3D('',#8390,#6730,#6731);
#5827=AXIS2_PLACEMENT_3D('',#8391,#6732,#6733);
#5828=AXIS2_PLACEMENT_3D('',#8396,#6738,#6739);
#5829=AXIS2_PLACEMENT_3D('',#8402,#6743,#6744);
#5830=AXIS2_PLACEMENT_3D('',#8404,#6746,#6747);
#5831=AXIS2_PLACEMENT_3D('',#8406,#6748,#6749);
#5832=AXIS2_PLACEMENT_3D('',#8408,#6751,#6752);
#5833=AXIS2_PLACEMENT_3D('',#8409,#6753,#6754);
#5834=AXIS2_PLACEMENT_3D('',#8417,#6758,#6759);
#5835=AXIS2_PLACEMENT_3D('',#8418,#6760,#6761);
#5836=AXIS2_PLACEMENT_3D('',#8423,#6763,#6764);
#5837=AXIS2_PLACEMENT_3D('',#8427,#6767,#6768);
#5838=AXIS2_PLACEMENT_3D('',#8433,#6772,#6773);
#5839=AXIS2_PLACEMENT_3D('',#8437,#6776,#6777);
#5840=AXIS2_PLACEMENT_3D('',#8443,#6781,#6782);
#5841=AXIS2_PLACEMENT_3D('',#8447,#6785,#6786);
#5842=AXIS2_PLACEMENT_3D('',#8454,#6792,#6793);
#5843=AXIS2_PLACEMENT_3D('',#8455,#6794,#6795);
#5844=AXIS2_PLACEMENT_3D('',#8456,#6796,#6797);
#5845=AXIS2_PLACEMENT_3D('',#8457,#6798,#6799);
#5846=AXIS2_PLACEMENT_3D('',#8461,#6802,#6803);
#5847=AXIS2_PLACEMENT_3D('',#8466,#6807,#6808);
#5848=AXIS2_PLACEMENT_3D('',#8470,#6811,#6812);
#5849=AXIS2_PLACEMENT_3D('',#8472,#6814,#6815);
#5850=AXIS2_PLACEMENT_3D('',#8476,#6818,#6819);
#5851=AXIS2_PLACEMENT_3D('',#8478,#6821,#6822);
#5852=AXIS2_PLACEMENT_3D('',#8479,#6823,#6824);
#5853=AXIS2_PLACEMENT_3D('',#8482,#6827,#6828);
#5854=AXIS2_PLACEMENT_3D('',#8484,#6830,#6831);
#5855=AXIS2_PLACEMENT_3D('',#8486,#6833,#6834);
#5856=AXIS2_PLACEMENT_3D('',#8487,#6835,#6836);
#5857=AXIS2_PLACEMENT_3D('',#8490,#6839,#6840);
#5858=AXIS2_PLACEMENT_3D('',#8492,#6842,#6843);
#5859=AXIS2_PLACEMENT_3D('',#8494,#6845,#6846);
#5860=AXIS2_PLACEMENT_3D('',#8495,#6847,#6848);
#5861=AXIS2_PLACEMENT_3D('',#8498,#6851,#6852);
#5862=AXIS2_PLACEMENT_3D('',#8499,#6853,#6854);
#5863=AXIS2_PLACEMENT_3D('',#8500,#6855,#6856);
#5864=AXIS2_PLACEMENT_3D('',#8502,#6858,#6859);
#5865=AXIS2_PLACEMENT_3D('',#8503,#6860,#6861);
#5866=AXIS2_PLACEMENT_3D('',#8504,#6862,#6863);
#5867=AXIS2_PLACEMENT_3D('',#8505,#6864,#6865);
#5868=AXIS2_PLACEMENT_3D('',#8507,#6867,#6868);
#5869=AXIS2_PLACEMENT_3D('',#8508,#6869,#6870);
#5870=AXIS2_PLACEMENT_3D('',#8509,#6871,#6872);
#5871=AXIS2_PLACEMENT_3D('',#8518,#6877,#6878);
#5872=AXIS2_PLACEMENT_3D('',#8527,#6883,#6884);
#5873=AXIS2_PLACEMENT_3D('',#8530,#6887,#6888);
#5874=AXIS2_PLACEMENT_3D('',#8549,#6898,#6899);
#5875=AXIS2_PLACEMENT_3D('',#8551,#6900,#6901);
#5876=AXIS2_PLACEMENT_3D('',#8552,#6902,#6903);
#5877=AXIS2_PLACEMENT_3D('',#8556,#6906,#6907);
#5878=AXIS2_PLACEMENT_3D('',#8560,#6910,#6911);
#5879=AXIS2_PLACEMENT_3D('',#8563,#6913,#6914);
#5880=AXIS2_PLACEMENT_3D('',#8564,#6915,#6916);
#5881=AXIS2_PLACEMENT_3D('',#8567,#6918,#6919);
#5882=AXIS2_PLACEMENT_3D('',#8568,#6920,#6921);
#5883=AXIS2_PLACEMENT_3D('',#8574,#6925,#6926);
#5884=AXIS2_PLACEMENT_3D('',#8578,#6929,#6930);
#5885=AXIS2_PLACEMENT_3D('',#8582,#6933,#6934);
#5886=AXIS2_PLACEMENT_3D('',#8584,#6936,#6937);
#5887=AXIS2_PLACEMENT_3D('',#8590,#6941,#6942);
#5888=AXIS2_PLACEMENT_3D('',#8592,#6944,#6945);
#5889=AXIS2_PLACEMENT_3D('',#8594,#6947,#6948);
#5890=AXIS2_PLACEMENT_3D('',#8595,#6949,#6950);
#5891=AXIS2_PLACEMENT_3D('',#8596,#6951,#6952);
#5892=AXIS2_PLACEMENT_3D('',#8599,#6953,#6954);
#5893=AXIS2_PLACEMENT_3D('',#8603,#6956,#6957);
#5894=AXIS2_PLACEMENT_3D('',#8605,#6959,#6960);
#5895=AXIS2_PLACEMENT_3D('',#8611,#6964,#6965);
#5896=AXIS2_PLACEMENT_3D('',#8613,#6966,#6967);
#5897=AXIS2_PLACEMENT_3D('',#8615,#6968,#6969);
#5898=AXIS2_PLACEMENT_3D('',#8617,#6971,#6972);
#5899=AXIS2_PLACEMENT_3D('',#8620,#6975,#6976);
#5900=AXIS2_PLACEMENT_3D('',#8623,#6977,#6978);
#5901=AXIS2_PLACEMENT_3D('',#8627,#6980,#6981);
#5902=AXIS2_PLACEMENT_3D('',#8629,#6983,#6984);
#5903=AXIS2_PLACEMENT_3D('',#8635,#6988,#6989);
#5904=AXIS2_PLACEMENT_3D('',#8637,#6990,#6991);
#5905=AXIS2_PLACEMENT_3D('',#8639,#6992,#6993);
#5906=AXIS2_PLACEMENT_3D('',#8641,#6995,#6996);
#5907=AXIS2_PLACEMENT_3D('',#8644,#6999,#7000);
#5908=AXIS2_PLACEMENT_3D('',#8649,#7002,#7003);
#5909=AXIS2_PLACEMENT_3D('',#8653,#7005,#7006);
#5910=AXIS2_PLACEMENT_3D('',#8656,#7008,#7009);
#5911=AXIS2_PLACEMENT_3D('',#8657,#7010,#7011);
#5912=AXIS2_PLACEMENT_3D('',#8658,#7012,#7013);
#5913=AXIS2_PLACEMENT_3D('',#8660,#7014,#7015);
#5914=AXIS2_PLACEMENT_3D('',#8674,#7017,#7018);
#5915=AXIS2_PLACEMENT_3D('',#8675,#7019,#7020);
#5916=AXIS2_PLACEMENT_3D('',#8677,#7021,#7022);
#5917=AXIS2_PLACEMENT_3D('',#8695,#7032,#7033);
#5918=AXIS2_PLACEMENT_3D('',#8697,#7034,#7035);
#5919=AXIS2_PLACEMENT_3D('',#8710,#7037,#7038);
#5920=AXIS2_PLACEMENT_3D('',#8715,#7040,#7041);
#5921=AXIS2_PLACEMENT_3D('',#8719,#7043,#7044);
#5922=AXIS2_PLACEMENT_3D('',#8726,#7045,#7046);
#5923=AXIS2_PLACEMENT_3D('',#8730,#7048,#7049);
#5924=AXIS2_PLACEMENT_3D('',#8736,#7053,#7054);
#5925=AXIS2_PLACEMENT_3D('',#8740,#7057,#7058);
#5926=AXIS2_PLACEMENT_3D('',#8750,#7064,#7065);
#5927=AXIS2_PLACEMENT_3D('',#8762,#7072,#7073);
#5928=AXIS2_PLACEMENT_3D('',#8772,#7075,#7076);
#5929=AXIS2_PLACEMENT_3D('',#8773,#7077,#7078);
#5930=AXIS2_PLACEMENT_3D('',#8781,#7083,#7084);
#5931=AXIS2_PLACEMENT_3D('',#8782,#7085,#7086);
#5932=AXIS2_PLACEMENT_3D('',#8783,#7087,#7088);
#5933=AXIS2_PLACEMENT_3D('',#8793,#7094,#7095);
#5934=AXIS2_PLACEMENT_3D('',#8794,#7096,#7097);
#5935=AXIS2_PLACEMENT_3D('',#8796,#7099,#7100);
#5936=AXIS2_PLACEMENT_3D('',#8805,#7105,#7106);
#5937=AXIS2_PLACEMENT_3D('',#8807,#7107,#7108);
#5938=AXIS2_PLACEMENT_3D('',#8810,#7110,#7111);
#5939=AXIS2_PLACEMENT_3D('',#8811,#7112,#7113);
#5940=AXIS2_PLACEMENT_3D('',#8817,#7117,#7118);
#5941=AXIS2_PLACEMENT_3D('',#8819,#7119,#7120);
#5942=AXIS2_PLACEMENT_3D('',#8822,#7122,#7123);
#5943=AXIS2_PLACEMENT_3D('',#8823,#7124,#7125);
#5944=AXIS2_PLACEMENT_3D('',#8824,#7126,#7127);
#5945=AXIS2_PLACEMENT_3D('',#8825,#7128,#7129);
#5946=AXIS2_PLACEMENT_3D('',#8826,#7130,#7131);
#5947=AXIS2_PLACEMENT_3D('',#8829,#7133,#7134);
#5948=AXIS2_PLACEMENT_3D('',#8830,#7135,#7136);
#5949=AXIS2_PLACEMENT_3D('',#8832,#7137,#7138);
#5950=AXIS2_PLACEMENT_3D('',#8834,#7140,#7141);
#5951=AXIS2_PLACEMENT_3D('',#8836,#7143,#7144);
#5952=AXIS2_PLACEMENT_3D('',#8839,#7145,#7146);
#5953=AXIS2_PLACEMENT_3D('',#8843,#7148,#7149);
#5954=AXIS2_PLACEMENT_3D('',#8845,#7151,#7152);
#5955=AXIS2_PLACEMENT_3D('',#8851,#7156,#7157);
#5956=AXIS2_PLACEMENT_3D('',#8853,#7158,#7159);
#5957=AXIS2_PLACEMENT_3D('',#8856,#7161,#7162);
#5958=AXIS2_PLACEMENT_3D('',#8857,#7163,#7164);
#5959=AXIS2_PLACEMENT_3D('',#8863,#7168,#7169);
#5960=AXIS2_PLACEMENT_3D('',#8864,#7170,#7171);
#5961=AXIS2_PLACEMENT_3D('',#8865,#7172,#7173);
#5962=AXIS2_PLACEMENT_3D('',#8866,#7174,#7175);
#5963=AXIS2_PLACEMENT_3D('',#8868,#7176,#7177);
#5964=AXIS2_PLACEMENT_3D('',#8871,#7179,#7180);
#5965=AXIS2_PLACEMENT_3D('',#8872,#7181,#7182);
#5966=AXIS2_PLACEMENT_3D('',#8874,#7184,#7185);
#5967=AXIS2_PLACEMENT_3D('',#8876,#7187,#7188);
#5968=AXIS2_PLACEMENT_3D('',#8877,#7189,#7190);
#5969=AXIS2_PLACEMENT_3D('',#8878,#7191,#7192);
#5970=AXIS2_PLACEMENT_3D('',#8879,#7193,#7194);
#5971=AXIS2_PLACEMENT_3D('',#8880,#7195,#7196);
#5972=AXIS2_PLACEMENT_3D('',#8881,#7197,#7198);
#5973=AXIS2_PLACEMENT_3D('',#8882,#7199,#7200);
#5974=AXIS2_PLACEMENT_3D('',#8883,#7201,#7202);
#5975=AXIS2_PLACEMENT_3D('',#8884,#7203,#7204);
#5976=AXIS2_PLACEMENT_3D('',#8887,#7207,#7208);
#5977=AXIS2_PLACEMENT_3D('',#8889,#7210,#7211);
#5978=AXIS2_PLACEMENT_3D('',#8890,#7212,#7213);
#5979=AXIS2_PLACEMENT_3D('',#8891,#7214,#7215);
#5980=AXIS2_PLACEMENT_3D('',#8892,#7216,#7217);
#5981=AXIS2_PLACEMENT_3D('',#8895,#7218,#7219);
#5982=AXIS2_PLACEMENT_3D('',#8899,#7221,#7222);
#5983=AXIS2_PLACEMENT_3D('',#8901,#7224,#7225);
#5984=AXIS2_PLACEMENT_3D('',#8907,#7229,#7230);
#5985=AXIS2_PLACEMENT_3D('',#8909,#7231,#7232);
#5986=AXIS2_PLACEMENT_3D('',#8911,#7233,#7234);
#5987=AXIS2_PLACEMENT_3D('',#8913,#7236,#7237);
#5988=AXIS2_PLACEMENT_3D('',#8916,#7240,#7241);
#5989=AXIS2_PLACEMENT_3D('',#8918,#7242,#7243);
#5990=AXIS2_PLACEMENT_3D('',#8921,#7245,#7246);
#5991=AXIS2_PLACEMENT_3D('',#8922,#7247,#7248);
#5992=AXIS2_PLACEMENT_3D('',#8923,#7249,#7250);
#5993=AXIS2_PLACEMENT_3D('',#8925,#7251,#7252);
#5994=AXIS2_PLACEMENT_3D('',#8928,#7254,#7255);
#5995=AXIS2_PLACEMENT_3D('',#8929,#7256,#7257);
#5996=AXIS2_PLACEMENT_3D('',#8930,#7258,#7259);
#5997=AXIS2_PLACEMENT_3D('',#8933,#7260,#7261);
#5998=AXIS2_PLACEMENT_3D('',#8937,#7263,#7264);
#5999=AXIS2_PLACEMENT_3D('',#8939,#7266,#7267);
#6000=AXIS2_PLACEMENT_3D('',#8945,#7271,#7272);
#6001=AXIS2_PLACEMENT_3D('',#8947,#7273,#7274);
#6002=AXIS2_PLACEMENT_3D('',#8949,#7275,#7276);
#6003=AXIS2_PLACEMENT_3D('',#8951,#7278,#7279);
#6004=AXIS2_PLACEMENT_3D('',#8954,#7282,#7283);
#6005=AXIS2_PLACEMENT_3D('',#8956,#7284,#7285);
#6006=AXIS2_PLACEMENT_3D('',#8959,#7287,#7288);
#6007=AXIS2_PLACEMENT_3D('',#8960,#7289,#7290);
#6008=AXIS2_PLACEMENT_3D('',#8961,#7291,#7292);
#6009=AXIS2_PLACEMENT_3D('',#8963,#7293,#7294);
#6010=AXIS2_PLACEMENT_3D('',#8966,#7296,#7297);
#6011=AXIS2_PLACEMENT_3D('',#8967,#7298,#7299);
#6012=AXIS2_PLACEMENT_3D('',#8968,#7300,#7301);
#6013=AXIS2_PLACEMENT_3D('',#8971,#7302,#7303);
#6014=AXIS2_PLACEMENT_3D('',#8975,#7305,#7306);
#6015=AXIS2_PLACEMENT_3D('',#8977,#7308,#7309);
#6016=AXIS2_PLACEMENT_3D('',#8983,#7313,#7314);
#6017=AXIS2_PLACEMENT_3D('',#8985,#7315,#7316);
#6018=AXIS2_PLACEMENT_3D('',#8987,#7317,#7318);
#6019=AXIS2_PLACEMENT_3D('',#8989,#7320,#7321);
#6020=AXIS2_PLACEMENT_3D('',#8992,#7324,#7325);
#6021=AXIS2_PLACEMENT_3D('',#8994,#7326,#7327);
#6022=AXIS2_PLACEMENT_3D('',#8997,#7329,#7330);
#6023=AXIS2_PLACEMENT_3D('',#8998,#7331,#7332);
#6024=AXIS2_PLACEMENT_3D('',#8999,#7333,#7334);
#6025=AXIS2_PLACEMENT_3D('',#9001,#7335,#7336);
#6026=AXIS2_PLACEMENT_3D('',#9004,#7338,#7339);
#6027=AXIS2_PLACEMENT_3D('',#9005,#7340,#7341);
#6028=AXIS2_PLACEMENT_3D('',#9006,#7342,#7343);
#6029=AXIS2_PLACEMENT_3D('',#9009,#7344,#7345);
#6030=AXIS2_PLACEMENT_3D('',#9013,#7347,#7348);
#6031=AXIS2_PLACEMENT_3D('',#9015,#7350,#7351);
#6032=AXIS2_PLACEMENT_3D('',#9021,#7355,#7356);
#6033=AXIS2_PLACEMENT_3D('',#9023,#7357,#7358);
#6034=AXIS2_PLACEMENT_3D('',#9025,#7359,#7360);
#6035=AXIS2_PLACEMENT_3D('',#9027,#7362,#7363);
#6036=AXIS2_PLACEMENT_3D('',#9030,#7366,#7367);
#6037=AXIS2_PLACEMENT_3D('',#9032,#7368,#7369);
#6038=AXIS2_PLACEMENT_3D('',#9035,#7371,#7372);
#6039=AXIS2_PLACEMENT_3D('',#9036,#7373,#7374);
#6040=AXIS2_PLACEMENT_3D('',#9037,#7375,#7376);
#6041=AXIS2_PLACEMENT_3D('',#9039,#7377,#7378);
#6042=AXIS2_PLACEMENT_3D('',#9042,#7380,#7381);
#6043=AXIS2_PLACEMENT_3D('',#9043,#7382,#7383);
#6044=AXIS2_PLACEMENT_3D('',#9044,#7384,#7385);
#6045=AXIS2_PLACEMENT_3D('',#9046,#7386,#7387);
#6046=AXIS2_PLACEMENT_3D('',#9049,#7389,#7390);
#6047=AXIS2_PLACEMENT_3D('',#9050,#7391,#7392);
#6048=AXIS2_PLACEMENT_3D('',#9052,#7393,#7394);
#6049=AXIS2_PLACEMENT_3D('',#9055,#7396,#7397);
#6050=AXIS2_PLACEMENT_3D('',#9056,#7398,#7399);
#6051=AXIS2_PLACEMENT_3D('',#9058,#7400,#7401);
#6052=AXIS2_PLACEMENT_3D('',#9061,#7403,#7404);
#6053=AXIS2_PLACEMENT_3D('',#9062,#7405,#7406);
#6054=AXIS2_PLACEMENT_3D('',#9064,#7407,#7408);
#6055=AXIS2_PLACEMENT_3D('',#9067,#7410,#7411);
#6056=AXIS2_PLACEMENT_3D('',#9068,#7412,#7413);
#6057=AXIS2_PLACEMENT_3D('',#9071,#7414,#7415);
#6058=AXIS2_PLACEMENT_3D('',#9075,#7417,#7418);
#6059=AXIS2_PLACEMENT_3D('',#9077,#7420,#7421);
#6060=AXIS2_PLACEMENT_3D('',#9083,#7425,#7426);
#6061=AXIS2_PLACEMENT_3D('',#9085,#7427,#7428);
#6062=AXIS2_PLACEMENT_3D('',#9087,#7429,#7430);
#6063=AXIS2_PLACEMENT_3D('',#9089,#7432,#7433);
#6064=AXIS2_PLACEMENT_3D('',#9095,#7437,#7438);
#6065=AXIS2_PLACEMENT_3D('',#9098,#7439,#7440);
#6066=AXIS2_PLACEMENT_3D('',#9102,#7442,#7443);
#6067=AXIS2_PLACEMENT_3D('',#9104,#7445,#7446);
#6068=AXIS2_PLACEMENT_3D('',#9106,#7447,#7448);
#6069=AXIS2_PLACEMENT_3D('',#9108,#7449,#7450);
#6070=AXIS2_PLACEMENT_3D('',#9110,#7452,#7453);
#6071=AXIS2_PLACEMENT_3D('',#9113,#7456,#7457);
#6072=AXIS2_PLACEMENT_3D('',#9116,#7460,#7461);
#6073=AXIS2_PLACEMENT_3D('',#9119,#7462,#7463);
#6074=AXIS2_PLACEMENT_3D('',#9123,#7465,#7466);
#6075=AXIS2_PLACEMENT_3D('',#9125,#7468,#7469);
#6076=AXIS2_PLACEMENT_3D('',#9131,#7473,#7474);
#6077=AXIS2_PLACEMENT_3D('',#9133,#7475,#7476);
#6078=AXIS2_PLACEMENT_3D('',#9135,#7477,#7478);
#6079=AXIS2_PLACEMENT_3D('',#9137,#7480,#7481);
#6080=AXIS2_PLACEMENT_3D('',#9143,#7485,#7486);
#6081=AXIS2_PLACEMENT_3D('',#9146,#7487,#7488);
#6082=AXIS2_PLACEMENT_3D('',#9150,#7490,#7491);
#6083=AXIS2_PLACEMENT_3D('',#9152,#7493,#7494);
#6084=AXIS2_PLACEMENT_3D('',#9154,#7495,#7496);
#6085=AXIS2_PLACEMENT_3D('',#9156,#7497,#7498);
#6086=AXIS2_PLACEMENT_3D('',#9158,#7500,#7501);
#6087=AXIS2_PLACEMENT_3D('',#9161,#7504,#7505);
#6088=AXIS2_PLACEMENT_3D('',#9164,#7508,#7509);
#6089=AXIS2_PLACEMENT_3D('',#9169,#7511,#7512);
#6090=AXIS2_PLACEMENT_3D('',#9172,#7514,#7515);
#6091=AXIS2_PLACEMENT_3D('',#9173,#7516,#7517);
#6092=AXIS2_PLACEMENT_3D('',#9177,#7519,#7520);
#6093=AXIS2_PLACEMENT_3D('',#9181,#7522,#7523);
#6094=AXIS2_PLACEMENT_3D('',#9185,#7525,#7526);
#6095=AXIS2_PLACEMENT_3D('',#9187,#7528,#7529);
#6096=AXIS2_PLACEMENT_3D('',#9191,#7531,#7532);
#6097=AXIS2_PLACEMENT_3D('',#9193,#7534,#7535);
#6098=AXIS2_PLACEMENT_3D('',#9198,#7538,#7539);
#6099=AXIS2_PLACEMENT_3D('',#9199,#7540,#7541);
#6100=AXIS2_PLACEMENT_3D('',#9204,#7544,#7545);
#6101=AXIS2_PLACEMENT_3D('',#9207,#7548,#7549);
#6102=AXIS2_PLACEMENT_3D('',#9210,#7552,#7553);
#6103=AXIS2_PLACEMENT_3D('',#9211,#7554,#7555);
#6104=AXIS2_PLACEMENT_3D('',#9212,#7556,#7557);
#6105=AXIS2_PLACEMENT_3D('',#9213,#7558,#7559);
#6106=AXIS2_PLACEMENT_3D('',#9214,#7560,#7561);
#6107=AXIS2_PLACEMENT_3D('',#9215,#7562,#7563);
#6108=AXIS2_PLACEMENT_3D('',#9216,#7564,#7565);
#6109=AXIS2_PLACEMENT_3D('',#9221,#7567,#7568);
#6110=AXIS2_PLACEMENT_3D('',#9224,#7570,#7571);
#6111=AXIS2_PLACEMENT_3D('',#9225,#7572,#7573);
#6112=AXIS2_PLACEMENT_3D('',#9229,#7575,#7576);
#6113=AXIS2_PLACEMENT_3D('',#9233,#7578,#7579);
#6114=AXIS2_PLACEMENT_3D('',#9237,#7581,#7582);
#6115=AXIS2_PLACEMENT_3D('',#9239,#7584,#7585);
#6116=AXIS2_PLACEMENT_3D('',#9243,#7587,#7588);
#6117=AXIS2_PLACEMENT_3D('',#9245,#7590,#7591);
#6118=AXIS2_PLACEMENT_3D('',#9250,#7594,#7595);
#6119=AXIS2_PLACEMENT_3D('',#9251,#7596,#7597);
#6120=AXIS2_PLACEMENT_3D('',#9256,#7600,#7601);
#6121=AXIS2_PLACEMENT_3D('',#9259,#7604,#7605);
#6122=AXIS2_PLACEMENT_3D('',#9262,#7608,#7609);
#6123=AXIS2_PLACEMENT_3D('',#9263,#7610,#7611);
#6124=AXIS2_PLACEMENT_3D('',#9264,#7612,#7613);
#6125=AXIS2_PLACEMENT_3D('',#9265,#7614,#7615);
#6126=AXIS2_PLACEMENT_3D('',#9266,#7616,#7617);
#6127=AXIS2_PLACEMENT_3D('',#9271,#7619,#7620);
#6128=AXIS2_PLACEMENT_3D('',#9274,#7622,#7623);
#6129=AXIS2_PLACEMENT_3D('',#9275,#7624,#7625);
#6130=AXIS2_PLACEMENT_3D('',#9279,#7627,#7628);
#6131=AXIS2_PLACEMENT_3D('',#9283,#7630,#7631);
#6132=AXIS2_PLACEMENT_3D('',#9287,#7633,#7634);
#6133=AXIS2_PLACEMENT_3D('',#9289,#7636,#7637);
#6134=AXIS2_PLACEMENT_3D('',#9293,#7639,#7640);
#6135=AXIS2_PLACEMENT_3D('',#9295,#7642,#7643);
#6136=AXIS2_PLACEMENT_3D('',#9300,#7646,#7647);
#6137=AXIS2_PLACEMENT_3D('',#9301,#7648,#7649);
#6138=AXIS2_PLACEMENT_3D('',#9306,#7652,#7653);
#6139=AXIS2_PLACEMENT_3D('',#9309,#7656,#7657);
#6140=AXIS2_PLACEMENT_3D('',#9312,#7660,#7661);
#6141=AXIS2_PLACEMENT_3D('',#9313,#7662,#7663);
#6142=AXIS2_PLACEMENT_3D('',#9314,#7664,#7665);
#6143=AXIS2_PLACEMENT_3D('',#9315,#7666,#7667);
#6144=AXIS2_PLACEMENT_3D('',#9316,#7668,#7669);
#6145=AXIS2_PLACEMENT_3D('',#9317,#7670,#7671);
#6146=AXIS2_PLACEMENT_3D('',#9326,#7676,#7677);
#6147=AXIS2_PLACEMENT_3D('',#9335,#7682,#7683);
#6148=AXIS2_PLACEMENT_3D('',#9338,#7686,#7687);
#6149=AXIS2_PLACEMENT_3D('',#9340,#7689,#7690);
#6150=AXIS2_PLACEMENT_3D('',#9342,#7692,#7693);
#6151=AXIS2_PLACEMENT_3D('',#9343,#7694,#7695);
#6152=AXIS2_PLACEMENT_3D('',#9345,#7696,#7697);
#6153=AXIS2_PLACEMENT_3D('',#9348,#7699,#7700);
#6154=AXIS2_PLACEMENT_3D('',#9349,#7701,#7702);
#6155=AXIS2_PLACEMENT_3D('',#9350,#7703,#7704);
#6156=AXIS2_PLACEMENT_3D('',#9351,#7705,#7706);
#6157=AXIS2_PLACEMENT_3D('',#9353,#7707,#7708);
#6158=AXIS2_PLACEMENT_3D('',#9356,#7710,#7711);
#6159=AXIS2_PLACEMENT_3D('',#9357,#7712,#7713);
#6160=AXIS2_PLACEMENT_3D('',#9359,#7714,#7715);
#6161=AXIS2_PLACEMENT_3D('',#9362,#7717,#7718);
#6162=AXIS2_PLACEMENT_3D('',#9363,#7719,#7720);
#6163=AXIS2_PLACEMENT_3D('',#9365,#7721,#7722);
#6164=AXIS2_PLACEMENT_3D('',#9368,#7724,#7725);
#6165=AXIS2_PLACEMENT_3D('',#9369,#7726,#7727);
#6166=AXIS2_PLACEMENT_3D('',#9371,#7728,#7729);
#6167=AXIS2_PLACEMENT_3D('',#9374,#7731,#7732);
#6168=AXIS2_PLACEMENT_3D('',#9375,#7733,#7734);
#6169=AXIS2_PLACEMENT_3D('',#9376,#7735,#7736);
#6170=AXIS2_PLACEMENT_3D('',#9377,#7737,#7738);
#6171=AXIS2_PLACEMENT_3D('',#9378,#7739,#7740);
#6172=AXIS2_PLACEMENT_3D('',#9380,#7741,#7742);
#6173=AXIS2_PLACEMENT_3D('',#9383,#7744,#7745);
#6174=AXIS2_PLACEMENT_3D('',#9384,#7746,#7747);
#6175=AXIS2_PLACEMENT_3D('',#9386,#7748,#7749);
#6176=AXIS2_PLACEMENT_3D('',#9389,#7751,#7752);
#6177=AXIS2_PLACEMENT_3D('',#9390,#7753,#7754);
#6178=AXIS2_PLACEMENT_3D('',#9392,#7755,#7756);
#6179=AXIS2_PLACEMENT_3D('',#9395,#7758,#7759);
#6180=AXIS2_PLACEMENT_3D('',#9396,#7760,#7761);
#6181=AXIS2_PLACEMENT_3D('',#9398,#7762,#7763);
#6182=AXIS2_PLACEMENT_3D('',#9401,#7765,#7766);
#6183=AXIS2_PLACEMENT_3D('',#9402,#7767,#7768);
#6184=AXIS2_PLACEMENT_3D('',#9411,#7773,#7774);
#6185=AXIS2_PLACEMENT_3D('',#9420,#7779,#7780);
#6186=AXIS2_PLACEMENT_3D('',#9423,#7783,#7784);
#6187=AXIS2_PLACEMENT_3D('',#9425,#7786,#7787);
#6188=AXIS2_PLACEMENT_3D('',#9427,#7789,#7790);
#6189=AXIS2_PLACEMENT_3D('',#9428,#7791,#7792);
#6190=AXIS2_PLACEMENT_3D('',#9429,#7793,#7794);
#6191=AXIS2_PLACEMENT_3D('',#9430,#7795,#7796);
#6192=AXIS2_PLACEMENT_3D('',#9431,#7797,#7798);
#6193=AXIS2_PLACEMENT_3D('',#9432,#7799,#7800);
#6194=AXIS2_PLACEMENT_3D('',#9433,#7801,#7802);
#6195=AXIS2_PLACEMENT_3D('',#9434,#7803,#7804);
#6196=AXIS2_PLACEMENT_3D('',#9435,#7805,#7806);
#6197=AXIS2_PLACEMENT_3D('',#9436,#7807,#7808);
#6198=DIRECTION('axis',(0.,0.,1.));
#6199=DIRECTION('refdir',(1.,0.,0.));
#6200=DIRECTION('axis',(0.,0.,1.));
#6201=DIRECTION('refdir',(1.,0.,0.));
#6202=DIRECTION('center_axis',(0.,0.,1.));
#6203=DIRECTION('ref_axis',(1.,0.,0.));
#6204=DIRECTION('center_axis',(0.,0.,-1.));
#6205=DIRECTION('ref_axis',(1.,0.,0.));
#6206=DIRECTION('',(0.,0.,1.));
#6207=DIRECTION('center_axis',(0.,0.,-1.));
#6208=DIRECTION('ref_axis',(1.,0.,0.));
#6209=DIRECTION('center_axis',(0.,0.,-1.));
#6210=DIRECTION('ref_axis',(-1.,0.,0.));
#6211=DIRECTION('center_axis',(0.,-1.,0.));
#6212=DIRECTION('ref_axis',(0.,0.,-1.));
#6213=DIRECTION('',(1.,0.,0.));
#6214=DIRECTION('',(0.,0.,-1.));
#6215=DIRECTION('',(-1.,0.,0.));
#6216=DIRECTION('',(0.,0.,-1.));
#6217=DIRECTION('center_axis',(0.,0.,1.));
#6218=DIRECTION('ref_axis',(1.,0.,0.));
#6219=DIRECTION('center_axis',(0.,0.,-1.));
#6220=DIRECTION('ref_axis',(1.,0.,0.));
#6221=DIRECTION('',(0.,0.,-1.));
#6222=DIRECTION('center_axis',(0.,0.,1.));
#6223=DIRECTION('ref_axis',(1.,0.,0.));
#6224=DIRECTION('center_axis',(1.,0.,0.));
#6225=DIRECTION('ref_axis',(0.,0.,-1.));
#6226=DIRECTION('',(0.,1.,0.));
#6227=DIRECTION('',(0.,0.,-1.));
#6228=DIRECTION('',(0.,-1.,0.));
#6229=DIRECTION('center_axis',(0.,0.,1.));
#6230=DIRECTION('ref_axis',(1.,0.,0.));
#6231=DIRECTION('center_axis',(0.,0.,-1.));
#6232=DIRECTION('ref_axis',(1.,0.,0.));
#6233=DIRECTION('',(0.,0.,-1.));
#6234=DIRECTION('center_axis',(0.,0.,1.));
#6235=DIRECTION('ref_axis',(1.,0.,0.));
#6236=DIRECTION('center_axis',(0.,0.,1.));
#6237=DIRECTION('ref_axis',(1.,0.,0.));
#6238=DIRECTION('center_axis',(0.,0.,-1.));
#6239=DIRECTION('ref_axis',(1.,0.,0.));
#6240=DIRECTION('center_axis',(0.,0.,1.));
#6241=DIRECTION('ref_axis',(1.,0.,0.));
#6242=DIRECTION('',(0.,0.,-1.));
#6243=DIRECTION('center_axis',(0.,0.,1.));
#6244=DIRECTION('ref_axis',(1.,0.,0.));
#6245=DIRECTION('',(1.,0.,0.));
#6246=DIRECTION('center_axis',(0.,0.,1.));
#6247=DIRECTION('ref_axis',(1.,0.,0.));
#6248=DIRECTION('',(0.,1.,0.));
#6249=DIRECTION('center_axis',(0.,0.,1.));
#6250=DIRECTION('ref_axis',(1.,0.,0.));
#6251=DIRECTION('center_axis',(0.,0.,-1.));
#6252=DIRECTION('ref_axis',(1.,0.,0.));
#6253=DIRECTION('',(0.,0.,-1.));
#6254=DIRECTION('',(0.,0.,-1.));
#6255=DIRECTION('center_axis',(-1.,0.,0.));
#6256=DIRECTION('ref_axis',(0.,0.,1.));
#6257=DIRECTION('',(0.,-1.,0.));
#6258=DIRECTION('center_axis',(0.,1.,0.));
#6259=DIRECTION('ref_axis',(0.,0.,1.));
#6260=DIRECTION('',(-1.,0.,0.));
#6261=DIRECTION('center_axis',(0.,0.,1.));
#6262=DIRECTION('ref_axis',(1.,0.,0.));
#6263=DIRECTION('center_axis',(0.,0.,-1.));
#6264=DIRECTION('ref_axis',(1.,0.,0.));
#6265=DIRECTION('',(0.,0.,1.));
#6266=DIRECTION('center_axis',(0.,0.,-1.));
#6267=DIRECTION('ref_axis',(1.,0.,0.));
#6268=DIRECTION('center_axis',(0.,0.,-1.));
#6269=DIRECTION('ref_axis',(-1.,0.,0.));
#6270=DIRECTION('center_axis',(0.,-1.,0.));
#6271=DIRECTION('ref_axis',(0.,0.,-1.));
#6272=DIRECTION('',(1.,0.,0.));
#6273=DIRECTION('',(0.,0.,-1.));
#6274=DIRECTION('',(-1.,0.,0.));
#6275=DIRECTION('',(0.,0.,-1.));
#6276=DIRECTION('center_axis',(0.,0.,1.));
#6277=DIRECTION('ref_axis',(1.,0.,0.));
#6278=DIRECTION('center_axis',(0.,0.,-1.));
#6279=DIRECTION('ref_axis',(1.,0.,0.));
#6280=DIRECTION('',(0.,0.,-1.));
#6281=DIRECTION('center_axis',(0.,0.,1.));
#6282=DIRECTION('ref_axis',(1.,0.,0.));
#6283=DIRECTION('center_axis',(1.,0.,0.));
#6284=DIRECTION('ref_axis',(0.,0.,-1.));
#6285=DIRECTION('',(0.,1.,0.));
#6286=DIRECTION('',(0.,0.,-1.));
#6287=DIRECTION('',(0.,-1.,0.));
#6288=DIRECTION('center_axis',(0.,0.,1.));
#6289=DIRECTION('ref_axis',(1.,0.,0.));
#6290=DIRECTION('center_axis',(0.,0.,-1.));
#6291=DIRECTION('ref_axis',(1.,0.,0.));
#6292=DIRECTION('',(0.,0.,-1.));
#6293=DIRECTION('center_axis',(0.,0.,1.));
#6294=DIRECTION('ref_axis',(1.,0.,0.));
#6295=DIRECTION('center_axis',(0.,0.,1.));
#6296=DIRECTION('ref_axis',(1.,0.,0.));
#6297=DIRECTION('center_axis',(0.,0.,-1.));
#6298=DIRECTION('ref_axis',(1.,0.,0.));
#6299=DIRECTION('center_axis',(0.,0.,1.));
#6300=DIRECTION('ref_axis',(1.,0.,0.));
#6301=DIRECTION('',(0.,0.,-1.));
#6302=DIRECTION('center_axis',(0.,0.,1.));
#6303=DIRECTION('ref_axis',(1.,0.,0.));
#6304=DIRECTION('',(1.,0.,0.));
#6305=DIRECTION('center_axis',(0.,0.,1.));
#6306=DIRECTION('ref_axis',(1.,0.,0.));
#6307=DIRECTION('',(0.,1.,0.));
#6308=DIRECTION('center_axis',(0.,0.,1.));
#6309=DIRECTION('ref_axis',(1.,0.,0.));
#6310=DIRECTION('center_axis',(0.,0.,-1.));
#6311=DIRECTION('ref_axis',(1.,0.,0.));
#6312=DIRECTION('',(0.,0.,-1.));
#6313=DIRECTION('',(0.,0.,-1.));
#6314=DIRECTION('center_axis',(-1.,0.,0.));
#6315=DIRECTION('ref_axis',(0.,0.,1.));
#6316=DIRECTION('',(0.,-1.,0.));
#6317=DIRECTION('center_axis',(0.,1.,0.));
#6318=DIRECTION('ref_axis',(0.,0.,1.));
#6319=DIRECTION('',(-1.,0.,0.));
#6320=DIRECTION('center_axis',(0.,0.,1.));
#6321=DIRECTION('ref_axis',(1.,0.,0.));
#6322=DIRECTION('center_axis',(0.,0.,-1.));
#6323=DIRECTION('ref_axis',(1.,0.,0.));
#6324=DIRECTION('',(0.,0.,-1.));
#6325=DIRECTION('center_axis',(0.,0.,1.));
#6326=DIRECTION('ref_axis',(1.,0.,0.));
#6327=DIRECTION('',(0.,0.,-1.));
#6328=DIRECTION('center_axis',(-1.,0.,0.));
#6329=DIRECTION('ref_axis',(0.,0.,1.));
#6330=DIRECTION('',(0.,-1.,0.));
#6331=DIRECTION('',(0.,1.,0.));
#6332=DIRECTION('',(0.,0.,-1.));
#6333=DIRECTION('center_axis',(0.,0.,1.));
#6334=DIRECTION('ref_axis',(1.,0.,0.));
#6335=DIRECTION('center_axis',(0.,0.,-1.));
#6336=DIRECTION('ref_axis',(1.,0.,0.));
#6337=DIRECTION('center_axis',(0.,0.,1.));
#6338=DIRECTION('ref_axis',(1.,0.,0.));
#6339=DIRECTION('',(0.,0.,-1.));
#6340=DIRECTION('center_axis',(0.,1.,0.));
#6341=DIRECTION('ref_axis',(0.,0.,1.));
#6342=DIRECTION('',(-1.,0.,0.));
#6343=DIRECTION('',(1.,0.,0.));
#6344=DIRECTION('',(0.,0.,-1.));
#6345=DIRECTION('center_axis',(0.,0.,1.));
#6346=DIRECTION('ref_axis',(1.,0.,0.));
#6347=DIRECTION('center_axis',(0.,0.,-1.));
#6348=DIRECTION('ref_axis',(1.,0.,0.));
#6349=DIRECTION('',(0.,0.,-1.));
#6350=DIRECTION('center_axis',(0.,0.,1.));
#6351=DIRECTION('ref_axis',(1.,0.,0.));
#6352=DIRECTION('',(0.,0.,-1.));
#6353=DIRECTION('center_axis',(0.,0.,1.));
#6354=DIRECTION('ref_axis',(1.,0.,0.));
#6355=DIRECTION('center_axis',(0.,0.,-1.));
#6356=DIRECTION('ref_axis',(1.,0.,0.));
#6357=DIRECTION('center_axis',(0.,0.,1.));
#6358=DIRECTION('ref_axis',(1.,0.,0.));
#6359=DIRECTION('',(0.,0.,-1.));
#6360=DIRECTION('center_axis',(1.,0.,0.));
#6361=DIRECTION('ref_axis',(0.,0.,-1.));
#6362=DIRECTION('',(0.,1.,0.));
#6363=DIRECTION('',(0.,-1.,0.));
#6364=DIRECTION('center_axis',(0.,-1.,0.));
#6365=DIRECTION('ref_axis',(0.,0.,-1.));
#6366=DIRECTION('',(1.,0.,0.));
#6367=DIRECTION('',(-1.,0.,0.));
#6368=DIRECTION('center_axis',(0.,0.,1.));
#6369=DIRECTION('ref_axis',(1.,0.,0.));
#6370=DIRECTION('',(0.,0.,-1.));
#6371=DIRECTION('center_axis',(0.,0.,-1.));
#6372=DIRECTION('ref_axis',(1.,0.,0.));
#6373=DIRECTION('',(0.,0.,-1.));
#6374=DIRECTION('center_axis',(0.,0.,1.));
#6375=DIRECTION('ref_axis',(1.,0.,0.));
#6376=DIRECTION('center_axis',(0.,0.,1.));
#6377=DIRECTION('ref_axis',(1.,0.,0.));
#6378=DIRECTION('',(-1.,0.,0.));
#6379=DIRECTION('center_axis',(0.,0.,1.));
#6380=DIRECTION('ref_axis',(1.,0.,0.));
#6381=DIRECTION('',(0.,-1.,0.));
#6382=DIRECTION('center_axis',(0.,0.,1.));
#6383=DIRECTION('ref_axis',(1.,0.,0.));
#6384=DIRECTION('',(1.,0.,0.));
#6385=DIRECTION('center_axis',(0.,0.,1.));
#6386=DIRECTION('ref_axis',(1.,0.,0.));
#6387=DIRECTION('',(0.,1.,0.));
#6388=DIRECTION('center_axis',(0.,0.,1.));
#6389=DIRECTION('ref_axis',(1.,0.,0.));
#6390=DIRECTION('',(0.,0.,-1.));
#6391=DIRECTION('center_axis',(0.,0.,-1.));
#6392=DIRECTION('ref_axis',(1.,0.,0.));
#6393=DIRECTION('',(0.,0.,-1.));
#6394=DIRECTION('center_axis',(0.,0.,1.));
#6395=DIRECTION('ref_axis',(1.,0.,0.));
#6396=DIRECTION('',(0.,0.,-1.));
#6397=DIRECTION('',(0.,0.,-1.));
#6398=DIRECTION('center_axis',(0.,0.,-1.));
#6399=DIRECTION('ref_axis',(1.,0.,0.));
#6400=DIRECTION('center_axis',(0.,0.,1.));
#6401=DIRECTION('ref_axis',(1.,0.,0.));
#6402=DIRECTION('',(0.,-1.,0.));
#6403=DIRECTION('',(-1.,0.,0.));
#6404=DIRECTION('center_axis',(0.,0.,-1.));
#6405=DIRECTION('ref_axis',(1.,0.,0.));
#6406=DIRECTION('',(0.,1.,0.));
#6407=DIRECTION('',(1.,0.,0.));
#6408=DIRECTION('center_axis',(0.,0.,1.));
#6409=DIRECTION('ref_axis',(1.,0.,0.));
#6410=DIRECTION('',(0.,0.,-1.));
#6411=DIRECTION('',(0.,0.,-1.));
#6412=DIRECTION('center_axis',(1.,0.,0.));
#6413=DIRECTION('ref_axis',(0.,0.,-1.));
#6414=DIRECTION('center_axis',(-1.,0.,0.));
#6415=DIRECTION('ref_axis',(0.,0.,1.));
#6416=DIRECTION('center_axis',(0.,1.,0.));
#6417=DIRECTION('ref_axis',(0.,0.,1.));
#6418=DIRECTION('center_axis',(0.,-1.,0.));
#6419=DIRECTION('ref_axis',(0.,0.,-1.));
#6420=DIRECTION('axis',(0.,0.,1.));
#6421=DIRECTION('refdir',(1.,0.,0.));
#6422=DIRECTION('center_axis',(0.,0.,1.));
#6423=DIRECTION('ref_axis',(1.,0.,0.));
#6424=DIRECTION('',(0.,1.,0.));
#6425=DIRECTION('',(1.,0.,0.));
#6426=DIRECTION('',(0.,-1.,0.));
#6427=DIRECTION('',(-1.,0.,0.));
#6428=DIRECTION('center_axis',(0.,1.,0.));
#6429=DIRECTION('ref_axis',(0.,0.,1.));
#6430=DIRECTION('',(0.,0.,1.));
#6431=DIRECTION('',(1.,0.,0.));
#6432=DIRECTION('',(0.,0.,-1.));
#6433=DIRECTION('center_axis',(-1.,0.,0.));
#6434=DIRECTION('ref_axis',(0.,0.,1.));
#6435=DIRECTION('',(0.,0.,-1.));
#6436=DIRECTION('',(0.,1.,0.));
#6437=DIRECTION('',(0.,0.,-1.));
#6438=DIRECTION('',(0.,-1.,0.));
#6439=DIRECTION('',(0.,0.,-1.));
#6440=DIRECTION('',(0.,-1.,0.));
#6441=DIRECTION('center_axis',(0.,-1.,0.));
#6442=DIRECTION('ref_axis',(0.,0.,-1.));
#6443=DIRECTION('',(0.,0.,-1.));
#6444=DIRECTION('',(-1.,0.,0.));
#6445=DIRECTION('',(0.,0.,-1.));
#6446=DIRECTION('',(1.,0.,0.));
#6447=DIRECTION('',(0.,0.,-1.));
#6448=DIRECTION('',(-1.,0.,0.));
#6449=DIRECTION('',(0.,0.,-1.));
#6450=DIRECTION('',(-1.,0.,0.));
#6451=DIRECTION('',(0.,0.,-1.));
#6452=DIRECTION('',(1.,0.,0.));
#6453=DIRECTION('center_axis',(0.,0.,1.));
#6454=DIRECTION('ref_axis',(1.,0.,0.));
#6455=DIRECTION('center_axis',(0.,0.,-1.));
#6456=DIRECTION('ref_axis',(1.,0.,0.));
#6457=DIRECTION('',(0.,0.,1.));
#6458=DIRECTION('center_axis',(0.,0.,-1.));
#6459=DIRECTION('ref_axis',(1.,0.,0.));
#6460=DIRECTION('center_axis',(0.,0.,-1.));
#6461=DIRECTION('ref_axis',(-1.,0.,0.));
#6462=DIRECTION('center_axis',(0.,0.,1.));
#6463=DIRECTION('ref_axis',(1.,0.,0.));
#6464=DIRECTION('center_axis',(0.,0.,1.));
#6465=DIRECTION('ref_axis',(1.,0.,0.));
#6466=DIRECTION('',(0.,0.,-1.));
#6467=DIRECTION('center_axis',(0.,0.,1.));
#6468=DIRECTION('ref_axis',(1.,0.,0.));
#6469=DIRECTION('center_axis',(0.,0.,-1.));
#6470=DIRECTION('ref_axis',(1.,0.,0.));
#6471=DIRECTION('',(0.,0.,1.));
#6472=DIRECTION('center_axis',(0.,0.,-1.));
#6473=DIRECTION('ref_axis',(1.,0.,0.));
#6474=DIRECTION('',(0.,0.,1.));
#6475=DIRECTION('center_axis',(0.,0.,-1.));
#6476=DIRECTION('ref_axis',(1.,0.,0.));
#6477=DIRECTION('',(0.,0.,-1.));
#6478=DIRECTION('center_axis',(0.,0.,-1.));
#6479=DIRECTION('ref_axis',(1.,0.,0.));
#6480=DIRECTION('',(0.,0.,-1.));
#6481=DIRECTION('center_axis',(0.,0.,-1.));
#6482=DIRECTION('ref_axis',(1.,0.,0.));
#6483=DIRECTION('center_axis',(0.,0.,1.));
#6484=DIRECTION('ref_axis',(1.,0.,0.));
#6485=DIRECTION('center_axis',(0.,0.,1.));
#6486=DIRECTION('ref_axis',(1.,0.,0.));
#6487=DIRECTION('',(0.,-1.,0.));
#6488=DIRECTION('center_axis',(0.,0.,1.));
#6489=DIRECTION('ref_axis',(1.,0.,0.));
#6490=DIRECTION('center_axis',(1.,0.,0.));
#6491=DIRECTION('ref_axis',(0.,0.,-1.));
#6492=DIRECTION('',(0.,-1.,0.));
#6493=DIRECTION('',(0.,0.,-1.));
#6494=DIRECTION('',(0.,1.,0.));
#6495=DIRECTION('',(0.,0.,1.));
#6496=DIRECTION('',(0.,-1.,0.));
#6497=DIRECTION('center_axis',(0.,0.,1.));
#6498=DIRECTION('ref_axis',(1.,0.,0.));
#6499=DIRECTION('',(0.,-1.,0.));
#6500=DIRECTION('',(-1.,0.,0.));
#6501=DIRECTION('',(0.,-1.,0.));
#6502=DIRECTION('',(-1.,0.,0.));
#6503=DIRECTION('',(0.,1.,0.));
#6504=DIRECTION('',(1.,0.,0.));
#6505=DIRECTION('',(0.,-1.,0.));
#6506=DIRECTION('',(0.,-1.,0.));
#6507=DIRECTION('',(-1.,0.,0.));
#6508=DIRECTION('center_axis',(0.,0.,-1.));
#6509=DIRECTION('ref_axis',(1.,0.,0.));
#6510=DIRECTION('',(1.,0.,0.));
#6511=DIRECTION('center_axis',(0.,0.,-1.));
#6512=DIRECTION('ref_axis',(1.,0.,0.));
#6513=DIRECTION('',(-1.,0.,0.));
#6514=DIRECTION('',(0.,-1.,0.));
#6515=DIRECTION('',(1.,0.,0.));
#6516=DIRECTION('',(0.,-1.,0.));
#6517=DIRECTION('',(-1.,0.,0.));
#6518=DIRECTION('',(0.,-1.,0.));
#6519=DIRECTION('',(1.,0.,0.));
#6520=DIRECTION('',(0.,-1.,0.));
#6521=DIRECTION('',(-1.,0.,0.));
#6522=DIRECTION('',(0.,-1.,0.));
#6523=DIRECTION('',(1.,0.,0.));
#6524=DIRECTION('',(0.,1.,0.));
#6525=DIRECTION('',(-1.,0.,0.));
#6526=DIRECTION('',(0.,1.,0.));
#6527=DIRECTION('',(1.,0.,0.));
#6528=DIRECTION('',(0.,1.,0.));
#6529=DIRECTION('',(1.,0.,0.));
#6530=DIRECTION('',(0.,-1.,0.));
#6531=DIRECTION('center_axis',(0.,0.,1.));
#6532=DIRECTION('ref_axis',(1.,0.,0.));
#6533=DIRECTION('',(1.,0.,0.));
#6534=DIRECTION('center_axis',(0.,0.,1.));
#6535=DIRECTION('ref_axis',(1.,0.,0.));
#6536=DIRECTION('',(-1.,0.,0.));
#6537=DIRECTION('center_axis',(0.,0.,1.));
#6538=DIRECTION('ref_axis',(1.,0.,0.));
#6539=DIRECTION('',(1.,0.,0.));
#6540=DIRECTION('center_axis',(0.,0.,1.));
#6541=DIRECTION('ref_axis',(1.,0.,0.));
#6542=DIRECTION('',(-1.,0.,0.));
#6543=DIRECTION('center_axis',(0.,0.,1.));
#6544=DIRECTION('ref_axis',(1.,0.,0.));
#6545=DIRECTION('',(0.,1.,0.));
#6546=DIRECTION('',(0.,-1.,0.));
#6547=DIRECTION('',(-1.,0.,0.));
#6548=DIRECTION('center_axis',(0.,0.,1.));
#6549=DIRECTION('ref_axis',(1.,0.,0.));
#6550=DIRECTION('',(-1.,0.,0.));
#6551=DIRECTION('',(0.,-1.,0.));
#6552=DIRECTION('',(1.,0.,0.));
#6553=DIRECTION('center_axis',(0.,0.,-1.));
#6554=DIRECTION('ref_axis',(1.,0.,0.));
#6555=DIRECTION('center_axis',(0.,0.,1.));
#6556=DIRECTION('ref_axis',(1.,0.,0.));
#6557=DIRECTION('',(-1.,0.,0.));
#6558=DIRECTION('',(0.,-1.,0.));
#6559=DIRECTION('',(1.,0.,0.));
#6560=DIRECTION('center_axis',(0.,0.,1.));
#6561=DIRECTION('ref_axis',(1.,0.,0.));
#6562=DIRECTION('',(1.,0.,0.));
#6563=DIRECTION('',(0.,1.,0.));
#6564=DIRECTION('center_axis',(0.,0.,-1.));
#6565=DIRECTION('ref_axis',(1.,0.,0.));
#6566=DIRECTION('center_axis',(-1.,0.,0.));
#6567=DIRECTION('ref_axis',(0.,0.,1.));
#6568=DIRECTION('',(0.,1.,0.));
#6569=DIRECTION('center_axis',(-1.,0.,0.));
#6570=DIRECTION('ref_axis',(0.,0.,1.));
#6571=DIRECTION('',(0.,-1.,0.));
#6572=DIRECTION('center_axis',(-1.,0.,0.));
#6573=DIRECTION('ref_axis',(0.,0.,1.));
#6574=DIRECTION('',(0.,0.,-1.));
#6575=DIRECTION('',(0.,-1.,0.));
#6576=DIRECTION('center_axis',(0.,0.,1.));
#6577=DIRECTION('ref_axis',(1.,0.,0.));
#6578=DIRECTION('center_axis',(0.,0.,1.));
#6579=DIRECTION('ref_axis',(1.,0.,0.));
#6580=DIRECTION('center_axis',(0.,0.,-1.));
#6581=DIRECTION('ref_axis',(1.,0.,0.));
#6582=DIRECTION('',(0.,0.,1.));
#6583=DIRECTION('center_axis',(0.,0.,-1.));
#6584=DIRECTION('ref_axis',(1.,0.,0.));
#6585=DIRECTION('center_axis',(0.,0.,-1.));
#6586=DIRECTION('ref_axis',(-1.,0.,0.));
#6587=DIRECTION('center_axis',(0.,1.,0.));
#6588=DIRECTION('ref_axis',(0.,0.,1.));
#6589=DIRECTION('',(0.,0.,-1.));
#6590=DIRECTION('',(-1.,0.,0.));
#6591=DIRECTION('',(0.,0.,-1.));
#6592=DIRECTION('',(1.,0.,0.));
#6593=DIRECTION('',(0.,0.,-1.));
#6594=DIRECTION('center_axis',(-1.,0.,0.));
#6595=DIRECTION('ref_axis',(0.,0.,1.));
#6596=DIRECTION('',(0.,-1.,0.));
#6597=DIRECTION('',(0.,0.,-1.));
#6598=DIRECTION('',(0.,1.,0.));
#6599=DIRECTION('center_axis',(0.,0.,1.));
#6600=DIRECTION('ref_axis',(1.,0.,0.));
#6601=DIRECTION('',(-1.,0.,0.));
#6602=DIRECTION('',(0.,-1.,0.));
#6603=DIRECTION('center_axis',(1.,0.,0.));
#6604=DIRECTION('ref_axis',(0.,0.,-1.));
#6605=DIRECTION('',(0.,0.,-1.));
#6606=DIRECTION('center_axis',(0.,-1.,0.));
#6607=DIRECTION('ref_axis',(0.,0.,-1.));
#6608=DIRECTION('',(0.,0.,1.));
#6609=DIRECTION('',(1.,0.,0.));
#6610=DIRECTION('center_axis',(1.,0.,0.));
#6611=DIRECTION('ref_axis',(0.,0.,-1.));
#6612=DIRECTION('',(0.,-1.,0.));
#6613=DIRECTION('',(0.,0.,-1.));
#6614=DIRECTION('center_axis',(1.,0.,0.));
#6615=DIRECTION('ref_axis',(0.,0.,-1.));
#6616=DIRECTION('',(0.,0.,-1.));
#6617=DIRECTION('',(0.,-1.,0.));
#6618=DIRECTION('center_axis',(0.,0.,1.));
#6619=DIRECTION('ref_axis',(1.,0.,0.));
#6620=DIRECTION('center_axis',(0.,0.,-1.));
#6621=DIRECTION('ref_axis',(1.,0.,0.));
#6622=DIRECTION('',(0.,0.,1.));
#6623=DIRECTION('center_axis',(0.,0.,-1.));
#6624=DIRECTION('ref_axis',(1.,0.,0.));
#6625=DIRECTION('center_axis',(0.,0.,-1.));
#6626=DIRECTION('ref_axis',(-1.,0.,0.));
#6627=DIRECTION('center_axis',(0.,1.,0.));
#6628=DIRECTION('ref_axis',(0.,0.,1.));
#6629=DIRECTION('',(-1.,0.,0.));
#6630=DIRECTION('',(0.,0.,1.));
#6631=DIRECTION('',(0.,0.,-1.));
#6632=DIRECTION('',(1.,0.,0.));
#6633=DIRECTION('',(0.,0.,-1.));
#6634=DIRECTION('center_axis',(0.,0.,1.));
#6635=DIRECTION('ref_axis',(1.,0.,0.));
#6636=DIRECTION('',(0.,1.,0.));
#6637=DIRECTION('',(-1.,0.,0.));
#6638=DIRECTION('',(0.,-1.,0.));
#6639=DIRECTION('center_axis',(0.,-1.,0.));
#6640=DIRECTION('ref_axis',(0.,0.,-1.));
#6641=DIRECTION('',(1.,0.,0.));
#6642=DIRECTION('',(0.,0.,-1.));
#6643=DIRECTION('',(0.,0.,-1.));
#6644=DIRECTION('',(0.,0.,-1.));
#6645=DIRECTION('center_axis',(-1.,0.,0.));
#6646=DIRECTION('ref_axis',(0.,0.,1.));
#6647=DIRECTION('center_axis',(0.,0.,1.));
#6648=DIRECTION('ref_axis',(1.,0.,0.));
#6649=DIRECTION('',(0.,-1.,0.));
#6650=DIRECTION('',(1.,0.,0.));
#6651=DIRECTION('',(0.,1.,0.));
#6652=DIRECTION('center_axis',(0.,0.,1.));
#6653=DIRECTION('ref_axis',(1.,0.,0.));
#6654=DIRECTION('',(0.,1.,0.));
#6655=DIRECTION('',(1.,0.,0.));
#6656=DIRECTION('center_axis',(0.,0.,-1.));
#6657=DIRECTION('ref_axis',(1.,0.,0.));
#6658=DIRECTION('',(1.,0.,0.));
#6659=DIRECTION('',(0.,1.,0.));
#6660=DIRECTION('',(0.,1.,0.));
#6661=DIRECTION('',(-1.,0.,0.));
#6662=DIRECTION('',(0.,-1.,0.));
#6663=DIRECTION('center_axis',(0.,0.,-1.));
#6664=DIRECTION('ref_axis',(1.,0.,0.));
#6665=DIRECTION('',(1.,0.,0.));
#6666=DIRECTION('center_axis',(0.,0.,-1.));
#6667=DIRECTION('ref_axis',(1.,0.,0.));
#6668=DIRECTION('',(-1.,0.,0.));
#6669=DIRECTION('center_axis',(1.,0.,0.));
#6670=DIRECTION('ref_axis',(0.,0.,-1.));
#6671=DIRECTION('',(0.,0.,-1.));
#6672=DIRECTION('',(0.,-1.,0.));
#6673=DIRECTION('',(0.,0.,-1.));
#6674=DIRECTION('',(0.,-1.,0.));
#6675=DIRECTION('',(0.,0.,-1.));
#6676=DIRECTION('',(0.,0.,-1.));
#6677=DIRECTION('center_axis',(-1.,0.,0.));
#6678=DIRECTION('ref_axis',(0.,0.,1.));
#6679=DIRECTION('',(0.,0.,-1.));
#6680=DIRECTION('center_axis',(-1.,0.,0.));
#6681=DIRECTION('ref_axis',(0.,0.,1.));
#6682=DIRECTION('',(0.,0.,-1.));
#6683=DIRECTION('center_axis',(0.,0.,1.));
#6684=DIRECTION('ref_axis',(1.,0.,0.));
#6685=DIRECTION('center_axis',(0.,0.,-1.));
#6686=DIRECTION('ref_axis',(1.,0.,0.));
#6687=DIRECTION('',(0.,0.,1.));
#6688=DIRECTION('center_axis',(0.,0.,-1.));
#6689=DIRECTION('ref_axis',(1.,0.,0.));
#6690=DIRECTION('center_axis',(0.,0.,-1.));
#6691=DIRECTION('ref_axis',(-1.,0.,0.));
#6692=DIRECTION('center_axis',(0.,-1.,0.));
#6693=DIRECTION('ref_axis',(0.,0.,-1.));
#6694=DIRECTION('',(-1.,0.,0.));
#6695=DIRECTION('',(0.,0.,-1.));
#6696=DIRECTION('center_axis',(0.,0.,1.));
#6697=DIRECTION('ref_axis',(1.,0.,0.));
#6698=DIRECTION('',(0.,1.,0.));
#6699=DIRECTION('',(1.,0.,0.));
#6700=DIRECTION('center_axis',(0.,1.,0.));
#6701=DIRECTION('ref_axis',(0.,0.,1.));
#6702=DIRECTION('',(0.,0.,1.));
#6703=DIRECTION('',(0.,0.,-1.));
#6704=DIRECTION('',(-1.,0.,0.));
#6705=DIRECTION('center_axis',(-1.,0.,0.));
#6706=DIRECTION('ref_axis',(0.,0.,1.));
#6707=DIRECTION('center_axis',(-1.,0.,0.));
#6708=DIRECTION('ref_axis',(0.,0.,1.));
#6709=DIRECTION('',(0.,1.,0.));
#6710=DIRECTION('',(0.,0.,1.));
#6711=DIRECTION('center_axis',(0.,0.,1.));
#6712=DIRECTION('ref_axis',(1.,0.,0.));
#6713=DIRECTION('',(-1.,0.,0.));
#6714=DIRECTION('',(-1.,0.,0.));
#6715=DIRECTION('',(1.,0.,0.));
#6716=DIRECTION('',(0.,1.,0.));
#6717=DIRECTION('',(1.,0.,0.));
#6718=DIRECTION('',(0.,1.,0.));
#6719=DIRECTION('center_axis',(0.,0.,-1.));
#6720=DIRECTION('ref_axis',(1.,0.,0.));
#6721=DIRECTION('',(1.,0.,0.));
#6722=DIRECTION('center_axis',(0.,0.,-1.));
#6723=DIRECTION('ref_axis',(1.,0.,0.));
#6724=DIRECTION('',(-1.,0.,0.));
#6725=DIRECTION('center_axis',(0.,0.,1.));
#6726=DIRECTION('ref_axis',(1.,0.,0.));
#6727=DIRECTION('center_axis',(0.,0.,-1.));
#6728=DIRECTION('ref_axis',(1.,0.,0.));
#6729=DIRECTION('',(0.,0.,1.));
#6730=DIRECTION('center_axis',(0.,0.,-1.));
#6731=DIRECTION('ref_axis',(-1.,0.,0.));
#6732=DIRECTION('center_axis',(0.,0.,1.));
#6733=DIRECTION('ref_axis',(-1.83697019872103E-16,1.,0.));
#6734=DIRECTION('',(0.,0.,-1.));
#6735=DIRECTION('',(0.,0.,1.));
#6736=DIRECTION('',(0.,0.,-1.));
#6737=DIRECTION('',(0.,0.,1.));
#6738=DIRECTION('center_axis',(0.,-1.,0.));
#6739=DIRECTION('ref_axis',(0.,0.,-1.));
#6740=DIRECTION('',(0.,0.,1.));
#6741=DIRECTION('',(1.,0.,0.));
#6742=DIRECTION('',(0.,0.,-1.));
#6743=DIRECTION('center_axis',(0.,1.,0.));
#6744=DIRECTION('ref_axis',(0.,0.,1.));
#6745=DIRECTION('',(0.,0.,1.));
#6746=DIRECTION('center_axis',(0.,0.,1.));
#6747=DIRECTION('ref_axis',(1.,0.,0.));
#6748=DIRECTION('center_axis',(0.,0.,-1.));
#6749=DIRECTION('ref_axis',(1.,0.,0.));
#6750=DIRECTION('',(0.,0.,1.));
#6751=DIRECTION('center_axis',(0.,0.,-1.));
#6752=DIRECTION('ref_axis',(-1.,0.,0.));
#6753=DIRECTION('center_axis',(0.,0.,1.));
#6754=DIRECTION('ref_axis',(1.,0.,0.));
#6755=DIRECTION('',(1.,0.,0.));
#6756=DIRECTION('',(0.,-1.,0.));
#6757=DIRECTION('',(1.,0.,0.));
#6758=DIRECTION('center_axis',(0.,0.,1.));
#6759=DIRECTION('ref_axis',(1.,0.,0.));
#6760=DIRECTION('center_axis',(0.,0.,1.));
#6761=DIRECTION('ref_axis',(1.,0.,0.));
#6762=DIRECTION('',(1.,0.,0.));
#6763=DIRECTION('center_axis',(0.,0.,1.));
#6764=DIRECTION('ref_axis',(1.,0.,0.));
#6765=DIRECTION('',(1.,0.,0.));
#6766=DIRECTION('',(0.,1.,0.));
#6767=DIRECTION('center_axis',(1.,0.,0.));
#6768=DIRECTION('ref_axis',(0.,0.,-1.));
#6769=DIRECTION('',(0.,0.,1.));
#6770=DIRECTION('',(0.,1.,0.));
#6771=DIRECTION('',(0.,0.,-1.));
#6772=DIRECTION('center_axis',(0.,1.,0.));
#6773=DIRECTION('ref_axis',(0.,0.,1.));
#6774=DIRECTION('',(0.,0.,-1.));
#6775=DIRECTION('',(-1.,0.,0.));
#6776=DIRECTION('center_axis',(0.,1.,0.));
#6777=DIRECTION('ref_axis',(0.,0.,1.));
#6778=DIRECTION('',(0.,0.,1.));
#6779=DIRECTION('',(-1.,0.,0.));
#6780=DIRECTION('',(0.,0.,-1.));
#6781=DIRECTION('center_axis',(-1.,0.,0.));
#6782=DIRECTION('ref_axis',(0.,0.,1.));
#6783=DIRECTION('',(0.,0.,-1.));
#6784=DIRECTION('',(0.,-1.,0.));
#6785=DIRECTION('center_axis',(0.,1.,0.));
#6786=DIRECTION('ref_axis',(0.,0.,1.));
#6787=DIRECTION('',(-1.,0.,0.));
#6788=DIRECTION('',(0.,0.,1.));
#6789=DIRECTION('',(0.,0.,-1.));
#6790=DIRECTION('',(-1.,0.,0.));
#6791=DIRECTION('',(0.,0.,-1.));
#6792=DIRECTION('center_axis',(0.,0.,-1.));
#6793=DIRECTION('ref_axis',(-1.,0.,0.));
#6794=DIRECTION('center_axis',(0.,0.,-1.));
#6795=DIRECTION('ref_axis',(1.,0.,0.));
#6796=DIRECTION('center_axis',(0.,0.,1.));
#6797=DIRECTION('ref_axis',(6.12323399573677E-17,-1.,0.));
#6798=DIRECTION('center_axis',(0.,1.,0.));
#6799=DIRECTION('ref_axis',(0.,0.,1.));
#6800=DIRECTION('',(0.,0.,-1.));
#6801=DIRECTION('',(-1.,0.,0.));
#6802=DIRECTION('center_axis',(0.,0.,1.));
#6803=DIRECTION('ref_axis',(1.,0.,0.));
#6804=DIRECTION('',(-1.,0.,0.));
#6805=DIRECTION('',(0.,1.,0.));
#6806=DIRECTION('',(0.,1.,0.));
#6807=DIRECTION('center_axis',(0.,0.,1.));
#6808=DIRECTION('ref_axis',(1.,0.,0.));
#6809=DIRECTION('',(0.,-1.,0.));
#6810=DIRECTION('',(1.,0.,0.));
#6811=DIRECTION('center_axis',(0.,-1.,0.));
#6812=DIRECTION('ref_axis',(0.,0.,-1.));
#6813=DIRECTION('',(0.,0.,-1.));
#6814=DIRECTION('center_axis',(0.,0.,1.));
#6815=DIRECTION('ref_axis',(1.,0.,0.));
#6816=DIRECTION('',(0.,1.,0.));
#6817=DIRECTION('',(1.,0.,0.));
#6818=DIRECTION('center_axis',(1.,0.,0.));
#6819=DIRECTION('ref_axis',(0.,0.,-1.));
#6820=DIRECTION('',(0.,0.,-1.));
#6821=DIRECTION('center_axis',(0.,-1.,0.));
#6822=DIRECTION('ref_axis',(0.,0.,-1.));
#6823=DIRECTION('center_axis',(0.,0.,1.));
#6824=DIRECTION('ref_axis',(1.,0.,0.));
#6825=DIRECTION('',(0.,0.,-1.));
#6826=DIRECTION('',(0.,0.,-1.));
#6827=DIRECTION('center_axis',(0.,-1.,0.));
#6828=DIRECTION('ref_axis',(0.,0.,-1.));
#6829=DIRECTION('',(0.,0.,-1.));
#6830=DIRECTION('center_axis',(0.,0.,1.));
#6831=DIRECTION('ref_axis',(-1.,1.22464679914735E-16,0.));
#6832=DIRECTION('',(0.,0.,-1.));
#6833=DIRECTION('center_axis',(0.,1.,0.));
#6834=DIRECTION('ref_axis',(0.,0.,1.));
#6835=DIRECTION('center_axis',(0.,0.,1.));
#6836=DIRECTION('ref_axis',(1.,0.,0.));
#6837=DIRECTION('',(0.,0.,-1.));
#6838=DIRECTION('',(0.,0.,-1.));
#6839=DIRECTION('center_axis',(0.,-1.,0.));
#6840=DIRECTION('ref_axis',(0.,0.,-1.));
#6841=DIRECTION('',(0.,0.,-1.));
#6842=DIRECTION('center_axis',(0.,0.,1.));
#6843=DIRECTION('ref_axis',(-1.,1.22464679914735E-16,0.));
#6844=DIRECTION('',(0.,0.,-1.));
#6845=DIRECTION('center_axis',(0.,1.,0.));
#6846=DIRECTION('ref_axis',(0.,0.,1.));
#6847=DIRECTION('center_axis',(0.,1.,0.));
#6848=DIRECTION('ref_axis',(0.,0.,1.));
#6849=DIRECTION('',(0.,0.,1.));
#6850=DIRECTION('',(0.,0.,-1.));
#6851=DIRECTION('center_axis',(1.,0.,0.));
#6852=DIRECTION('ref_axis',(0.,0.,-1.));
#6853=DIRECTION('center_axis',(-1.,0.,0.));
#6854=DIRECTION('ref_axis',(0.,0.,1.));
#6855=DIRECTION('center_axis',(-1.,0.,0.));
#6856=DIRECTION('ref_axis',(0.,0.,1.));
#6857=DIRECTION('',(0.,0.,-1.));
#6858=DIRECTION('center_axis',(0.,-1.,0.));
#6859=DIRECTION('ref_axis',(0.,0.,-1.));
#6860=DIRECTION('center_axis',(0.,1.,0.));
#6861=DIRECTION('ref_axis',(0.,0.,1.));
#6862=DIRECTION('center_axis',(0.,-1.,0.));
#6863=DIRECTION('ref_axis',(0.,0.,-1.));
#6864=DIRECTION('center_axis',(0.,1.,0.));
#6865=DIRECTION('ref_axis',(0.,0.,1.));
#6866=DIRECTION('',(0.,0.,-1.));
#6867=DIRECTION('center_axis',(-1.,0.,0.));
#6868=DIRECTION('ref_axis',(0.,0.,1.));
#6869=DIRECTION('axis',(0.,0.,1.));
#6870=DIRECTION('refdir',(1.,0.,0.));
#6871=DIRECTION('center_axis',(0.,-1.,0.));
#6872=DIRECTION('ref_axis',(0.,0.,-1.));
#6873=DIRECTION('',(1.,0.,0.));
#6874=DIRECTION('',(0.,0.,-1.));
#6875=DIRECTION('',(-1.,0.,0.));
#6876=DIRECTION('',(0.,0.,-1.));
#6877=DIRECTION('center_axis',(0.,1.,0.));
#6878=DIRECTION('ref_axis',(0.,0.,1.));
#6879=DIRECTION('',(-1.,0.,0.));
#6880=DIRECTION('',(0.,0.,1.));
#6881=DIRECTION('',(1.,0.,0.));
#6882=DIRECTION('',(0.,0.,-1.));
#6883=DIRECTION('center_axis',(1.,0.,0.));
#6884=DIRECTION('ref_axis',(0.,0.,-1.));
#6885=DIRECTION('',(0.,1.,0.));
#6886=DIRECTION('',(0.,-1.,0.));
#6887=DIRECTION('center_axis',(0.,0.,1.));
#6888=DIRECTION('ref_axis',(1.,0.,0.));
#6889=DIRECTION('',(0.,-1.,0.));
#6890=DIRECTION('',(-1.,0.,0.));
#6891=DIRECTION('',(0.,1.,0.));
#6892=DIRECTION('',(1.,0.,0.));
#6893=DIRECTION('',(0.,-1.,0.));
#6894=DIRECTION('',(1.,0.,0.));
#6895=DIRECTION('',(0.,1.,0.));
#6896=DIRECTION('',(-1.,0.,0.));
#6897=DIRECTION('',(0.,-1.,0.));
#6898=DIRECTION('center_axis',(0.,0.,1.));
#6899=DIRECTION('ref_axis',(1.,0.,0.));
#6900=DIRECTION('center_axis',(0.,0.,1.));
#6901=DIRECTION('ref_axis',(1.,0.,0.));
#6902=DIRECTION('center_axis',(-1.,0.,0.));
#6903=DIRECTION('ref_axis',(0.,0.,1.));
#6904=DIRECTION('',(0.,1.,0.));
#6905=DIRECTION('',(0.,0.,-1.));
#6906=DIRECTION('center_axis',(-1.,0.,0.));
#6907=DIRECTION('ref_axis',(0.,0.,1.));
#6908=DIRECTION('',(0.,0.,-1.));
#6909=DIRECTION('',(0.,1.,0.));
#6910=DIRECTION('center_axis',(0.,0.,1.));
#6911=DIRECTION('ref_axis',(1.,0.,0.));
#6912=DIRECTION('',(0.,0.,1.));
#6913=DIRECTION('center_axis',(0.,0.,-1.));
#6914=DIRECTION('ref_axis',(1.,0.,0.));
#6915=DIRECTION('center_axis',(0.,0.,1.));
#6916=DIRECTION('ref_axis',(1.,0.,0.));
#6917=DIRECTION('',(0.,0.,1.));
#6918=DIRECTION('center_axis',(0.,0.,-1.));
#6919=DIRECTION('ref_axis',(1.,0.,0.));
#6920=DIRECTION('center_axis',(0.,-1.,0.));
#6921=DIRECTION('ref_axis',(0.,0.,-1.));
#6922=DIRECTION('',(1.,0.,0.));
#6923=DIRECTION('',(0.,0.,-1.));
#6924=DIRECTION('',(0.,0.,-1.));
#6925=DIRECTION('center_axis',(-1.,0.,0.));
#6926=DIRECTION('ref_axis',(0.,0.,1.));
#6927=DIRECTION('',(0.,-1.,0.));
#6928=DIRECTION('',(0.,0.,-1.));
#6929=DIRECTION('center_axis',(0.,1.,0.));
#6930=DIRECTION('ref_axis',(0.,0.,1.));
#6931=DIRECTION('',(-1.,0.,0.));
#6932=DIRECTION('',(0.,0.,-1.));
#6933=DIRECTION('center_axis',(1.,0.,0.));
#6934=DIRECTION('ref_axis',(0.,0.,-1.));
#6935=DIRECTION('',(0.,1.,0.));
#6936=DIRECTION('center_axis',(0.,0.,1.));
#6937=DIRECTION('ref_axis',(1.,0.,0.));
#6938=DIRECTION('',(-1.,0.,0.));
#6939=DIRECTION('',(0.,-1.,0.));
#6940=DIRECTION('',(1.,0.,0.));
#6941=DIRECTION('center_axis',(0.,1.,0.));
#6942=DIRECTION('ref_axis',(0.,0.,1.));
#6943=DIRECTION('',(0.,0.,-1.));
#6944=DIRECTION('center_axis',(1.,0.,0.));
#6945=DIRECTION('ref_axis',(0.,0.,-1.));
#6946=DIRECTION('',(0.,0.,-1.));
#6947=DIRECTION('center_axis',(0.,-1.,0.));
#6948=DIRECTION('ref_axis',(0.,0.,-1.));
#6949=DIRECTION('axis',(0.,0.,1.));
#6950=DIRECTION('refdir',(1.,0.,0.));
#6951=DIRECTION('center_axis',(1.,0.,0.));
#6952=DIRECTION('ref_axis',(0.,0.,-1.));
#6953=DIRECTION('center_axis',(1.,0.,0.));
#6954=DIRECTION('ref_axis',(0.,0.,-1.));
#6955=DIRECTION('',(1.,0.,0.));
#6956=DIRECTION('center_axis',(-1.,0.,0.));
#6957=DIRECTION('ref_axis',(0.,0.,-1.));
#6958=DIRECTION('',(-1.,0.,0.));
#6959=DIRECTION('center_axis',(0.,0.,1.));
#6960=DIRECTION('ref_axis',(1.,0.,0.));
#6961=DIRECTION('',(0.,-1.,0.));
#6962=DIRECTION('',(0.,1.,0.));
#6963=DIRECTION('',(1.,0.,0.));
#6964=DIRECTION('center_axis',(1.,0.,0.));
#6965=DIRECTION('ref_axis',(0.,0.,-1.));
#6966=DIRECTION('center_axis',(1.,0.,0.));
#6967=DIRECTION('ref_axis',(0.,0.,-1.));
#6968=DIRECTION('center_axis',(-1.,0.,0.));
#6969=DIRECTION('ref_axis',(0.,0.,-1.));
#6970=DIRECTION('',(-1.,0.,0.));
#6971=DIRECTION('center_axis',(0.,0.,1.));
#6972=DIRECTION('ref_axis',(1.,0.,0.));
#6973=DIRECTION('',(0.,1.,0.));
#6974=DIRECTION('',(0.,-1.,0.));
#6975=DIRECTION('center_axis',(1.,0.,0.));
#6976=DIRECTION('ref_axis',(0.,0.,-1.));
#6977=DIRECTION('center_axis',(1.,0.,0.));
#6978=DIRECTION('ref_axis',(0.,0.,-1.));
#6979=DIRECTION('',(1.,0.,0.));
#6980=DIRECTION('center_axis',(-1.,0.,0.));
#6981=DIRECTION('ref_axis',(0.,0.,-1.));
#6982=DIRECTION('',(-1.,0.,0.));
#6983=DIRECTION('center_axis',(0.,0.,1.));
#6984=DIRECTION('ref_axis',(1.,0.,0.));
#6985=DIRECTION('',(0.,-1.,0.));
#6986=DIRECTION('',(0.,1.,0.));
#6987=DIRECTION('',(1.,0.,0.));
#6988=DIRECTION('center_axis',(1.,0.,0.));
#6989=DIRECTION('ref_axis',(0.,0.,-1.));
#6990=DIRECTION('center_axis',(1.,0.,0.));
#6991=DIRECTION('ref_axis',(0.,0.,-1.));
#6992=DIRECTION('center_axis',(-1.,0.,0.));
#6993=DIRECTION('ref_axis',(0.,0.,-1.));
#6994=DIRECTION('',(-1.,0.,0.));
#6995=DIRECTION('center_axis',(0.,0.,1.));
#6996=DIRECTION('ref_axis',(1.,0.,0.));
#6997=DIRECTION('',(0.,1.,0.));
#6998=DIRECTION('',(0.,-1.,0.));
#6999=DIRECTION('center_axis',(1.,0.,0.));
#7000=DIRECTION('ref_axis',(0.,0.,-1.));
#7001=DIRECTION('',(1.,0.,0.));
#7002=DIRECTION('center_axis',(1.,0.,0.));
#7003=DIRECTION('ref_axis',(0.,0.,-1.));
#7004=DIRECTION('',(-1.,0.,0.));
#7005=DIRECTION('center_axis',(1.,0.,0.));
#7006=DIRECTION('ref_axis',(0.,0.,-1.));
#7007=DIRECTION('',(1.,0.,0.));
#7008=DIRECTION('center_axis',(-1.,0.,0.));
#7009=DIRECTION('ref_axis',(0.,0.,-1.));
#7010=DIRECTION('center_axis',(1.,0.,0.));
#7011=DIRECTION('ref_axis',(0.,0.,-1.));
#7012=DIRECTION('center_axis',(1.,0.,0.));
#7013=DIRECTION('ref_axis',(0.,-0.795972969882537,0.605332166018273));
#7014=DIRECTION('center_axis',(-1.,0.,0.));
#7015=DIRECTION('ref_axis',(0.,0.,-1.));
#7016=DIRECTION('',(-1.,0.,0.));
#7017=DIRECTION('center_axis',(1.,0.,0.));
#7018=DIRECTION('ref_axis',(0.,0.,-1.));
#7019=DIRECTION('center_axis',(1.,0.,0.));
#7020=DIRECTION('ref_axis',(0.,0.,-1.));
#7021=DIRECTION('center_axis',(-1.,0.,0.));
#7022=DIRECTION('ref_axis',(0.,0.,-1.));
#7023=DIRECTION('',(0.,0.,-1.));
#7024=DIRECTION('',(0.,0.,-1.));
#7025=DIRECTION('',(0.,1.,0.));
#7026=DIRECTION('',(0.,0.,-1.));
#7027=DIRECTION('',(0.,1.,0.));
#7028=DIRECTION('',(0.,0.,-1.));
#7029=DIRECTION('',(0.,1.,0.));
#7030=DIRECTION('',(0.,0.,-1.));
#7031=DIRECTION('',(0.,0.,-1.));
#7032=DIRECTION('center_axis',(1.,0.,0.));
#7033=DIRECTION('ref_axis',(0.,0.795972969882537,0.605332166018273));
#7034=DIRECTION('center_axis',(1.,0.,0.));
#7035=DIRECTION('ref_axis',(0.,0.,-1.));
#7036=DIRECTION('',(1.,0.,0.));
#7037=DIRECTION('center_axis',(1.,0.,0.));
#7038=DIRECTION('ref_axis',(0.,0.,-1.));
#7039=DIRECTION('',(-1.,0.,0.));
#7040=DIRECTION('center_axis',(1.,0.,0.));
#7041=DIRECTION('ref_axis',(0.,0.,-1.));
#7042=DIRECTION('',(1.,0.,0.));
#7043=DIRECTION('center_axis',(-1.,0.,0.));
#7044=DIRECTION('ref_axis',(0.,0.,-1.));
#7045=DIRECTION('center_axis',(-1.,0.,0.));
#7046=DIRECTION('ref_axis',(0.,0.,1.));
#7047=DIRECTION('',(0.,1.,0.));
#7048=DIRECTION('center_axis',(-1.,0.,0.));
#7049=DIRECTION('ref_axis',(0.,0.,-1.));
#7050=DIRECTION('',(0.,0.,-1.));
#7051=DIRECTION('',(0.,-1.,0.));
#7052=DIRECTION('',(0.,0.,-1.));
#7053=DIRECTION('center_axis',(0.,0.,1.));
#7054=DIRECTION('ref_axis',(1.,0.,0.));
#7055=DIRECTION('',(0.,-1.,0.));
#7056=DIRECTION('',(-1.,0.,0.));
#7057=DIRECTION('center_axis',(0.,-1.,0.));
#7058=DIRECTION('ref_axis',(0.,0.,-1.));
#7059=DIRECTION('',(0.,0.,1.));
#7060=DIRECTION('',(-1.,0.,0.));
#7061=DIRECTION('',(0.,0.,-1.));
#7062=DIRECTION('',(1.,0.,0.));
#7063=DIRECTION('',(0.,0.,-1.));
#7064=DIRECTION('center_axis',(1.,0.,0.));
#7065=DIRECTION('ref_axis',(0.,0.,-1.));
#7066=DIRECTION('',(0.,0.,-1.));
#7067=DIRECTION('',(0.,1.,0.));
#7068=DIRECTION('',(0.,0.,-1.));
#7069=DIRECTION('',(0.,-1.,0.));
#7070=DIRECTION('',(0.,0.,-1.));
#7071=DIRECTION('',(0.,1.,0.));
#7072=DIRECTION('center_axis',(1.,0.,0.));
#7073=DIRECTION('ref_axis',(0.,0.,-1.));
#7074=DIRECTION('',(1.,0.,0.));
#7075=DIRECTION('center_axis',(1.,0.,0.));
#7076=DIRECTION('ref_axis',(0.,0.,-1.));
#7077=DIRECTION('center_axis',(0.,1.,0.));
#7078=DIRECTION('ref_axis',(0.,0.,1.));
#7079=DIRECTION('',(0.,0.,-1.));
#7080=DIRECTION('',(-1.,0.,0.));
#7081=DIRECTION('',(0.,0.,-1.));
#7082=DIRECTION('',(1.,0.,0.));
#7083=DIRECTION('center_axis',(0.,0.,1.));
#7084=DIRECTION('ref_axis',(1.,0.,0.));
#7085=DIRECTION('center_axis',(0.,0.,-1.));
#7086=DIRECTION('ref_axis',(1.,0.,0.));
#7087=DIRECTION('center_axis',(-1.,0.,0.));
#7088=DIRECTION('ref_axis',(0.,0.,1.));
#7089=DIRECTION('',(0.,-1.,0.));
#7090=DIRECTION('',(0.,0.,-1.));
#7091=DIRECTION('',(0.,1.,0.));
#7092=DIRECTION('',(0.,0.,-1.));
#7093=DIRECTION('',(0.,-1.,0.));
#7094=DIRECTION('center_axis',(0.,0.,1.));
#7095=DIRECTION('ref_axis',(1.,0.,0.));
#7096=DIRECTION('center_axis',(0.,0.,1.));
#7097=DIRECTION('ref_axis',(1.,0.,0.));
#7098=DIRECTION('',(1.,0.,0.));
#7099=DIRECTION('center_axis',(0.,-1.,0.));
#7100=DIRECTION('ref_axis',(0.,0.,-1.));
#7101=DIRECTION('',(-1.,0.,0.));
#7102=DIRECTION('',(0.,0.,-1.));
#7103=DIRECTION('',(1.,0.,0.));
#7104=DIRECTION('',(0.,0.,-1.));
#7105=DIRECTION('center_axis',(0.,0.,1.));
#7106=DIRECTION('ref_axis',(1.,0.,0.));
#7107=DIRECTION('center_axis',(0.,0.,1.));
#7108=DIRECTION('ref_axis',(1.,0.,0.));
#7109=DIRECTION('',(0.,0.,-1.));
#7110=DIRECTION('center_axis',(0.,0.,-1.));
#7111=DIRECTION('ref_axis',(1.,0.,0.));
#7112=DIRECTION('center_axis',(-1.,0.,0.));
#7113=DIRECTION('ref_axis',(0.,0.,1.));
#7114=DIRECTION('',(0.,1.,0.));
#7115=DIRECTION('',(0.,0.,-1.));
#7116=DIRECTION('',(0.,-1.,0.));
#7117=DIRECTION('center_axis',(0.,0.,1.));
#7118=DIRECTION('ref_axis',(1.,0.,0.));
#7119=DIRECTION('center_axis',(0.,0.,1.));
#7120=DIRECTION('ref_axis',(1.,0.,0.));
#7121=DIRECTION('',(0.,0.,-1.));
#7122=DIRECTION('center_axis',(0.,0.,-1.));
#7123=DIRECTION('ref_axis',(1.,0.,0.));
#7124=DIRECTION('center_axis',(0.,0.,1.));
#7125=DIRECTION('ref_axis',(1.,0.,0.));
#7126=DIRECTION('center_axis',(0.,0.,1.));
#7127=DIRECTION('ref_axis',(1.,0.,0.));
#7128=DIRECTION('center_axis',(0.,0.,-1.));
#7129=DIRECTION('ref_axis',(1.,0.,0.));
#7130=DIRECTION('center_axis',(0.,0.,1.));
#7131=DIRECTION('ref_axis',(1.,0.,0.));
#7132=DIRECTION('',(-1.,0.,0.));
#7133=DIRECTION('center_axis',(0.,0.,-1.));
#7134=DIRECTION('ref_axis',(1.,0.,0.));
#7135=DIRECTION('center_axis',(0.,0.,1.));
#7136=DIRECTION('ref_axis',(1.,0.,0.));
#7137=DIRECTION('center_axis',(0.,0.,1.));
#7138=DIRECTION('ref_axis',(1.,0.,0.));
#7139=DIRECTION('',(0.,0.,-1.));
#7140=DIRECTION('center_axis',(0.,1.,0.));
#7141=DIRECTION('ref_axis',(0.,0.,1.));
#7142=DIRECTION('',(1.,0.,0.));
#7143=DIRECTION('center_axis',(0.,0.,1.));
#7144=DIRECTION('ref_axis',(1.,0.,0.));
#7145=DIRECTION('center_axis',(0.,0.,1.));
#7146=DIRECTION('ref_axis',(1.,0.,0.));
#7147=DIRECTION('',(0.,0.,-1.));
#7148=DIRECTION('center_axis',(0.,0.,-1.));
#7149=DIRECTION('ref_axis',(1.,0.,0.));
#7150=DIRECTION('',(0.,0.,-1.));
#7151=DIRECTION('center_axis',(-1.,0.,0.));
#7152=DIRECTION('ref_axis',(0.,0.,1.));
#7153=DIRECTION('',(0.,1.,0.));
#7154=DIRECTION('',(0.,0.,-1.));
#7155=DIRECTION('',(0.,-1.,0.));
#7156=DIRECTION('center_axis',(0.,0.,1.));
#7157=DIRECTION('ref_axis',(1.,0.,0.));
#7158=DIRECTION('center_axis',(0.,0.,1.));
#7159=DIRECTION('ref_axis',(1.,0.,0.));
#7160=DIRECTION('',(0.,0.,-1.));
#7161=DIRECTION('center_axis',(0.,0.,-1.));
#7162=DIRECTION('ref_axis',(1.,0.,0.));
#7163=DIRECTION('center_axis',(0.,1.,0.));
#7164=DIRECTION('ref_axis',(0.,0.,1.));
#7165=DIRECTION('',(1.,0.,0.));
#7166=DIRECTION('',(0.,0.,-1.));
#7167=DIRECTION('',(-1.,0.,0.));
#7168=DIRECTION('center_axis',(0.,0.,1.));
#7169=DIRECTION('ref_axis',(1.,0.,0.));
#7170=DIRECTION('center_axis',(0.,0.,1.));
#7171=DIRECTION('ref_axis',(1.,0.,0.));
#7172=DIRECTION('center_axis',(0.,0.,-1.));
#7173=DIRECTION('ref_axis',(1.,0.,0.));
#7174=DIRECTION('center_axis',(0.,0.,1.));
#7175=DIRECTION('ref_axis',(1.,0.,0.));
#7176=DIRECTION('center_axis',(0.,0.,1.));
#7177=DIRECTION('ref_axis',(1.,0.,0.));
#7178=DIRECTION('',(0.,0.,-1.));
#7179=DIRECTION('center_axis',(0.,0.,-1.));
#7180=DIRECTION('ref_axis',(1.,0.,0.));
#7181=DIRECTION('center_axis',(0.,0.,1.));
#7182=DIRECTION('ref_axis',(1.,0.,0.));
#7183=DIRECTION('',(1.,0.,0.));
#7184=DIRECTION('center_axis',(0.,-1.,0.));
#7185=DIRECTION('ref_axis',(0.,0.,-1.));
#7186=DIRECTION('',(-1.,0.,0.));
#7187=DIRECTION('center_axis',(0.,0.,1.));
#7188=DIRECTION('ref_axis',(1.,0.,0.));
#7189=DIRECTION('center_axis',(0.,0.,-1.));
#7190=DIRECTION('ref_axis',(1.,0.,0.));
#7191=DIRECTION('center_axis',(0.,0.,1.));
#7192=DIRECTION('ref_axis',(1.,0.,0.));
#7193=DIRECTION('center_axis',(0.,0.,1.));
#7194=DIRECTION('ref_axis',(1.,0.,0.));
#7195=DIRECTION('center_axis',(0.,0.,-1.));
#7196=DIRECTION('ref_axis',(1.,0.,0.));
#7197=DIRECTION('center_axis',(0.,0.,1.));
#7198=DIRECTION('ref_axis',(1.,0.,0.));
#7199=DIRECTION('center_axis',(0.,0.,-1.));
#7200=DIRECTION('ref_axis',(1.,0.,0.));
#7201=DIRECTION('center_axis',(0.,0.,1.));
#7202=DIRECTION('ref_axis',(1.,0.,0.));
#7203=DIRECTION('center_axis',(0.,0.,1.));
#7204=DIRECTION('ref_axis',(1.,0.,0.));
#7205=DIRECTION('',(-1.,0.,0.));
#7206=DIRECTION('',(1.,0.,0.));
#7207=DIRECTION('center_axis',(0.,0.,1.));
#7208=DIRECTION('ref_axis',(1.,0.,0.));
#7209=DIRECTION('',(-1.,0.,0.));
#7210=DIRECTION('center_axis',(0.,1.,0.));
#7211=DIRECTION('ref_axis',(0.,0.,1.));
#7212=DIRECTION('center_axis',(0.,-1.,0.));
#7213=DIRECTION('ref_axis',(0.,0.,-1.));
#7214=DIRECTION('axis',(0.,0.,1.));
#7215=DIRECTION('refdir',(1.,0.,0.));
#7216=DIRECTION('center_axis',(0.,0.,1.));
#7217=DIRECTION('ref_axis',(1.,0.,0.));
#7218=DIRECTION('center_axis',(0.,0.,-1.));
#7219=DIRECTION('ref_axis',(1.,0.,0.));
#7220=DIRECTION('',(0.,0.,-1.));
#7221=DIRECTION('center_axis',(0.,0.,1.));
#7222=DIRECTION('ref_axis',(1.,0.,0.));
#7223=DIRECTION('',(0.,0.,-1.));
#7224=DIRECTION('center_axis',(0.,1.,0.));
#7225=DIRECTION('ref_axis',(0.,0.,1.));
#7226=DIRECTION('',(-1.,0.,0.));
#7227=DIRECTION('',(1.,0.,0.));
#7228=DIRECTION('',(0.,0.,-1.));
#7229=DIRECTION('center_axis',(0.,0.,1.));
#7230=DIRECTION('ref_axis',(-1.,1.22464679914735E-16,0.));
#7231=DIRECTION('center_axis',(0.,0.,-1.));
#7232=DIRECTION('ref_axis',(1.,0.,0.));
#7233=DIRECTION('center_axis',(0.,0.,1.));
#7234=DIRECTION('ref_axis',(1.,0.,0.));
#7235=DIRECTION('',(0.,0.,-1.));
#7236=DIRECTION('center_axis',(0.,-1.,0.));
#7237=DIRECTION('ref_axis',(0.,0.,-1.));
#7238=DIRECTION('',(1.,0.,0.));
#7239=DIRECTION('',(-1.,0.,0.));
#7240=DIRECTION('center_axis',(0.,0.,1.));
#7241=DIRECTION('ref_axis',(1.,0.,0.));
#7242=DIRECTION('center_axis',(0.,0.,1.));
#7243=DIRECTION('ref_axis',(1.,0.,0.));
#7244=DIRECTION('',(0.,0.,-1.));
#7245=DIRECTION('center_axis',(0.,0.,-1.));
#7246=DIRECTION('ref_axis',(1.,0.,0.));
#7247=DIRECTION('center_axis',(0.,0.,1.));
#7248=DIRECTION('ref_axis',(1.,0.,0.));
#7249=DIRECTION('center_axis',(0.,0.,1.));
#7250=DIRECTION('ref_axis',(1.,0.,0.));
#7251=DIRECTION('center_axis',(0.,0.,1.));
#7252=DIRECTION('ref_axis',(1.,0.,0.));
#7253=DIRECTION('',(0.,0.,-1.));
#7254=DIRECTION('center_axis',(0.,0.,-1.));
#7255=DIRECTION('ref_axis',(1.,0.,0.));
#7256=DIRECTION('center_axis',(0.,0.,1.));
#7257=DIRECTION('ref_axis',(1.,0.,0.));
#7258=DIRECTION('center_axis',(0.,0.,1.));
#7259=DIRECTION('ref_axis',(1.,0.,0.));
#7260=DIRECTION('center_axis',(0.,0.,-1.));
#7261=DIRECTION('ref_axis',(1.,0.,0.));
#7262=DIRECTION('',(0.,0.,-1.));
#7263=DIRECTION('center_axis',(0.,0.,1.));
#7264=DIRECTION('ref_axis',(1.,0.,0.));
#7265=DIRECTION('',(0.,0.,-1.));
#7266=DIRECTION('center_axis',(0.,1.,0.));
#7267=DIRECTION('ref_axis',(0.,0.,1.));
#7268=DIRECTION('',(-1.,0.,0.));
#7269=DIRECTION('',(1.,0.,0.));
#7270=DIRECTION('',(0.,0.,-1.));
#7271=DIRECTION('center_axis',(0.,0.,1.));
#7272=DIRECTION('ref_axis',(-1.,1.22464679914735E-16,0.));
#7273=DIRECTION('center_axis',(0.,0.,-1.));
#7274=DIRECTION('ref_axis',(1.,0.,0.));
#7275=DIRECTION('center_axis',(0.,0.,1.));
#7276=DIRECTION('ref_axis',(1.,0.,0.));
#7277=DIRECTION('',(0.,0.,-1.));
#7278=DIRECTION('center_axis',(0.,-1.,0.));
#7279=DIRECTION('ref_axis',(0.,0.,-1.));
#7280=DIRECTION('',(1.,0.,0.));
#7281=DIRECTION('',(-1.,0.,0.));
#7282=DIRECTION('center_axis',(0.,0.,1.));
#7283=DIRECTION('ref_axis',(1.,0.,0.));
#7284=DIRECTION('center_axis',(0.,0.,1.));
#7285=DIRECTION('ref_axis',(1.,0.,0.));
#7286=DIRECTION('',(0.,0.,-1.));
#7287=DIRECTION('center_axis',(0.,0.,-1.));
#7288=DIRECTION('ref_axis',(1.,0.,0.));
#7289=DIRECTION('center_axis',(0.,0.,1.));
#7290=DIRECTION('ref_axis',(1.,0.,0.));
#7291=DIRECTION('center_axis',(0.,0.,1.));
#7292=DIRECTION('ref_axis',(1.,0.,0.));
#7293=DIRECTION('center_axis',(0.,0.,1.));
#7294=DIRECTION('ref_axis',(1.,0.,0.));
#7295=DIRECTION('',(0.,0.,-1.));
#7296=DIRECTION('center_axis',(0.,0.,-1.));
#7297=DIRECTION('ref_axis',(1.,0.,0.));
#7298=DIRECTION('center_axis',(0.,0.,1.));
#7299=DIRECTION('ref_axis',(1.,0.,0.));
#7300=DIRECTION('center_axis',(0.,0.,1.));
#7301=DIRECTION('ref_axis',(1.,0.,0.));
#7302=DIRECTION('center_axis',(0.,0.,-1.));
#7303=DIRECTION('ref_axis',(1.,0.,0.));
#7304=DIRECTION('',(0.,0.,-1.));
#7305=DIRECTION('center_axis',(0.,0.,1.));
#7306=DIRECTION('ref_axis',(1.,0.,0.));
#7307=DIRECTION('',(0.,0.,-1.));
#7308=DIRECTION('center_axis',(0.,1.,0.));
#7309=DIRECTION('ref_axis',(0.,0.,1.));
#7310=DIRECTION('',(-1.,0.,0.));
#7311=DIRECTION('',(1.,0.,0.));
#7312=DIRECTION('',(0.,0.,-1.));
#7313=DIRECTION('center_axis',(0.,0.,1.));
#7314=DIRECTION('ref_axis',(-1.,1.22464679914735E-16,0.));
#7315=DIRECTION('center_axis',(0.,0.,-1.));
#7316=DIRECTION('ref_axis',(1.,0.,0.));
#7317=DIRECTION('center_axis',(0.,0.,1.));
#7318=DIRECTION('ref_axis',(1.,0.,0.));
#7319=DIRECTION('',(0.,0.,-1.));
#7320=DIRECTION('center_axis',(0.,-1.,0.));
#7321=DIRECTION('ref_axis',(0.,0.,-1.));
#7322=DIRECTION('',(1.,0.,0.));
#7323=DIRECTION('',(-1.,0.,0.));
#7324=DIRECTION('center_axis',(0.,0.,1.));
#7325=DIRECTION('ref_axis',(1.,0.,0.));
#7326=DIRECTION('center_axis',(0.,0.,1.));
#7327=DIRECTION('ref_axis',(1.,0.,0.));
#7328=DIRECTION('',(0.,0.,-1.));
#7329=DIRECTION('center_axis',(0.,0.,-1.));
#7330=DIRECTION('ref_axis',(1.,0.,0.));
#7331=DIRECTION('center_axis',(0.,0.,1.));
#7332=DIRECTION('ref_axis',(1.,0.,0.));
#7333=DIRECTION('center_axis',(0.,0.,1.));
#7334=DIRECTION('ref_axis',(1.,0.,0.));
#7335=DIRECTION('center_axis',(0.,0.,1.));
#7336=DIRECTION('ref_axis',(1.,0.,0.));
#7337=DIRECTION('',(0.,0.,-1.));
#7338=DIRECTION('center_axis',(0.,0.,-1.));
#7339=DIRECTION('ref_axis',(1.,0.,0.));
#7340=DIRECTION('center_axis',(0.,0.,1.));
#7341=DIRECTION('ref_axis',(1.,0.,0.));
#7342=DIRECTION('center_axis',(0.,0.,1.));
#7343=DIRECTION('ref_axis',(1.,0.,0.));
#7344=DIRECTION('center_axis',(0.,0.,-1.));
#7345=DIRECTION('ref_axis',(1.,0.,0.));
#7346=DIRECTION('',(0.,0.,-1.));
#7347=DIRECTION('center_axis',(0.,0.,1.));
#7348=DIRECTION('ref_axis',(1.,0.,0.));
#7349=DIRECTION('',(0.,0.,-1.));
#7350=DIRECTION('center_axis',(0.,1.,0.));
#7351=DIRECTION('ref_axis',(0.,0.,1.));
#7352=DIRECTION('',(-1.,0.,0.));
#7353=DIRECTION('',(1.,0.,0.));
#7354=DIRECTION('',(0.,0.,-1.));
#7355=DIRECTION('center_axis',(0.,0.,1.));
#7356=DIRECTION('ref_axis',(-1.,1.22464679914735E-16,0.));
#7357=DIRECTION('center_axis',(0.,0.,-1.));
#7358=DIRECTION('ref_axis',(1.,0.,0.));
#7359=DIRECTION('center_axis',(0.,0.,1.));
#7360=DIRECTION('ref_axis',(1.,0.,0.));
#7361=DIRECTION('',(0.,0.,-1.));
#7362=DIRECTION('center_axis',(0.,-1.,0.));
#7363=DIRECTION('ref_axis',(0.,0.,-1.));
#7364=DIRECTION('',(1.,0.,0.));
#7365=DIRECTION('',(-1.,0.,0.));
#7366=DIRECTION('center_axis',(0.,0.,1.));
#7367=DIRECTION('ref_axis',(1.,0.,0.));
#7368=DIRECTION('center_axis',(0.,0.,1.));
#7369=DIRECTION('ref_axis',(1.,0.,0.));
#7370=DIRECTION('',(0.,0.,-1.));
#7371=DIRECTION('center_axis',(0.,0.,-1.));
#7372=DIRECTION('ref_axis',(1.,0.,0.));
#7373=DIRECTION('center_axis',(0.,0.,1.));
#7374=DIRECTION('ref_axis',(1.,0.,0.));
#7375=DIRECTION('center_axis',(0.,0.,1.));
#7376=DIRECTION('ref_axis',(1.,0.,0.));
#7377=DIRECTION('center_axis',(0.,0.,1.));
#7378=DIRECTION('ref_axis',(1.,0.,0.));
#7379=DIRECTION('',(0.,0.,-1.));
#7380=DIRECTION('center_axis',(0.,0.,-1.));
#7381=DIRECTION('ref_axis',(1.,0.,0.));
#7382=DIRECTION('center_axis',(0.,0.,1.));
#7383=DIRECTION('ref_axis',(1.,0.,0.));
#7384=DIRECTION('center_axis',(0.,0.,1.));
#7385=DIRECTION('ref_axis',(1.,0.,0.));
#7386=DIRECTION('center_axis',(0.,0.,1.));
#7387=DIRECTION('ref_axis',(1.,0.,0.));
#7388=DIRECTION('',(0.,0.,1.));
#7389=DIRECTION('center_axis',(0.,0.,-1.));
#7390=DIRECTION('ref_axis',(1.,0.,0.));
#7391=DIRECTION('center_axis',(0.,0.,1.));
#7392=DIRECTION('ref_axis',(1.,0.,0.));
#7393=DIRECTION('center_axis',(0.,0.,1.));
#7394=DIRECTION('ref_axis',(1.,0.,0.));
#7395=DIRECTION('',(0.,0.,1.));
#7396=DIRECTION('center_axis',(0.,0.,-1.));
#7397=DIRECTION('ref_axis',(1.,0.,0.));
#7398=DIRECTION('center_axis',(0.,0.,1.));
#7399=DIRECTION('ref_axis',(1.,0.,0.));
#7400=DIRECTION('center_axis',(0.,0.,1.));
#7401=DIRECTION('ref_axis',(1.,0.,0.));
#7402=DIRECTION('',(0.,0.,1.));
#7403=DIRECTION('center_axis',(0.,0.,-1.));
#7404=DIRECTION('ref_axis',(1.,0.,0.));
#7405=DIRECTION('center_axis',(0.,0.,1.));
#7406=DIRECTION('ref_axis',(1.,0.,0.));
#7407=DIRECTION('center_axis',(0.,0.,1.));
#7408=DIRECTION('ref_axis',(1.,0.,0.));
#7409=DIRECTION('',(0.,0.,1.));
#7410=DIRECTION('center_axis',(0.,0.,-1.));
#7411=DIRECTION('ref_axis',(1.,0.,0.));
#7412=DIRECTION('center_axis',(0.,0.,1.));
#7413=DIRECTION('ref_axis',(1.,0.,0.));
#7414=DIRECTION('center_axis',(0.,0.,-1.));
#7415=DIRECTION('ref_axis',(1.,0.,0.));
#7416=DIRECTION('',(0.,0.,-1.));
#7417=DIRECTION('center_axis',(0.,0.,1.));
#7418=DIRECTION('ref_axis',(1.,0.,0.));
#7419=DIRECTION('',(0.,0.,-1.));
#7420=DIRECTION('center_axis',(-1.,0.,0.));
#7421=DIRECTION('ref_axis',(0.,0.,1.));
#7422=DIRECTION('',(0.,-1.,0.));
#7423=DIRECTION('',(0.,1.,0.));
#7424=DIRECTION('',(0.,0.,-1.));
#7425=DIRECTION('center_axis',(0.,0.,1.));
#7426=DIRECTION('ref_axis',(1.,0.,0.));
#7427=DIRECTION('center_axis',(0.,0.,-1.));
#7428=DIRECTION('ref_axis',(1.,0.,0.));
#7429=DIRECTION('center_axis',(0.,0.,1.));
#7430=DIRECTION('ref_axis',(1.,0.,0.));
#7431=DIRECTION('',(0.,0.,-1.));
#7432=DIRECTION('center_axis',(0.,1.,0.));
#7433=DIRECTION('ref_axis',(0.,0.,1.));
#7434=DIRECTION('',(-1.,0.,0.));
#7435=DIRECTION('',(1.,0.,0.));
#7436=DIRECTION('',(0.,0.,-1.));
#7437=DIRECTION('center_axis',(0.,0.,1.));
#7438=DIRECTION('ref_axis',(1.,0.,0.));
#7439=DIRECTION('center_axis',(0.,0.,-1.));
#7440=DIRECTION('ref_axis',(1.,0.,0.));
#7441=DIRECTION('',(0.,0.,-1.));
#7442=DIRECTION('center_axis',(0.,0.,1.));
#7443=DIRECTION('ref_axis',(1.,0.,0.));
#7444=DIRECTION('',(0.,0.,-1.));
#7445=DIRECTION('center_axis',(0.,0.,1.));
#7446=DIRECTION('ref_axis',(1.,0.,0.));
#7447=DIRECTION('center_axis',(0.,0.,-1.));
#7448=DIRECTION('ref_axis',(1.,0.,0.));
#7449=DIRECTION('center_axis',(0.,0.,1.));
#7450=DIRECTION('ref_axis',(1.,0.,0.));
#7451=DIRECTION('',(0.,0.,-1.));
#7452=DIRECTION('center_axis',(1.,0.,0.));
#7453=DIRECTION('ref_axis',(0.,0.,-1.));
#7454=DIRECTION('',(0.,1.,0.));
#7455=DIRECTION('',(0.,-1.,0.));
#7456=DIRECTION('center_axis',(0.,-1.,0.));
#7457=DIRECTION('ref_axis',(0.,0.,-1.));
#7458=DIRECTION('',(1.,0.,0.));
#7459=DIRECTION('',(-1.,0.,0.));
#7460=DIRECTION('center_axis',(0.,0.,1.));
#7461=DIRECTION('ref_axis',(1.,0.,0.));
#7462=DIRECTION('center_axis',(0.,0.,-1.));
#7463=DIRECTION('ref_axis',(1.,0.,0.));
#7464=DIRECTION('',(0.,0.,-1.));
#7465=DIRECTION('center_axis',(0.,0.,1.));
#7466=DIRECTION('ref_axis',(1.,0.,0.));
#7467=DIRECTION('',(0.,0.,-1.));
#7468=DIRECTION('center_axis',(-1.,0.,0.));
#7469=DIRECTION('ref_axis',(0.,0.,1.));
#7470=DIRECTION('',(0.,-1.,0.));
#7471=DIRECTION('',(0.,1.,0.));
#7472=DIRECTION('',(0.,0.,-1.));
#7473=DIRECTION('center_axis',(0.,0.,1.));
#7474=DIRECTION('ref_axis',(1.,0.,0.));
#7475=DIRECTION('center_axis',(0.,0.,-1.));
#7476=DIRECTION('ref_axis',(1.,0.,0.));
#7477=DIRECTION('center_axis',(0.,0.,1.));
#7478=DIRECTION('ref_axis',(1.,0.,0.));
#7479=DIRECTION('',(0.,0.,-1.));
#7480=DIRECTION('center_axis',(0.,1.,0.));
#7481=DIRECTION('ref_axis',(0.,0.,1.));
#7482=DIRECTION('',(-1.,0.,0.));
#7483=DIRECTION('',(1.,0.,0.));
#7484=DIRECTION('',(0.,0.,-1.));
#7485=DIRECTION('center_axis',(0.,0.,1.));
#7486=DIRECTION('ref_axis',(1.,0.,0.));
#7487=DIRECTION('center_axis',(0.,0.,-1.));
#7488=DIRECTION('ref_axis',(1.,0.,0.));
#7489=DIRECTION('',(0.,0.,-1.));
#7490=DIRECTION('center_axis',(0.,0.,1.));
#7491=DIRECTION('ref_axis',(1.,0.,0.));
#7492=DIRECTION('',(0.,0.,-1.));
#7493=DIRECTION('center_axis',(0.,0.,1.));
#7494=DIRECTION('ref_axis',(1.,0.,0.));
#7495=DIRECTION('center_axis',(0.,0.,-1.));
#7496=DIRECTION('ref_axis',(1.,0.,0.));
#7497=DIRECTION('center_axis',(0.,0.,1.));
#7498=DIRECTION('ref_axis',(1.,0.,0.));
#7499=DIRECTION('',(0.,0.,-1.));
#7500=DIRECTION('center_axis',(1.,0.,0.));
#7501=DIRECTION('ref_axis',(0.,0.,-1.));
#7502=DIRECTION('',(0.,1.,0.));
#7503=DIRECTION('',(0.,-1.,0.));
#7504=DIRECTION('center_axis',(0.,-1.,0.));
#7505=DIRECTION('ref_axis',(0.,0.,-1.));
#7506=DIRECTION('',(1.,0.,0.));
#7507=DIRECTION('',(-1.,0.,0.));
#7508=DIRECTION('center_axis',(0.,0.,1.));
#7509=DIRECTION('ref_axis',(1.,0.,0.));
#7510=DIRECTION('',(0.,0.,-1.));
#7511=DIRECTION('center_axis',(0.,0.,-1.));
#7512=DIRECTION('ref_axis',(1.,0.,0.));
#7513=DIRECTION('',(0.,0.,-1.));
#7514=DIRECTION('center_axis',(0.,0.,1.));
#7515=DIRECTION('ref_axis',(1.,0.,0.));
#7516=DIRECTION('center_axis',(0.,0.,1.));
#7517=DIRECTION('ref_axis',(1.,0.,0.));
#7518=DIRECTION('',(-1.,0.,0.));
#7519=DIRECTION('center_axis',(0.,0.,1.));
#7520=DIRECTION('ref_axis',(1.,0.,0.));
#7521=DIRECTION('',(0.,-1.,0.));
#7522=DIRECTION('center_axis',(0.,0.,1.));
#7523=DIRECTION('ref_axis',(1.,0.,0.));
#7524=DIRECTION('',(1.,0.,0.));
#7525=DIRECTION('center_axis',(0.,0.,1.));
#7526=DIRECTION('ref_axis',(1.,0.,0.));
#7527=DIRECTION('',(0.,1.,0.));
#7528=DIRECTION('center_axis',(0.,0.,1.));
#7529=DIRECTION('ref_axis',(1.,0.,0.));
#7530=DIRECTION('',(0.,0.,-1.));
#7531=DIRECTION('center_axis',(0.,0.,-1.));
#7532=DIRECTION('ref_axis',(1.,0.,0.));
#7533=DIRECTION('',(0.,0.,-1.));
#7534=DIRECTION('center_axis',(0.,0.,1.));
#7535=DIRECTION('ref_axis',(1.,0.,0.));
#7536=DIRECTION('',(0.,0.,-1.));
#7537=DIRECTION('',(0.,0.,-1.));
#7538=DIRECTION('center_axis',(0.,0.,-1.));
#7539=DIRECTION('ref_axis',(1.,0.,0.));
#7540=DIRECTION('center_axis',(0.,0.,1.));
#7541=DIRECTION('ref_axis',(1.,0.,0.));
#7542=DIRECTION('',(0.,-1.,0.));
#7543=DIRECTION('',(-1.,0.,0.));
#7544=DIRECTION('center_axis',(0.,0.,-1.));
#7545=DIRECTION('ref_axis',(1.,0.,0.));
#7546=DIRECTION('',(0.,1.,0.));
#7547=DIRECTION('',(1.,0.,0.));
#7548=DIRECTION('center_axis',(0.,0.,1.));
#7549=DIRECTION('ref_axis',(1.,0.,0.));
#7550=DIRECTION('',(0.,0.,-1.));
#7551=DIRECTION('',(0.,0.,-1.));
#7552=DIRECTION('center_axis',(1.,0.,0.));
#7553=DIRECTION('ref_axis',(0.,0.,-1.));
#7554=DIRECTION('center_axis',(-1.,0.,0.));
#7555=DIRECTION('ref_axis',(0.,0.,1.));
#7556=DIRECTION('center_axis',(0.,1.,0.));
#7557=DIRECTION('ref_axis',(0.,0.,1.));
#7558=DIRECTION('center_axis',(0.,-1.,0.));
#7559=DIRECTION('ref_axis',(0.,0.,-1.));
#7560=DIRECTION('axis',(0.,0.,1.));
#7561=DIRECTION('refdir',(1.,0.,0.));
#7562=DIRECTION('axis',(0.,0.,1.));
#7563=DIRECTION('refdir',(1.,0.,0.));
#7564=DIRECTION('center_axis',(0.,0.,1.));
#7565=DIRECTION('ref_axis',(1.,0.,0.));
#7566=DIRECTION('',(0.,0.,-1.));
#7567=DIRECTION('center_axis',(0.,0.,-1.));
#7568=DIRECTION('ref_axis',(1.,0.,0.));
#7569=DIRECTION('',(0.,0.,-1.));
#7570=DIRECTION('center_axis',(0.,0.,1.));
#7571=DIRECTION('ref_axis',(1.,0.,0.));
#7572=DIRECTION('center_axis',(0.,0.,1.));
#7573=DIRECTION('ref_axis',(1.,0.,0.));
#7574=DIRECTION('',(-1.,0.,0.));
#7575=DIRECTION('center_axis',(0.,0.,1.));
#7576=DIRECTION('ref_axis',(1.,0.,0.));
#7577=DIRECTION('',(0.,-1.,0.));
#7578=DIRECTION('center_axis',(0.,0.,1.));
#7579=DIRECTION('ref_axis',(1.,0.,0.));
#7580=DIRECTION('',(1.,0.,0.));
#7581=DIRECTION('center_axis',(0.,0.,1.));
#7582=DIRECTION('ref_axis',(1.,0.,0.));
#7583=DIRECTION('',(0.,1.,0.));
#7584=DIRECTION('center_axis',(0.,0.,1.));
#7585=DIRECTION('ref_axis',(1.,0.,0.));
#7586=DIRECTION('',(0.,0.,-1.));
#7587=DIRECTION('center_axis',(0.,0.,-1.));
#7588=DIRECTION('ref_axis',(1.,0.,0.));
#7589=DIRECTION('',(0.,0.,-1.));
#7590=DIRECTION('center_axis',(0.,0.,1.));
#7591=DIRECTION('ref_axis',(1.,0.,0.));
#7592=DIRECTION('',(0.,0.,-1.));
#7593=DIRECTION('',(0.,0.,-1.));
#7594=DIRECTION('center_axis',(0.,0.,-1.));
#7595=DIRECTION('ref_axis',(1.,0.,0.));
#7596=DIRECTION('center_axis',(0.,0.,1.));
#7597=DIRECTION('ref_axis',(1.,0.,0.));
#7598=DIRECTION('',(0.,-1.,0.));
#7599=DIRECTION('',(-1.,0.,0.));
#7600=DIRECTION('center_axis',(0.,0.,-1.));
#7601=DIRECTION('ref_axis',(1.,0.,0.));
#7602=DIRECTION('',(0.,1.,0.));
#7603=DIRECTION('',(1.,0.,0.));
#7604=DIRECTION('center_axis',(0.,0.,1.));
#7605=DIRECTION('ref_axis',(1.,0.,0.));
#7606=DIRECTION('',(0.,0.,-1.));
#7607=DIRECTION('',(0.,0.,-1.));
#7608=DIRECTION('center_axis',(1.,0.,0.));
#7609=DIRECTION('ref_axis',(0.,0.,-1.));
#7610=DIRECTION('center_axis',(-1.,0.,0.));
#7611=DIRECTION('ref_axis',(0.,0.,1.));
#7612=DIRECTION('center_axis',(0.,1.,0.));
#7613=DIRECTION('ref_axis',(0.,0.,1.));
#7614=DIRECTION('center_axis',(0.,-1.,0.));
#7615=DIRECTION('ref_axis',(0.,0.,-1.));
#7616=DIRECTION('center_axis',(0.,0.,1.));
#7617=DIRECTION('ref_axis',(1.,0.,0.));
#7618=DIRECTION('',(0.,0.,-1.));
#7619=DIRECTION('center_axis',(0.,0.,-1.));
#7620=DIRECTION('ref_axis',(1.,0.,0.));
#7621=DIRECTION('',(0.,0.,-1.));
#7622=DIRECTION('center_axis',(0.,0.,1.));
#7623=DIRECTION('ref_axis',(1.,0.,0.));
#7624=DIRECTION('center_axis',(0.,0.,1.));
#7625=DIRECTION('ref_axis',(1.,0.,0.));
#7626=DIRECTION('',(-1.,0.,0.));
#7627=DIRECTION('center_axis',(0.,0.,1.));
#7628=DIRECTION('ref_axis',(1.,0.,0.));
#7629=DIRECTION('',(0.,-1.,0.));
#7630=DIRECTION('center_axis',(0.,0.,1.));
#7631=DIRECTION('ref_axis',(1.,0.,0.));
#7632=DIRECTION('',(1.,0.,0.));
#7633=DIRECTION('center_axis',(0.,0.,1.));
#7634=DIRECTION('ref_axis',(1.,0.,0.));
#7635=DIRECTION('',(0.,1.,0.));
#7636=DIRECTION('center_axis',(0.,0.,1.));
#7637=DIRECTION('ref_axis',(1.,0.,0.));
#7638=DIRECTION('',(0.,0.,-1.));
#7639=DIRECTION('center_axis',(0.,0.,-1.));
#7640=DIRECTION('ref_axis',(1.,0.,0.));
#7641=DIRECTION('',(0.,0.,-1.));
#7642=DIRECTION('center_axis',(0.,0.,1.));
#7643=DIRECTION('ref_axis',(1.,0.,0.));
#7644=DIRECTION('',(0.,0.,-1.));
#7645=DIRECTION('',(0.,0.,-1.));
#7646=DIRECTION('center_axis',(0.,0.,-1.));
#7647=DIRECTION('ref_axis',(1.,0.,0.));
#7648=DIRECTION('center_axis',(0.,0.,1.));
#7649=DIRECTION('ref_axis',(1.,0.,0.));
#7650=DIRECTION('',(0.,-1.,0.));
#7651=DIRECTION('',(-1.,0.,0.));
#7652=DIRECTION('center_axis',(0.,0.,-1.));
#7653=DIRECTION('ref_axis',(1.,0.,0.));
#7654=DIRECTION('',(0.,1.,0.));
#7655=DIRECTION('',(1.,0.,0.));
#7656=DIRECTION('center_axis',(0.,0.,1.));
#7657=DIRECTION('ref_axis',(1.,0.,0.));
#7658=DIRECTION('',(0.,0.,-1.));
#7659=DIRECTION('',(0.,0.,-1.));
#7660=DIRECTION('center_axis',(1.,0.,0.));
#7661=DIRECTION('ref_axis',(0.,0.,-1.));
#7662=DIRECTION('center_axis',(-1.,0.,0.));
#7663=DIRECTION('ref_axis',(0.,0.,1.));
#7664=DIRECTION('center_axis',(0.,1.,0.));
#7665=DIRECTION('ref_axis',(0.,0.,1.));
#7666=DIRECTION('center_axis',(0.,-1.,0.));
#7667=DIRECTION('ref_axis',(0.,0.,-1.));
#7668=DIRECTION('axis',(0.,0.,1.));
#7669=DIRECTION('refdir',(1.,0.,0.));
#7670=DIRECTION('center_axis',(0.,0.,1.));
#7671=DIRECTION('ref_axis',(1.,0.,0.));
#7672=DIRECTION('',(0.,1.,0.));
#7673=DIRECTION('',(-1.,0.,0.));
#7674=DIRECTION('',(0.,-1.,0.));
#7675=DIRECTION('',(1.,0.,0.));
#7676=DIRECTION('center_axis',(0.,0.,1.));
#7677=DIRECTION('ref_axis',(1.,0.,0.));
#7678=DIRECTION('',(0.,-1.,0.));
#7679=DIRECTION('',(-1.,0.,0.));
#7680=DIRECTION('',(0.,1.,0.));
#7681=DIRECTION('',(1.,0.,0.));
#7682=DIRECTION('center_axis',(0.,1.,0.));
#7683=DIRECTION('ref_axis',(0.,0.,1.));
#7684=DIRECTION('',(0.,0.,-1.));
#7685=DIRECTION('',(0.,0.,-1.));
#7686=DIRECTION('center_axis',(1.,0.,0.));
#7687=DIRECTION('ref_axis',(0.,0.,-1.));
#7688=DIRECTION('',(0.,0.,-1.));
#7689=DIRECTION('center_axis',(0.,-1.,0.));
#7690=DIRECTION('ref_axis',(0.,0.,-1.));
#7691=DIRECTION('',(0.,0.,-1.));
#7692=DIRECTION('center_axis',(-1.,0.,0.));
#7693=DIRECTION('ref_axis',(0.,0.,1.));
#7694=DIRECTION('center_axis',(1.,0.,0.));
#7695=DIRECTION('ref_axis',(0.,0.,-1.));
#7696=DIRECTION('center_axis',(1.,0.,0.));
#7697=DIRECTION('ref_axis',(0.,0.,-1.));
#7698=DIRECTION('',(-1.,0.,0.));
#7699=DIRECTION('center_axis',(-1.,0.,0.));
#7700=DIRECTION('ref_axis',(0.,0.,-1.));
#7701=DIRECTION('center_axis',(-1.,0.,0.));
#7702=DIRECTION('ref_axis',(0.,0.,1.));
#7703=DIRECTION('center_axis',(1.,0.,0.));
#7704=DIRECTION('ref_axis',(0.,0.,-1.));
#7705=DIRECTION('center_axis',(1.,0.,0.));
#7706=DIRECTION('ref_axis',(0.,0.,-1.));
#7707=DIRECTION('center_axis',(1.,0.,0.));
#7708=DIRECTION('ref_axis',(0.,0.,-1.));
#7709=DIRECTION('',(1.,0.,0.));
#7710=DIRECTION('center_axis',(-1.,0.,0.));
#7711=DIRECTION('ref_axis',(0.,0.,-1.));
#7712=DIRECTION('center_axis',(1.,0.,0.));
#7713=DIRECTION('ref_axis',(0.,0.,-1.));
#7714=DIRECTION('center_axis',(1.,0.,0.));
#7715=DIRECTION('ref_axis',(0.,0.,-1.));
#7716=DIRECTION('',(1.,0.,0.));
#7717=DIRECTION('center_axis',(-1.,0.,0.));
#7718=DIRECTION('ref_axis',(0.,0.,-1.));
#7719=DIRECTION('center_axis',(1.,0.,0.));
#7720=DIRECTION('ref_axis',(0.,0.,-1.));
#7721=DIRECTION('center_axis',(1.,0.,0.));
#7722=DIRECTION('ref_axis',(0.,0.,-1.));
#7723=DIRECTION('',(1.,0.,0.));
#7724=DIRECTION('center_axis',(-1.,0.,0.));
#7725=DIRECTION('ref_axis',(0.,0.,-1.));
#7726=DIRECTION('center_axis',(1.,0.,0.));
#7727=DIRECTION('ref_axis',(0.,0.,-1.));
#7728=DIRECTION('center_axis',(1.,0.,0.));
#7729=DIRECTION('ref_axis',(0.,0.,-1.));
#7730=DIRECTION('',(-1.,0.,0.));
#7731=DIRECTION('center_axis',(-1.,0.,0.));
#7732=DIRECTION('ref_axis',(0.,0.,-1.));
#7733=DIRECTION('center_axis',(-1.,0.,0.));
#7734=DIRECTION('ref_axis',(0.,0.,1.));
#7735=DIRECTION('center_axis',(1.,0.,0.));
#7736=DIRECTION('ref_axis',(0.,0.,-1.));
#7737=DIRECTION('axis',(0.,0.,1.));
#7738=DIRECTION('refdir',(1.,0.,0.));
#7739=DIRECTION('center_axis',(0.,0.,1.));
#7740=DIRECTION('ref_axis',(1.,0.,0.));
#7741=DIRECTION('center_axis',(0.,0.,1.));
#7742=DIRECTION('ref_axis',(1.,0.,0.));
#7743=DIRECTION('',(0.,0.,1.));
#7744=DIRECTION('center_axis',(0.,0.,-1.));
#7745=DIRECTION('ref_axis',(1.,0.,0.));
#7746=DIRECTION('center_axis',(0.,0.,1.));
#7747=DIRECTION('ref_axis',(1.,0.,0.));
#7748=DIRECTION('center_axis',(0.,0.,1.));
#7749=DIRECTION('ref_axis',(1.,0.,0.));
#7750=DIRECTION('',(0.,0.,1.));
#7751=DIRECTION('center_axis',(0.,0.,-1.));
#7752=DIRECTION('ref_axis',(1.,0.,0.));
#7753=DIRECTION('center_axis',(0.,0.,1.));
#7754=DIRECTION('ref_axis',(1.,0.,0.));
#7755=DIRECTION('center_axis',(0.,0.,1.));
#7756=DIRECTION('ref_axis',(1.,0.,0.));
#7757=DIRECTION('',(0.,0.,1.));
#7758=DIRECTION('center_axis',(0.,0.,-1.));
#7759=DIRECTION('ref_axis',(1.,0.,0.));
#7760=DIRECTION('center_axis',(0.,0.,1.));
#7761=DIRECTION('ref_axis',(1.,0.,0.));
#7762=DIRECTION('center_axis',(0.,0.,1.));
#7763=DIRECTION('ref_axis',(1.,0.,0.));
#7764=DIRECTION('',(0.,0.,1.));
#7765=DIRECTION('center_axis',(0.,0.,-1.));
#7766=DIRECTION('ref_axis',(1.,0.,0.));
#7767=DIRECTION('center_axis',(0.,0.,1.));
#7768=DIRECTION('ref_axis',(1.,0.,0.));
#7769=DIRECTION('',(0.,1.,0.));
#7770=DIRECTION('',(-1.,0.,0.));
#7771=DIRECTION('',(0.,-1.,0.));
#7772=DIRECTION('',(1.,0.,0.));
#7773=DIRECTION('center_axis',(0.,0.,1.));
#7774=DIRECTION('ref_axis',(1.,0.,0.));
#7775=DIRECTION('',(0.,-1.,0.));
#7776=DIRECTION('',(-1.,0.,0.));
#7777=DIRECTION('',(0.,1.,0.));
#7778=DIRECTION('',(1.,0.,0.));
#7779=DIRECTION('center_axis',(0.,1.,0.));
#7780=DIRECTION('ref_axis',(0.,0.,1.));
#7781=DIRECTION('',(0.,0.,-1.));
#7782=DIRECTION('',(0.,0.,-1.));
#7783=DIRECTION('center_axis',(1.,0.,0.));
#7784=DIRECTION('ref_axis',(0.,0.,-1.));
#7785=DIRECTION('',(0.,0.,-1.));
#7786=DIRECTION('center_axis',(0.,-1.,0.));
#7787=DIRECTION('ref_axis',(0.,0.,-1.));
#7788=DIRECTION('',(0.,0.,-1.));
#7789=DIRECTION('center_axis',(-1.,0.,0.));
#7790=DIRECTION('ref_axis',(0.,0.,1.));
#7791=DIRECTION('',(0.,0.,1.));
#7792=DIRECTION('',(1.,0.,0.));
#7793=DIRECTION('',(0.,0.,1.));
#7794=DIRECTION('',(1.,0.,0.));
#7795=DIRECTION('',(0.,0.,1.));
#7796=DIRECTION('',(1.,0.,0.));
#7797=DIRECTION('',(0.,0.,1.));
#7798=DIRECTION('',(1.,0.,0.));
#7799=DIRECTION('',(0.,0.,1.));
#7800=DIRECTION('',(1.,0.,0.));
#7801=DIRECTION('',(0.,0.,1.));
#7802=DIRECTION('',(1.,0.,0.));
#7803=DIRECTION('',(0.,0.,1.));
#7804=DIRECTION('',(1.,0.,0.));
#7805=DIRECTION('',(0.,0.,1.));
#7806=DIRECTION('',(1.,0.,0.));
#7807=DIRECTION('',(0.,0.,1.));
#7808=DIRECTION('',(1.,0.,0.));
#7809=CARTESIAN_POINT('',(0.,0.,0.));
#7810=CARTESIAN_POINT('',(0.,0.,0.));
#7811=CARTESIAN_POINT('Origin',(0.,39.,7.05));
#7812=CARTESIAN_POINT('',(-1.35,39.,3.));
#7813=CARTESIAN_POINT('Origin',(0.,39.,3.));
#7814=CARTESIAN_POINT('',(-1.35,39.,11.));
#7815=CARTESIAN_POINT('',(-1.35,39.,7.05));
#7816=CARTESIAN_POINT('Origin',(0.,39.,11.));
#7817=CARTESIAN_POINT('Origin',(0.,39.,3.));
#7818=CARTESIAN_POINT('Origin',(0.,42.,6.));
#7819=CARTESIAN_POINT('',(-36.,42.,2.));
#7820=CARTESIAN_POINT('',(36.,42.,2.));
#7821=CARTESIAN_POINT('',(0.,42.,2.));
#7822=CARTESIAN_POINT('',(-36.,42.,11.));
#7823=CARTESIAN_POINT('',(-36.,42.,6.));
#7824=CARTESIAN_POINT('',(36.,42.,11.));
#7825=CARTESIAN_POINT('',(0.,42.,11.));
#7826=CARTESIAN_POINT('',(36.,42.,6.));
#7827=CARTESIAN_POINT('Origin',(-36.,40.,6.));
#7828=CARTESIAN_POINT('',(-38.,40.,2.));
#7829=CARTESIAN_POINT('Origin',(-36.,40.,2.));
#7830=CARTESIAN_POINT('',(-38.,40.,11.));
#7831=CARTESIAN_POINT('',(-38.,40.,6.));
#7832=CARTESIAN_POINT('Origin',(-36.,40.,11.));
#7833=CARTESIAN_POINT('Origin',(-38.,39.,6.));
#7834=CARTESIAN_POINT('',(-38.,38.,2.));
#7835=CARTESIAN_POINT('',(-38.,19.5,2.));
#7836=CARTESIAN_POINT('',(-38.,38.,11.));
#7837=CARTESIAN_POINT('',(-38.,38.,6.));
#7838=CARTESIAN_POINT('',(-38.,39.,11.));
#7839=CARTESIAN_POINT('Origin',(-36.,38.,6.));
#7840=CARTESIAN_POINT('',(-36.,36.,2.));
#7841=CARTESIAN_POINT('Origin',(-36.,38.,2.));
#7842=CARTESIAN_POINT('',(-36.,36.,11.));
#7843=CARTESIAN_POINT('',(-36.,36.,6.));
#7844=CARTESIAN_POINT('Origin',(-36.,38.,11.));
#7845=CARTESIAN_POINT('Origin',(36.,40.,6.));
#7846=CARTESIAN_POINT('',(38.,40.,2.));
#7847=CARTESIAN_POINT('Origin',(36.,40.,2.));
#7848=CARTESIAN_POINT('',(38.,40.,11.));
#7849=CARTESIAN_POINT('Origin',(36.,40.,11.));
#7850=CARTESIAN_POINT('',(38.,40.,6.));
#7851=CARTESIAN_POINT('Origin',(0.,39.,11.));
#7852=CARTESIAN_POINT('',(36.,36.,11.));
#7853=CARTESIAN_POINT('',(0.,36.,11.));
#7854=CARTESIAN_POINT('',(38.,38.,11.));
#7855=CARTESIAN_POINT('Origin',(36.,38.,11.));
#7856=CARTESIAN_POINT('',(38.,39.,11.));
#7857=CARTESIAN_POINT('Origin',(36.,38.,6.));
#7858=CARTESIAN_POINT('',(38.,38.,2.));
#7859=CARTESIAN_POINT('',(36.,36.,2.));
#7860=CARTESIAN_POINT('Origin',(36.,38.,2.));
#7861=CARTESIAN_POINT('',(38.,38.,6.));
#7862=CARTESIAN_POINT('',(36.,36.,6.));
#7863=CARTESIAN_POINT('Origin',(38.,39.,6.));
#7864=CARTESIAN_POINT('',(38.,19.5,2.));
#7865=CARTESIAN_POINT('Origin',(0.,36.,6.));
#7866=CARTESIAN_POINT('',(0.,36.,2.));
#7867=CARTESIAN_POINT('Origin',(0.,-39.,7.05));
#7868=CARTESIAN_POINT('',(-1.35,-39.,3.));
#7869=CARTESIAN_POINT('Origin',(0.,-39.,3.));
#7870=CARTESIAN_POINT('',(-1.35,-39.,11.));
#7871=CARTESIAN_POINT('',(-1.35,-39.,7.05));
#7872=CARTESIAN_POINT('Origin',(0.,-39.,11.));
#7873=CARTESIAN_POINT('Origin',(0.,-39.,3.));
#7874=CARTESIAN_POINT('Origin',(0.,-36.,6.));
#7875=CARTESIAN_POINT('',(-36.,-36.,2.));
#7876=CARTESIAN_POINT('',(36.,-36.,2.));
#7877=CARTESIAN_POINT('',(0.,-36.,2.));
#7878=CARTESIAN_POINT('',(-36.,-36.,11.));
#7879=CARTESIAN_POINT('',(-36.,-36.,6.));
#7880=CARTESIAN_POINT('',(36.,-36.,11.));
#7881=CARTESIAN_POINT('',(0.,-36.,11.));
#7882=CARTESIAN_POINT('',(36.,-36.,6.));
#7883=CARTESIAN_POINT('Origin',(-36.,-38.,6.));
#7884=CARTESIAN_POINT('',(-38.,-38.,2.));
#7885=CARTESIAN_POINT('Origin',(-36.,-38.,2.));
#7886=CARTESIAN_POINT('',(-38.,-38.,11.));
#7887=CARTESIAN_POINT('',(-38.,-38.,6.));
#7888=CARTESIAN_POINT('Origin',(-36.,-38.,11.));
#7889=CARTESIAN_POINT('Origin',(-38.,-39.,6.));
#7890=CARTESIAN_POINT('',(-38.,-40.,2.));
#7891=CARTESIAN_POINT('',(-38.,-19.5,2.));
#7892=CARTESIAN_POINT('',(-38.,-40.,11.));
#7893=CARTESIAN_POINT('',(-38.,-40.,6.));
#7894=CARTESIAN_POINT('',(-38.,-39.,11.));
#7895=CARTESIAN_POINT('Origin',(-36.,-40.,6.));
#7896=CARTESIAN_POINT('',(-36.,-42.,2.));
#7897=CARTESIAN_POINT('Origin',(-36.,-40.,2.));
#7898=CARTESIAN_POINT('',(-36.,-42.,11.));
#7899=CARTESIAN_POINT('',(-36.,-42.,6.));
#7900=CARTESIAN_POINT('Origin',(-36.,-40.,11.));
#7901=CARTESIAN_POINT('Origin',(36.,-38.,6.));
#7902=CARTESIAN_POINT('',(38.,-38.,2.));
#7903=CARTESIAN_POINT('Origin',(36.,-38.,2.));
#7904=CARTESIAN_POINT('',(38.,-38.,11.));
#7905=CARTESIAN_POINT('Origin',(36.,-38.,11.));
#7906=CARTESIAN_POINT('',(38.,-38.,6.));
#7907=CARTESIAN_POINT('Origin',(0.,-39.,11.));
#7908=CARTESIAN_POINT('',(36.,-42.,11.));
#7909=CARTESIAN_POINT('',(0.,-42.,11.));
#7910=CARTESIAN_POINT('',(38.,-40.,11.));
#7911=CARTESIAN_POINT('Origin',(36.,-40.,11.));
#7912=CARTESIAN_POINT('',(38.,-39.,11.));
#7913=CARTESIAN_POINT('Origin',(36.,-40.,6.));
#7914=CARTESIAN_POINT('',(38.,-40.,2.));
#7915=CARTESIAN_POINT('',(36.,-42.,2.));
#7916=CARTESIAN_POINT('Origin',(36.,-40.,2.));
#7917=CARTESIAN_POINT('',(38.,-40.,6.));
#7918=CARTESIAN_POINT('',(36.,-42.,6.));
#7919=CARTESIAN_POINT('Origin',(38.,-39.,6.));
#7920=CARTESIAN_POINT('',(38.,-19.5,2.));
#7921=CARTESIAN_POINT('Origin',(0.,-42.,6.));
#7922=CARTESIAN_POINT('',(0.,-42.,2.));
#7923=CARTESIAN_POINT('Origin',(34.,26.,1.5));
#7924=CARTESIAN_POINT('',(34.,29.,2.));
#7925=CARTESIAN_POINT('',(37.,26.,2.));
#7926=CARTESIAN_POINT('Origin',(34.,26.,2.));
#7927=CARTESIAN_POINT('',(34.,29.,1.));
#7928=CARTESIAN_POINT('',(34.,29.,1.5));
#7929=CARTESIAN_POINT('',(37.,26.,1.));
#7930=CARTESIAN_POINT('Origin',(34.,26.,1.));
#7931=CARTESIAN_POINT('',(37.,26.,1.5));
#7932=CARTESIAN_POINT('Origin',(37.,0.,1.5));
#7933=CARTESIAN_POINT('',(37.,-26.,2.));
#7934=CARTESIAN_POINT('',(37.,0.,2.));
#7935=CARTESIAN_POINT('',(37.,-26.,1.));
#7936=CARTESIAN_POINT('',(37.,0.,1.));
#7937=CARTESIAN_POINT('',(37.,-26.,1.5));
#7938=CARTESIAN_POINT('Origin',(34.,-26.,1.5));
#7939=CARTESIAN_POINT('',(34.,-29.,2.));
#7940=CARTESIAN_POINT('Origin',(34.,-26.,2.));
#7941=CARTESIAN_POINT('',(34.,-29.,1.));
#7942=CARTESIAN_POINT('Origin',(34.,-26.,1.));
#7943=CARTESIAN_POINT('',(34.,-29.,1.5));
#7944=CARTESIAN_POINT('Origin',(0.,-29.,1.5));
#7945=CARTESIAN_POINT('',(-34.,-29.,2.));
#7946=CARTESIAN_POINT('',(0.,-29.,2.));
#7947=CARTESIAN_POINT('',(-34.,-29.,1.));
#7948=CARTESIAN_POINT('',(0.,-29.,1.));
#7949=CARTESIAN_POINT('',(-34.,-29.,1.5));
#7950=CARTESIAN_POINT('Origin',(-34.,26.,1.5));
#7951=CARTESIAN_POINT('',(-37.,26.,2.));
#7952=CARTESIAN_POINT('',(-34.,29.,2.));
#7953=CARTESIAN_POINT('Origin',(-34.,26.,2.));
#7954=CARTESIAN_POINT('',(-37.,26.,1.));
#7955=CARTESIAN_POINT('',(-37.,26.,1.5));
#7956=CARTESIAN_POINT('',(-34.,29.,1.));
#7957=CARTESIAN_POINT('Origin',(-34.,26.,1.));
#7958=CARTESIAN_POINT('',(-34.,29.,1.5));
#7959=CARTESIAN_POINT('Origin',(-34.,-26.,1.5));
#7960=CARTESIAN_POINT('',(-37.,-26.,2.));
#7961=CARTESIAN_POINT('Origin',(-34.,-26.,2.));
#7962=CARTESIAN_POINT('',(-37.,-26.,1.));
#7963=CARTESIAN_POINT('Origin',(-34.,-26.,1.));
#7964=CARTESIAN_POINT('',(-37.,-26.,1.5));
#7965=CARTESIAN_POINT('Origin',(-37.,0.,1.5));
#7966=CARTESIAN_POINT('',(-37.,0.,2.));
#7967=CARTESIAN_POINT('',(-37.,0.,1.));
#7968=CARTESIAN_POINT('Origin',(0.,29.,1.5));
#7969=CARTESIAN_POINT('',(0.,29.,2.));
#7970=CARTESIAN_POINT('',(0.,29.,1.));
#7971=CARTESIAN_POINT('Origin',(39.,39.,1.5));
#7972=CARTESIAN_POINT('',(43.,39.,2.));
#7973=CARTESIAN_POINT('',(43.,39.,1.));
#7974=CARTESIAN_POINT('',(43.,39.,1.5));
#7975=CARTESIAN_POINT('',(39.,43.,1.));
#7976=CARTESIAN_POINT('Origin',(39.,39.,1.));
#7977=CARTESIAN_POINT('',(39.,43.,2.));
#7978=CARTESIAN_POINT('',(39.,43.,1.5));
#7979=CARTESIAN_POINT('Origin',(39.,39.,2.));
#7980=CARTESIAN_POINT('Origin',(0.,0.,2.));
#7981=CARTESIAN_POINT('',(-39.,43.,2.));
#7982=CARTESIAN_POINT('',(0.,43.,2.));
#7983=CARTESIAN_POINT('',(-43.,39.,2.));
#7984=CARTESIAN_POINT('Origin',(-39.,39.,2.));
#7985=CARTESIAN_POINT('',(-43.,-39.,2.));
#7986=CARTESIAN_POINT('',(-43.,0.,2.));
#7987=CARTESIAN_POINT('',(-39.,-43.,2.));
#7988=CARTESIAN_POINT('Origin',(-39.,-39.,2.));
#7989=CARTESIAN_POINT('',(39.,-43.,2.));
#7990=CARTESIAN_POINT('',(0.,-43.,2.));
#7991=CARTESIAN_POINT('',(43.,-39.,2.));
#7992=CARTESIAN_POINT('Origin',(39.,-39.,2.));
#7993=CARTESIAN_POINT('',(43.,0.,2.));
#7994=CARTESIAN_POINT('Origin',(39.,-39.,1.5));
#7995=CARTESIAN_POINT('',(39.,-43.,1.));
#7996=CARTESIAN_POINT('',(39.,-43.,1.5));
#7997=CARTESIAN_POINT('',(43.,-39.,1.));
#7998=CARTESIAN_POINT('Origin',(39.,-39.,1.));
#7999=CARTESIAN_POINT('',(43.,-39.,1.5));
#8000=CARTESIAN_POINT('Origin',(-39.,39.,1.5));
#8001=CARTESIAN_POINT('',(-43.,39.,1.));
#8002=CARTESIAN_POINT('',(-43.,39.,1.5));
#8003=CARTESIAN_POINT('',(-39.,43.,1.));
#8004=CARTESIAN_POINT('',(-39.,43.,1.5));
#8005=CARTESIAN_POINT('Origin',(-39.,39.,1.));
#8006=CARTESIAN_POINT('Origin',(0.,0.,1.));
#8007=CARTESIAN_POINT('',(43.,0.,1.));
#8008=CARTESIAN_POINT('',(-39.,-43.,1.));
#8009=CARTESIAN_POINT('',(0.,-43.,1.));
#8010=CARTESIAN_POINT('',(-43.,-39.,1.));
#8011=CARTESIAN_POINT('Origin',(-39.,-39.,1.));
#8012=CARTESIAN_POINT('',(-43.,0.,1.));
#8013=CARTESIAN_POINT('',(0.,43.,1.));
#8014=CARTESIAN_POINT('Origin',(-39.,-39.,1.5));
#8015=CARTESIAN_POINT('',(-39.,-43.,1.5));
#8016=CARTESIAN_POINT('',(-43.,-39.,1.5));
#8017=CARTESIAN_POINT('Origin',(-43.,0.,1.5));
#8018=CARTESIAN_POINT('Origin',(43.,0.,1.5));
#8019=CARTESIAN_POINT('Origin',(0.,-43.,1.5));
#8020=CARTESIAN_POINT('Origin',(0.,43.,1.5));
#8021=CARTESIAN_POINT('',(0.,0.,0.));
#8022=CARTESIAN_POINT('Origin',(9.5,39.,11.2));
#8023=CARTESIAN_POINT('',(49.,35.6,11.2));
#8024=CARTESIAN_POINT('',(49.,42.,11.2));
#8025=CARTESIAN_POINT('',(49.,24.25,11.2));
#8026=CARTESIAN_POINT('',(47.4,35.6,11.2));
#8027=CARTESIAN_POINT('',(9.5,35.6,11.2));
#8028=CARTESIAN_POINT('',(47.4,42.,11.2));
#8029=CARTESIAN_POINT('',(47.4,19.5,11.2));
#8030=CARTESIAN_POINT('',(28.95,42.,11.2));
#8031=CARTESIAN_POINT('Origin',(9.5,35.6,6.7));
#8032=CARTESIAN_POINT('',(49.,35.6,3.3));
#8033=CARTESIAN_POINT('',(49.,35.6,4.75));
#8034=CARTESIAN_POINT('',(47.4,35.6,3.3));
#8035=CARTESIAN_POINT('',(28.85,35.6,3.3));
#8036=CARTESIAN_POINT('',(47.4,35.6,9.75));
#8037=CARTESIAN_POINT('Origin',(49.,9.5,2.8));
#8038=CARTESIAN_POINT('',(49.,42.,11.3));
#8039=CARTESIAN_POINT('',(49.,42.,16.));
#8040=CARTESIAN_POINT('',(49.,-15.,11.3));
#8041=CARTESIAN_POINT('',(49.,-12.75,11.3));
#8042=CARTESIAN_POINT('',(49.,-15.,2.3));
#8043=CARTESIAN_POINT('',(49.,-15.,2.8));
#8044=CARTESIAN_POINT('',(49.,34.,2.3));
#8045=CARTESIAN_POINT('',(49.,9.5,2.3));
#8046=CARTESIAN_POINT('',(49.,34.,3.3));
#8047=CARTESIAN_POINT('',(49.,34.,2.8));
#8048=CARTESIAN_POINT('',(49.,13.5,3.3));
#8049=CARTESIAN_POINT('Origin',(48.4,42.,12.8));
#8050=CARTESIAN_POINT('',(47.4,42.,11.3));
#8051=CARTESIAN_POINT('',(47.4,42.,16.));
#8052=CARTESIAN_POINT('',(48.,42.,11.3));
#8053=CARTESIAN_POINT('',(28.6,42.,11.3));
#8054=CARTESIAN_POINT('',(48.,42.,14.3));
#8055=CARTESIAN_POINT('',(48.,42.,12.8));
#8056=CARTESIAN_POINT('',(47.4,42.,14.3));
#8057=CARTESIAN_POINT('',(28.6,42.,14.3));
#8058=CARTESIAN_POINT('',(47.4,42.,28.7));
#8059=CARTESIAN_POINT('',(47.4,42.,16.));
#8060=CARTESIAN_POINT('',(49.,42.,28.7));
#8061=CARTESIAN_POINT('',(48.2,42.,28.7));
#8062=CARTESIAN_POINT('',(49.,42.,14.3));
#8063=CARTESIAN_POINT('',(49.,42.,16.));
#8064=CARTESIAN_POINT('',(49.4,42.,14.3));
#8065=CARTESIAN_POINT('',(48.4,42.,14.3));
#8066=CARTESIAN_POINT('',(49.4,42.,11.3));
#8067=CARTESIAN_POINT('',(49.4,42.,12.8));
#8068=CARTESIAN_POINT('',(48.4,42.,11.3));
#8069=CARTESIAN_POINT('Origin',(50.,25.,29.05));
#8070=CARTESIAN_POINT('',(48.65,25.,25.));
#8071=CARTESIAN_POINT('Origin',(50.,25.,25.));
#8072=CARTESIAN_POINT('',(48.65,25.,33.));
#8073=CARTESIAN_POINT('',(48.65,25.,29.05));
#8074=CARTESIAN_POINT('Origin',(50.,25.,33.));
#8075=CARTESIAN_POINT('Origin',(50.,25.,25.));
#8076=CARTESIAN_POINT('Origin',(50.,25.,22.15));
#8077=CARTESIAN_POINT('',(46.9,25.,33.));
#8078=CARTESIAN_POINT('Origin',(50.,25.,33.));
#8079=CARTESIAN_POINT('',(46.9,25.,28.7));
#8080=CARTESIAN_POINT('',(46.9,25.,22.15));
#8081=CARTESIAN_POINT('',(47.4,23.3118056983866,28.7));
#8082=CARTESIAN_POINT('Origin',(50.,25.,28.7));
#8083=CARTESIAN_POINT('',(49.,22.0657198497758,28.7));
#8084=CARTESIAN_POINT('Origin',(50.,25.,28.7));
#8085=CARTESIAN_POINT('',(49.,22.0657198497758,14.3));
#8086=CARTESIAN_POINT('',(49.,22.0657198497758,22.15));
#8087=CARTESIAN_POINT('',(49.4,21.9586187348509,14.3));
#8088=CARTESIAN_POINT('Origin',(50.,25.,14.3));
#8089=CARTESIAN_POINT('',(49.4,21.9586187348509,11.3));
#8090=CARTESIAN_POINT('',(49.4,21.9586187348509,22.15));
#8091=CARTESIAN_POINT('',(49.4,28.0413812651491,11.3));
#8092=CARTESIAN_POINT('Origin',(50.,25.,11.3));
#8093=CARTESIAN_POINT('',(49.4,28.0413812651491,14.3));
#8094=CARTESIAN_POINT('',(49.4,28.0413812651491,22.15));
#8095=CARTESIAN_POINT('',(49.,27.9342801502242,14.3));
#8096=CARTESIAN_POINT('Origin',(50.,25.,14.3));
#8097=CARTESIAN_POINT('',(49.,27.9342801502242,28.7));
#8098=CARTESIAN_POINT('',(49.,27.9342801502242,22.15));
#8099=CARTESIAN_POINT('',(47.4,26.6881943016134,28.7));
#8100=CARTESIAN_POINT('Origin',(50.,25.,28.7));
#8101=CARTESIAN_POINT('Origin',(50.,25.,28.7));
#8102=CARTESIAN_POINT('Origin',(43.7,25.,28.7));
#8103=CARTESIAN_POINT('',(47.4,13.5,28.7));
#8104=CARTESIAN_POINT('Origin',(50.,25.,33.));
#8105=CARTESIAN_POINT('Origin',(47.4,0.,12.8));
#8106=CARTESIAN_POINT('',(47.4,33.4,28.7));
#8107=CARTESIAN_POINT('',(47.4,13.5,28.7));
#8108=CARTESIAN_POINT('',(47.4,33.4,3.3));
#8109=CARTESIAN_POINT('',(47.4,33.4,14.4));
#8110=CARTESIAN_POINT('',(47.4,-13.,3.3));
#8111=CARTESIAN_POINT('',(47.4,11.5,3.3));
#8112=CARTESIAN_POINT('',(47.4,-13.,28.7));
#8113=CARTESIAN_POINT('',(47.4,-13.,14.4));
#8114=CARTESIAN_POINT('',(47.4,13.5,28.7));
#8115=CARTESIAN_POINT('Origin',(9.,-39.,11.3));
#8116=CARTESIAN_POINT('',(49.4,-42.,11.3));
#8117=CARTESIAN_POINT('',(49.4,0.,11.3));
#8118=CARTESIAN_POINT('',(48.,-42.,11.3));
#8119=CARTESIAN_POINT('',(48.4,-42.,11.3));
#8120=CARTESIAN_POINT('',(48.,-43.,11.3));
#8121=CARTESIAN_POINT('',(48.,-39.,11.3));
#8122=CARTESIAN_POINT('',(-30.,-43.,11.3));
#8123=CARTESIAN_POINT('',(9.,-43.,11.3));
#8124=CARTESIAN_POINT('',(-30.,43.,11.3));
#8125=CARTESIAN_POINT('',(-30.,39.,11.3));
#8126=CARTESIAN_POINT('',(48.,43.,11.3));
#8127=CARTESIAN_POINT('',(9.,43.,11.3));
#8128=CARTESIAN_POINT('',(48.,39.,11.3));
#8129=CARTESIAN_POINT('',(47.4,35.,11.3));
#8130=CARTESIAN_POINT('',(47.4,-12.75,11.3));
#8131=CARTESIAN_POINT('',(45.9933259094192,35.,11.3));
#8132=CARTESIAN_POINT('',(9.,35.,11.3));
#8133=CARTESIAN_POINT('',(45.849561369755,34.8,11.3));
#8134=CARTESIAN_POINT('Origin',(43.,37.,11.3));
#8135=CARTESIAN_POINT('',(40.150438630245,34.8,11.3));
#8136=CARTESIAN_POINT('',(36.25,34.8,11.3));
#8137=CARTESIAN_POINT('',(40.0066740905808,35.,11.3));
#8138=CARTESIAN_POINT('Origin',(43.,37.,11.3));
#8139=CARTESIAN_POINT('',(-28.,35.,11.3));
#8140=CARTESIAN_POINT('',(9.,35.,11.3));
#8141=CARTESIAN_POINT('',(-28.,29.,11.3));
#8142=CARTESIAN_POINT('',(-28.,0.,11.3));
#8143=CARTESIAN_POINT('',(-21.,29.,11.3));
#8144=CARTESIAN_POINT('',(-25.5,29.,11.3));
#8145=CARTESIAN_POINT('',(-21.,21.,11.3));
#8146=CARTESIAN_POINT('',(-21.,25.,11.3));
#8147=CARTESIAN_POINT('',(-28.,21.,11.3));
#8148=CARTESIAN_POINT('',(-25.5,21.,11.3));
#8149=CARTESIAN_POINT('',(-28.,-21.,11.3));
#8150=CARTESIAN_POINT('',(-28.,0.,11.3));
#8151=CARTESIAN_POINT('',(-21.,-21.,11.3));
#8152=CARTESIAN_POINT('',(-25.5,-21.,11.3));
#8153=CARTESIAN_POINT('',(-21.,-29.,11.3));
#8154=CARTESIAN_POINT('',(-21.,-25.,11.3));
#8155=CARTESIAN_POINT('',(-28.,-29.,11.3));
#8156=CARTESIAN_POINT('',(-25.5,-29.,11.3));
#8157=CARTESIAN_POINT('',(-28.,-35.,11.3));
#8158=CARTESIAN_POINT('',(-28.,0.,11.3));
#8159=CARTESIAN_POINT('',(47.4,-35.,11.3));
#8160=CARTESIAN_POINT('',(9.,-35.,11.3));
#8161=CARTESIAN_POINT('',(47.4,-28.,11.3));
#8162=CARTESIAN_POINT('',(47.4,0.,11.3));
#8163=CARTESIAN_POINT('',(41.,-28.,11.3));
#8164=CARTESIAN_POINT('',(44.5,-28.,11.3));
#8165=CARTESIAN_POINT('',(41.,-22.,11.3));
#8166=CARTESIAN_POINT('',(41.,-25.,11.3));
#8167=CARTESIAN_POINT('',(47.4,-22.,11.3));
#8168=CARTESIAN_POINT('',(44.5,-22.,11.3));
#8169=CARTESIAN_POINT('',(47.4,-15.,11.3));
#8170=CARTESIAN_POINT('',(47.4,0.,11.3));
#8171=CARTESIAN_POINT('',(28.6,-15.,11.3));
#8172=CARTESIAN_POINT('',(49.4,0.,11.3));
#8173=CARTESIAN_POINT('',(-26.,40.7,11.3));
#8174=CARTESIAN_POINT('',(-26.,37.3,11.3));
#8175=CARTESIAN_POINT('Origin',(-26.,39.,11.3));
#8176=CARTESIAN_POINT('',(26.,37.3,11.3));
#8177=CARTESIAN_POINT('',(4.5,37.3,11.3));
#8178=CARTESIAN_POINT('',(26.,40.7,11.3));
#8179=CARTESIAN_POINT('Origin',(26.,39.,11.3));
#8180=CARTESIAN_POINT('',(4.5,40.7,11.3));
#8181=CARTESIAN_POINT('',(-26.,-37.3,11.3));
#8182=CARTESIAN_POINT('',(-26.,-40.7,11.3));
#8183=CARTESIAN_POINT('Origin',(-26.,-39.,11.3));
#8184=CARTESIAN_POINT('',(26.,-40.7,11.3));
#8185=CARTESIAN_POINT('',(4.5,-40.7,11.3));
#8186=CARTESIAN_POINT('',(26.,-37.3,11.3));
#8187=CARTESIAN_POINT('Origin',(26.,-39.,11.3));
#8188=CARTESIAN_POINT('',(4.5,-37.3,11.3));
#8189=CARTESIAN_POINT('Origin',(48.2,13.5,28.7));
#8190=CARTESIAN_POINT('',(49.,13.5,28.7));
#8191=CARTESIAN_POINT('',(47.4,34.8,28.7));
#8192=CARTESIAN_POINT('',(47.4,13.5,28.7));
#8193=CARTESIAN_POINT('',(45.849561369755,34.8,28.7));
#8194=CARTESIAN_POINT('',(29.5,34.8,28.7));
#8195=CARTESIAN_POINT('',(40.150438630245,34.8,28.7));
#8196=CARTESIAN_POINT('Origin',(43.,37.,28.7));
#8197=CARTESIAN_POINT('',(10.,34.8,28.7));
#8198=CARTESIAN_POINT('',(29.5,34.8,28.7));
#8199=CARTESIAN_POINT('',(10.,33.4,28.7));
#8200=CARTESIAN_POINT('',(10.,34.1,28.7));
#8201=CARTESIAN_POINT('',(29.5,33.4,28.7));
#8202=CARTESIAN_POINT('',(41.65,37.,28.7));
#8203=CARTESIAN_POINT('Origin',(43.,37.,28.7));
#8204=CARTESIAN_POINT('Origin',(48.2,13.5,28.7));
#8205=CARTESIAN_POINT('',(10.,-13.,28.7));
#8206=CARTESIAN_POINT('',(29.5,-13.,28.7));
#8207=CARTESIAN_POINT('',(10.,-15.,28.7));
#8208=CARTESIAN_POINT('',(10.,-14.,28.7));
#8209=CARTESIAN_POINT('',(14.0100251257868,-15.,28.7));
#8210=CARTESIAN_POINT('',(48.2,-15.,28.7));
#8211=CARTESIAN_POINT('',(17.9899748742132,-15.,28.7));
#8212=CARTESIAN_POINT('Origin',(16.,-18.,28.7));
#8213=CARTESIAN_POINT('',(49.,-15.,28.7));
#8214=CARTESIAN_POINT('',(48.2,-15.,28.7));
#8215=CARTESIAN_POINT('',(49.,13.5,28.7));
#8216=CARTESIAN_POINT('',(14.65,-18.,28.7));
#8217=CARTESIAN_POINT('Origin',(16.,-18.,28.7));
#8218=CARTESIAN_POINT('Origin',(49.4,0.,12.8));
#8219=CARTESIAN_POINT('',(49.4,0.,14.3));
#8220=CARTESIAN_POINT('Origin',(49.,13.5,16.));
#8221=CARTESIAN_POINT('',(49.,-12.75,14.3));
#8222=CARTESIAN_POINT('Origin',(49.,13.5,16.));
#8223=CARTESIAN_POINT('',(49.,-15.,14.3));
#8224=CARTESIAN_POINT('',(49.,-15.,16.));
#8225=CARTESIAN_POINT('',(49.,-12.75,14.3));
#8226=CARTESIAN_POINT('Origin',(9.,-39.,14.3));
#8227=CARTESIAN_POINT('Origin',(44.,-25.,29.05));
#8228=CARTESIAN_POINT('',(42.65,-25.,25.));
#8229=CARTESIAN_POINT('Origin',(44.,-25.,25.));
#8230=CARTESIAN_POINT('',(42.65,-25.,33.));
#8231=CARTESIAN_POINT('',(42.65,-25.,29.05));
#8232=CARTESIAN_POINT('Origin',(44.,-25.,33.));
#8233=CARTESIAN_POINT('Origin',(44.,-25.,25.));
#8234=CARTESIAN_POINT('Origin',(44.5,-28.,22.15));
#8235=CARTESIAN_POINT('',(47.4,-28.,14.3));
#8236=CARTESIAN_POINT('',(47.4,-28.,17.475));
#8237=CARTESIAN_POINT('',(48.,-28.,14.3));
#8238=CARTESIAN_POINT('',(26.75,-28.,14.3));
#8239=CARTESIAN_POINT('',(48.,-28.,33.));
#8240=CARTESIAN_POINT('',(48.,-28.,22.15));
#8241=CARTESIAN_POINT('',(41.,-28.,33.));
#8242=CARTESIAN_POINT('',(44.5,-28.,33.));
#8243=CARTESIAN_POINT('',(41.,-28.,22.15));
#8244=CARTESIAN_POINT('Origin',(48.,-25.,22.15));
#8245=CARTESIAN_POINT('',(48.,-22.,14.3));
#8246=CARTESIAN_POINT('',(48.,-32.,14.3));
#8247=CARTESIAN_POINT('',(48.,-22.,33.));
#8248=CARTESIAN_POINT('',(48.,-22.,22.15));
#8249=CARTESIAN_POINT('',(48.,-25.,33.));
#8250=CARTESIAN_POINT('Origin',(44.5,-25.,33.));
#8251=CARTESIAN_POINT('',(41.,-22.,33.));
#8252=CARTESIAN_POINT('',(44.5,-22.,33.));
#8253=CARTESIAN_POINT('',(41.,-25.,33.));
#8254=CARTESIAN_POINT('Origin',(41.,-25.,22.15));
#8255=CARTESIAN_POINT('',(41.,-22.,22.15));
#8256=CARTESIAN_POINT('Origin',(44.5,-22.,22.15));
#8257=CARTESIAN_POINT('',(47.4,-22.,14.3));
#8258=CARTESIAN_POINT('',(47.4,-22.,17.475));
#8259=CARTESIAN_POINT('',(26.75,-22.,14.3));
#8260=CARTESIAN_POINT('Origin',(47.4,0.,12.8));
#8261=CARTESIAN_POINT('',(47.4,-15.,14.3));
#8262=CARTESIAN_POINT('',(47.4,0.,14.3));
#8263=CARTESIAN_POINT('',(47.4,-15.,14.4));
#8264=CARTESIAN_POINT('Origin',(47.4,0.,12.8));
#8265=CARTESIAN_POINT('',(47.4,-35.,14.3));
#8266=CARTESIAN_POINT('',(47.4,-35.,12.8));
#8267=CARTESIAN_POINT('',(47.4,0.,14.3));
#8268=CARTESIAN_POINT('Origin',(-25.,25.,29.05));
#8269=CARTESIAN_POINT('',(-26.35,25.,25.));
#8270=CARTESIAN_POINT('Origin',(-25.,25.,25.));
#8271=CARTESIAN_POINT('',(-26.35,25.,33.));
#8272=CARTESIAN_POINT('',(-26.35,25.,29.05));
#8273=CARTESIAN_POINT('Origin',(-25.,25.,33.));
#8274=CARTESIAN_POINT('Origin',(-25.,25.,25.));
#8275=CARTESIAN_POINT('Origin',(-25.5,21.,22.15));
#8276=CARTESIAN_POINT('',(-28.,21.,14.3));
#8277=CARTESIAN_POINT('',(-30.,21.,14.3));
#8278=CARTESIAN_POINT('',(-8.25,21.,14.3));
#8279=CARTESIAN_POINT('',(-28.,21.,17.475));
#8280=CARTESIAN_POINT('',(-21.,21.,33.));
#8281=CARTESIAN_POINT('',(-21.,21.,22.15));
#8282=CARTESIAN_POINT('',(-30.,21.,33.));
#8283=CARTESIAN_POINT('',(-25.5,21.,33.));
#8284=CARTESIAN_POINT('',(-30.,21.,22.15));
#8285=CARTESIAN_POINT('Origin',(-25.5,25.,33.));
#8286=CARTESIAN_POINT('',(-21.,29.,33.));
#8287=CARTESIAN_POINT('',(-21.,25.,33.));
#8288=CARTESIAN_POINT('',(-30.,29.,33.));
#8289=CARTESIAN_POINT('',(-25.5,29.,33.));
#8290=CARTESIAN_POINT('',(-30.,25.,33.));
#8291=CARTESIAN_POINT('Origin',(-25.5,29.,22.15));
#8292=CARTESIAN_POINT('',(-30.,29.,14.3));
#8293=CARTESIAN_POINT('',(-28.,29.,14.3));
#8294=CARTESIAN_POINT('',(-8.25,29.,14.3));
#8295=CARTESIAN_POINT('',(-30.,29.,22.15));
#8296=CARTESIAN_POINT('',(-21.,29.,22.15));
#8297=CARTESIAN_POINT('',(-28.,29.,17.475));
#8298=CARTESIAN_POINT('Origin',(-21.,25.,22.15));
#8299=CARTESIAN_POINT('Origin',(9.,-39.,14.3));
#8300=CARTESIAN_POINT('',(-30.,-21.,14.3));
#8301=CARTESIAN_POINT('',(-30.,-39.,14.3));
#8302=CARTESIAN_POINT('',(-28.,-21.,14.3));
#8303=CARTESIAN_POINT('',(-8.25,-21.,14.3));
#8304=CARTESIAN_POINT('',(-28.,0.,14.3));
#8305=CARTESIAN_POINT('Origin',(9.,-39.,14.3));
#8306=CARTESIAN_POINT('',(-28.,35.,14.3));
#8307=CARTESIAN_POINT('',(-28.,0.,14.3));
#8308=CARTESIAN_POINT('',(40.0066740905808,35.,14.3));
#8309=CARTESIAN_POINT('',(9.,35.,14.3));
#8310=CARTESIAN_POINT('',(45.9933259094192,35.,14.3));
#8311=CARTESIAN_POINT('Origin',(43.,37.,14.3));
#8312=CARTESIAN_POINT('',(47.4,35.,14.3));
#8313=CARTESIAN_POINT('',(9.,35.,14.3));
#8314=CARTESIAN_POINT('',(47.4,-12.75,14.3));
#8315=CARTESIAN_POINT('',(48.,43.,14.3));
#8316=CARTESIAN_POINT('',(48.,39.,14.3));
#8317=CARTESIAN_POINT('',(-30.,43.,14.3));
#8318=CARTESIAN_POINT('',(9.,43.,14.3));
#8319=CARTESIAN_POINT('',(-30.,-39.,14.3));
#8320=CARTESIAN_POINT('',(-26.,37.3,14.3));
#8321=CARTESIAN_POINT('',(-26.,40.7,14.3));
#8322=CARTESIAN_POINT('Origin',(-26.,39.,14.3));
#8323=CARTESIAN_POINT('',(26.,40.7,14.3));
#8324=CARTESIAN_POINT('',(4.5,40.7,14.3));
#8325=CARTESIAN_POINT('',(26.,37.3,14.3));
#8326=CARTESIAN_POINT('Origin',(26.,39.,14.3));
#8327=CARTESIAN_POINT('',(4.5,37.3,14.3));
#8328=CARTESIAN_POINT('Origin',(-30.,-39.,12.8));
#8329=CARTESIAN_POINT('',(-30.,-43.,14.3));
#8330=CARTESIAN_POINT('',(-30.,-43.,12.8));
#8331=CARTESIAN_POINT('',(-30.,-29.,14.3));
#8332=CARTESIAN_POINT('',(-30.,-39.,14.3));
#8333=CARTESIAN_POINT('',(-30.,-29.,33.));
#8334=CARTESIAN_POINT('',(-30.,-29.,22.15));
#8335=CARTESIAN_POINT('',(-30.,-21.,33.));
#8336=CARTESIAN_POINT('',(-30.,-25.,33.));
#8337=CARTESIAN_POINT('',(-30.,-21.,22.15));
#8338=CARTESIAN_POINT('',(-30.,43.,12.8));
#8339=CARTESIAN_POINT('Origin',(-28.,0.,12.8));
#8340=CARTESIAN_POINT('',(-28.,-21.,17.475));
#8341=CARTESIAN_POINT('Origin',(-28.,0.,12.8));
#8342=CARTESIAN_POINT('',(-28.,35.,12.8));
#8343=CARTESIAN_POINT('Origin',(-25.,-25.,29.05));
#8344=CARTESIAN_POINT('',(-26.35,-25.,25.));
#8345=CARTESIAN_POINT('Origin',(-25.,-25.,25.));
#8346=CARTESIAN_POINT('',(-26.35,-25.,33.));
#8347=CARTESIAN_POINT('',(-26.35,-25.,29.05));
#8348=CARTESIAN_POINT('Origin',(-25.,-25.,33.));
#8349=CARTESIAN_POINT('Origin',(-25.,-25.,25.));
#8350=CARTESIAN_POINT('Origin',(-25.5,-21.,22.15));
#8351=CARTESIAN_POINT('',(-21.,-21.,33.));
#8352=CARTESIAN_POINT('',(-25.5,-21.,33.));
#8353=CARTESIAN_POINT('',(-21.,-21.,22.15));
#8354=CARTESIAN_POINT('Origin',(-25.5,-25.,33.));
#8355=CARTESIAN_POINT('',(-21.,-29.,33.));
#8356=CARTESIAN_POINT('',(-21.,-25.,33.));
#8357=CARTESIAN_POINT('',(-25.5,-29.,33.));
#8358=CARTESIAN_POINT('Origin',(-25.5,-29.,22.15));
#8359=CARTESIAN_POINT('',(-28.,-29.,14.3));
#8360=CARTESIAN_POINT('',(-28.,-29.,17.475));
#8361=CARTESIAN_POINT('',(-21.,-29.,22.15));
#8362=CARTESIAN_POINT('',(-8.25,-29.,14.3));
#8363=CARTESIAN_POINT('Origin',(-21.,-25.,22.15));
#8364=CARTESIAN_POINT('Origin',(-28.,0.,12.8));
#8365=CARTESIAN_POINT('',(-28.,-35.,14.3));
#8366=CARTESIAN_POINT('',(-28.,0.,14.3));
#8367=CARTESIAN_POINT('',(-28.,-35.,12.8));
#8368=CARTESIAN_POINT('Origin',(9.,-39.,14.3));
#8369=CARTESIAN_POINT('',(28.6,-15.,14.3));
#8370=CARTESIAN_POINT('',(9.,-35.,14.3));
#8371=CARTESIAN_POINT('',(48.,-43.,14.3));
#8372=CARTESIAN_POINT('',(9.,-43.,14.3));
#8373=CARTESIAN_POINT('',(48.,-42.,14.3));
#8374=CARTESIAN_POINT('',(48.,-39.,14.3));
#8375=CARTESIAN_POINT('',(49.4,-42.,14.3));
#8376=CARTESIAN_POINT('',(48.4,-42.,14.3));
#8377=CARTESIAN_POINT('',(49.4,0.,14.3));
#8378=CARTESIAN_POINT('',(-26.,-40.7,14.3));
#8379=CARTESIAN_POINT('',(-26.,-37.3,14.3));
#8380=CARTESIAN_POINT('Origin',(-26.,-39.,14.3));
#8381=CARTESIAN_POINT('',(26.,-37.3,14.3));
#8382=CARTESIAN_POINT('',(4.5,-37.3,14.3));
#8383=CARTESIAN_POINT('',(26.,-40.7,14.3));
#8384=CARTESIAN_POINT('Origin',(26.,-39.,14.3));
#8385=CARTESIAN_POINT('',(4.5,-40.7,14.3));
#8386=CARTESIAN_POINT('Origin',(43.,37.,24.75));
#8387=CARTESIAN_POINT('',(41.65,37.,20.7));
#8388=CARTESIAN_POINT('Origin',(43.,37.,20.7));
#8389=CARTESIAN_POINT('',(41.65,37.,24.75));
#8390=CARTESIAN_POINT('Origin',(43.,37.,20.7));
#8391=CARTESIAN_POINT('Origin',(43.,37.,20.));
#8392=CARTESIAN_POINT('',(40.150438630245,34.8,20.));
#8393=CARTESIAN_POINT('',(45.849561369755,34.8,20.));
#8394=CARTESIAN_POINT('',(45.9933259094192,35.,20.));
#8395=CARTESIAN_POINT('',(40.0066740905808,35.,20.));
#8396=CARTESIAN_POINT('Origin',(29.5,34.8,16.));
#8397=CARTESIAN_POINT('',(47.4,34.8,3.3));
#8398=CARTESIAN_POINT('',(47.4,34.8,14.4));
#8399=CARTESIAN_POINT('',(10.,34.8,3.3));
#8400=CARTESIAN_POINT('',(29.5,34.8,3.3));
#8401=CARTESIAN_POINT('',(10.,34.8,16.));
#8402=CARTESIAN_POINT('Origin',(9.,35.,12.8));
#8403=CARTESIAN_POINT('',(47.4,35.,12.8));
#8404=CARTESIAN_POINT('Origin',(16.,-18.,24.75));
#8405=CARTESIAN_POINT('',(14.65,-18.,20.7));
#8406=CARTESIAN_POINT('Origin',(16.,-18.,20.7));
#8407=CARTESIAN_POINT('',(14.65,-18.,24.75));
#8408=CARTESIAN_POINT('Origin',(16.,-18.,20.7));
#8409=CARTESIAN_POINT('Origin',(16.,-16.,15.3));
#8410=CARTESIAN_POINT('',(12.,-15.,15.3));
#8411=CARTESIAN_POINT('',(14.0100251257868,-15.,15.3));
#8412=CARTESIAN_POINT('',(32.1,-15.,15.3));
#8413=CARTESIAN_POINT('',(12.,-18.,15.3));
#8414=CARTESIAN_POINT('',(12.,-16.,15.3));
#8415=CARTESIAN_POINT('',(12.4,-18.,15.3));
#8416=CARTESIAN_POINT('',(16.,-18.,15.3));
#8417=CARTESIAN_POINT('Origin',(16.,-18.,15.3));
#8418=CARTESIAN_POINT('Origin',(16.,-16.,15.3));
#8419=CARTESIAN_POINT('',(17.9899748742132,-15.,15.3));
#8420=CARTESIAN_POINT('',(20.,-15.,15.3));
#8421=CARTESIAN_POINT('',(32.1,-15.,15.3));
#8422=CARTESIAN_POINT('',(19.6,-18.,15.3));
#8423=CARTESIAN_POINT('Origin',(16.,-18.,15.3));
#8424=CARTESIAN_POINT('',(20.,-18.,15.3));
#8425=CARTESIAN_POINT('',(16.,-18.,15.3));
#8426=CARTESIAN_POINT('',(20.,-16.,15.3));
#8427=CARTESIAN_POINT('Origin',(12.,-16.,13.3));
#8428=CARTESIAN_POINT('',(12.,-15.,11.3));
#8429=CARTESIAN_POINT('',(12.,-15.,14.65));
#8430=CARTESIAN_POINT('',(12.,-18.,11.3));
#8431=CARTESIAN_POINT('',(12.,-16.,11.3));
#8432=CARTESIAN_POINT('',(12.,-18.,13.3));
#8433=CARTESIAN_POINT('Origin',(16.,-18.,13.3));
#8434=CARTESIAN_POINT('',(12.4,-18.,11.3));
#8435=CARTESIAN_POINT('',(12.4,-18.,20.));
#8436=CARTESIAN_POINT('',(16.,-18.,11.3));
#8437=CARTESIAN_POINT('Origin',(16.,-18.,13.3));
#8438=CARTESIAN_POINT('',(19.6,-18.,11.3));
#8439=CARTESIAN_POINT('',(19.6,-18.,20.));
#8440=CARTESIAN_POINT('',(20.,-18.,11.3));
#8441=CARTESIAN_POINT('',(16.,-18.,11.3));
#8442=CARTESIAN_POINT('',(20.,-18.,13.3));
#8443=CARTESIAN_POINT('Origin',(20.,-16.,13.3));
#8444=CARTESIAN_POINT('',(20.,-15.,11.3));
#8445=CARTESIAN_POINT('',(20.,-15.,14.65));
#8446=CARTESIAN_POINT('',(20.,-16.,11.3));
#8447=CARTESIAN_POINT('Origin',(48.2,-15.,16.));
#8448=CARTESIAN_POINT('',(32.1,-15.,11.3));
#8449=CARTESIAN_POINT('',(14.0100251257868,-15.,20.));
#8450=CARTESIAN_POINT('',(10.,-15.,2.3));
#8451=CARTESIAN_POINT('',(10.,-15.,16.));
#8452=CARTESIAN_POINT('',(29.5,-15.,2.3));
#8453=CARTESIAN_POINT('',(17.9899748742132,-15.,20.));
#8454=CARTESIAN_POINT('Origin',(16.,-18.,11.3));
#8455=CARTESIAN_POINT('Origin',(16.,-18.,11.3));
#8456=CARTESIAN_POINT('Origin',(16.,-18.,20.));
#8457=CARTESIAN_POINT('Origin',(29.5,33.4,16.));
#8458=CARTESIAN_POINT('',(10.,33.4,3.3));
#8459=CARTESIAN_POINT('',(10.,33.4,16.));
#8460=CARTESIAN_POINT('',(29.5,33.4,3.3));
#8461=CARTESIAN_POINT('Origin',(48.2,13.5,3.3));
#8462=CARTESIAN_POINT('',(10.,34.,3.3));
#8463=CARTESIAN_POINT('',(29.5,34.,3.3));
#8464=CARTESIAN_POINT('',(10.,34.1,3.3));
#8465=CARTESIAN_POINT('',(47.4,13.5,3.3));
#8466=CARTESIAN_POINT('Origin',(29.5,9.5,3.3));
#8467=CARTESIAN_POINT('',(10.,-13.,3.3));
#8468=CARTESIAN_POINT('',(10.,9.5,3.3));
#8469=CARTESIAN_POINT('',(29.5,-13.,3.3));
#8470=CARTESIAN_POINT('Origin',(29.5,-13.,16.));
#8471=CARTESIAN_POINT('',(10.,-13.,16.));
#8472=CARTESIAN_POINT('Origin',(29.5,9.5,2.3));
#8473=CARTESIAN_POINT('',(10.,34.,2.3));
#8474=CARTESIAN_POINT('',(10.,9.5,2.3));
#8475=CARTESIAN_POINT('',(29.5,34.,2.3));
#8476=CARTESIAN_POINT('Origin',(10.,9.5,2.8));
#8477=CARTESIAN_POINT('',(10.,34.,2.8));
#8478=CARTESIAN_POINT('Origin',(29.5,34.,2.8));
#8479=CARTESIAN_POINT('Origin',(26.,39.,12.8));
#8480=CARTESIAN_POINT('',(26.,37.3,12.8));
#8481=CARTESIAN_POINT('',(26.,40.7,12.8));
#8482=CARTESIAN_POINT('Origin',(0.,40.7,12.8));
#8483=CARTESIAN_POINT('',(-26.,40.7,12.8));
#8484=CARTESIAN_POINT('Origin',(-26.,39.,12.8));
#8485=CARTESIAN_POINT('',(-26.,37.3,12.8));
#8486=CARTESIAN_POINT('Origin',(0.,37.3,12.8));
#8487=CARTESIAN_POINT('Origin',(26.,-39.,12.8));
#8488=CARTESIAN_POINT('',(26.,-40.7,12.8));
#8489=CARTESIAN_POINT('',(26.,-37.3,12.8));
#8490=CARTESIAN_POINT('Origin',(0.,-37.3,12.8));
#8491=CARTESIAN_POINT('',(-26.,-37.3,12.8));
#8492=CARTESIAN_POINT('Origin',(-26.,-39.,12.8));
#8493=CARTESIAN_POINT('',(-26.,-40.7,12.8));
#8494=CARTESIAN_POINT('Origin',(0.,-40.7,12.8));
#8495=CARTESIAN_POINT('Origin',(48.4,-42.,12.8));
#8496=CARTESIAN_POINT('',(48.,-42.,12.8));
#8497=CARTESIAN_POINT('',(49.4,-42.,12.8));
#8498=CARTESIAN_POINT('Origin',(47.4,0.,12.8));
#8499=CARTESIAN_POINT('Origin',(49.4,0.,12.8));
#8500=CARTESIAN_POINT('Origin',(48.,39.,12.8));
#8501=CARTESIAN_POINT('',(48.,43.,12.8));
#8502=CARTESIAN_POINT('Origin',(9.,-35.,12.8));
#8503=CARTESIAN_POINT('Origin',(9.,35.,12.8));
#8504=CARTESIAN_POINT('Origin',(9.,43.,12.8));
#8505=CARTESIAN_POINT('Origin',(9.,-43.,12.8));
#8506=CARTESIAN_POINT('',(48.,-43.,12.8));
#8507=CARTESIAN_POINT('Origin',(48.,-39.,12.8));
#8508=CARTESIAN_POINT('',(0.,0.,0.));
#8509=CARTESIAN_POINT('Origin',(50.25,28.5,30.));
#8510=CARTESIAN_POINT('',(46.5,28.5,31.));
#8511=CARTESIAN_POINT('',(47.,28.5,31.));
#8512=CARTESIAN_POINT('',(39.875,28.5,31.));
#8513=CARTESIAN_POINT('',(46.5,28.5,29.));
#8514=CARTESIAN_POINT('',(46.5,28.5,30.));
#8515=CARTESIAN_POINT('',(47.,28.5,29.));
#8516=CARTESIAN_POINT('',(39.875,28.5,29.));
#8517=CARTESIAN_POINT('',(47.,28.5,30.));
#8518=CARTESIAN_POINT('Origin',(50.25,21.5,30.));
#8519=CARTESIAN_POINT('',(47.,21.5,31.));
#8520=CARTESIAN_POINT('',(46.5,21.5,31.));
#8521=CARTESIAN_POINT('',(39.875,21.5,31.));
#8522=CARTESIAN_POINT('',(47.,21.5,29.));
#8523=CARTESIAN_POINT('',(47.,21.5,30.));
#8524=CARTESIAN_POINT('',(46.5,21.5,29.));
#8525=CARTESIAN_POINT('',(39.875,21.5,29.));
#8526=CARTESIAN_POINT('',(46.5,21.5,30.));
#8527=CARTESIAN_POINT('Origin',(46.5,25.,30.));
#8528=CARTESIAN_POINT('',(46.5,17.25,31.));
#8529=CARTESIAN_POINT('',(46.5,17.25,29.));
#8530=CARTESIAN_POINT('Origin',(29.5,9.5,29.));
#8531=CARTESIAN_POINT('',(47.,-21.5,29.));
#8532=CARTESIAN_POINT('',(47.,9.5,29.));
#8533=CARTESIAN_POINT('',(12.,-21.5,29.));
#8534=CARTESIAN_POINT('',(29.5,-21.5,29.));
#8535=CARTESIAN_POINT('',(12.,40.5,29.));
#8536=CARTESIAN_POINT('',(12.,9.5,29.));
#8537=CARTESIAN_POINT('',(47.,40.5,29.));
#8538=CARTESIAN_POINT('',(29.5,40.5,29.));
#8539=CARTESIAN_POINT('',(47.,9.5,29.));
#8540=CARTESIAN_POINT('',(17.,-10.,29.));
#8541=CARTESIAN_POINT('',(42.,-10.,29.));
#8542=CARTESIAN_POINT('',(29.5,-10.,29.));
#8543=CARTESIAN_POINT('',(42.,29.,29.));
#8544=CARTESIAN_POINT('',(42.,9.5,29.));
#8545=CARTESIAN_POINT('',(17.,29.,29.));
#8546=CARTESIAN_POINT('',(29.5,29.,29.));
#8547=CARTESIAN_POINT('',(17.,9.5,29.));
#8548=CARTESIAN_POINT('',(14.3,-18.,29.));
#8549=CARTESIAN_POINT('Origin',(16.,-18.,29.));
#8550=CARTESIAN_POINT('',(41.3,37.,29.));
#8551=CARTESIAN_POINT('Origin',(43.,37.,29.));
#8552=CARTESIAN_POINT('Origin',(47.,9.5,30.));
#8553=CARTESIAN_POINT('',(47.,-21.5,31.));
#8554=CARTESIAN_POINT('',(47.,9.5,31.));
#8555=CARTESIAN_POINT('',(47.,-21.5,30.));
#8556=CARTESIAN_POINT('Origin',(47.,9.5,30.));
#8557=CARTESIAN_POINT('',(47.,40.5,31.));
#8558=CARTESIAN_POINT('',(47.,40.5,30.));
#8559=CARTESIAN_POINT('',(47.,9.5,31.));
#8560=CARTESIAN_POINT('Origin',(43.,37.,30.));
#8561=CARTESIAN_POINT('',(41.3,37.,31.));
#8562=CARTESIAN_POINT('',(41.3,37.,30.));
#8563=CARTESIAN_POINT('Origin',(43.,37.,31.));
#8564=CARTESIAN_POINT('Origin',(16.,-18.,30.));
#8565=CARTESIAN_POINT('',(14.3,-18.,31.));
#8566=CARTESIAN_POINT('',(14.3,-18.,30.));
#8567=CARTESIAN_POINT('Origin',(16.,-18.,31.));
#8568=CARTESIAN_POINT('Origin',(29.5,29.,30.));
#8569=CARTESIAN_POINT('',(17.,29.,31.));
#8570=CARTESIAN_POINT('',(42.,29.,31.));
#8571=CARTESIAN_POINT('',(29.5,29.,31.));
#8572=CARTESIAN_POINT('',(17.,29.,30.));
#8573=CARTESIAN_POINT('',(42.,29.,30.));
#8574=CARTESIAN_POINT('Origin',(42.,9.5,30.));
#8575=CARTESIAN_POINT('',(42.,-10.,31.));
#8576=CARTESIAN_POINT('',(42.,9.5,31.));
#8577=CARTESIAN_POINT('',(42.,-10.,30.));
#8578=CARTESIAN_POINT('Origin',(29.5,-10.,30.));
#8579=CARTESIAN_POINT('',(17.,-10.,31.));
#8580=CARTESIAN_POINT('',(29.5,-10.,31.));
#8581=CARTESIAN_POINT('',(17.,-10.,30.));
#8582=CARTESIAN_POINT('Origin',(17.,9.5,30.));
#8583=CARTESIAN_POINT('',(17.,9.5,31.));
#8584=CARTESIAN_POINT('Origin',(29.5,9.5,31.));
#8585=CARTESIAN_POINT('',(12.,40.5,31.));
#8586=CARTESIAN_POINT('',(29.5,40.5,31.));
#8587=CARTESIAN_POINT('',(12.,-21.5,31.));
#8588=CARTESIAN_POINT('',(12.,9.5,31.));
#8589=CARTESIAN_POINT('',(29.5,-21.5,31.));
#8590=CARTESIAN_POINT('Origin',(29.5,-21.5,30.));
#8591=CARTESIAN_POINT('',(12.,-21.5,30.));
#8592=CARTESIAN_POINT('Origin',(12.,9.5,30.));
#8593=CARTESIAN_POINT('',(12.,40.5,30.));
#8594=CARTESIAN_POINT('Origin',(29.5,40.5,30.));
#8595=CARTESIAN_POINT('',(0.,0.,0.));
#8596=CARTESIAN_POINT('Origin',(0.85,8.,16.));
#8597=CARTESIAN_POINT('',(-5.,8.,14.3));
#8598=CARTESIAN_POINT('',(-5.,8.,17.7));
#8599=CARTESIAN_POINT('Origin',(-5.,8.,16.));
#8600=CARTESIAN_POINT('',(6.7,8.,14.3));
#8601=CARTESIAN_POINT('',(0.85,8.,14.3));
#8602=CARTESIAN_POINT('',(6.7,8.,17.7));
#8603=CARTESIAN_POINT('Origin',(6.7,8.,16.));
#8604=CARTESIAN_POINT('',(0.85,8.,17.7));
#8605=CARTESIAN_POINT('Origin',(0.85,7.,17.7));
#8606=CARTESIAN_POINT('',(-5.,6.,17.7));
#8607=CARTESIAN_POINT('',(-5.,3.5,17.7));
#8608=CARTESIAN_POINT('',(6.7,6.,17.7));
#8609=CARTESIAN_POINT('',(6.7,3.5,17.7));
#8610=CARTESIAN_POINT('',(0.85,6.,17.7));
#8611=CARTESIAN_POINT('Origin',(0.85,6.,16.));
#8612=CARTESIAN_POINT('',(-5.,6.,14.3));
#8613=CARTESIAN_POINT('Origin',(-5.,6.,16.));
#8614=CARTESIAN_POINT('',(6.7,6.,14.3));
#8615=CARTESIAN_POINT('Origin',(6.7,6.,16.));
#8616=CARTESIAN_POINT('',(0.85,6.,14.3));
#8617=CARTESIAN_POINT('Origin',(0.85,7.,14.3));
#8618=CARTESIAN_POINT('',(-5.,3.5,14.3));
#8619=CARTESIAN_POINT('',(6.7,3.5,14.3));
#8620=CARTESIAN_POINT('Origin',(0.85,-6.,16.));
#8621=CARTESIAN_POINT('',(-5.,-6.,14.3));
#8622=CARTESIAN_POINT('',(-5.,-6.,17.7));
#8623=CARTESIAN_POINT('Origin',(-5.,-6.,16.));
#8624=CARTESIAN_POINT('',(6.7,-6.,14.3));
#8625=CARTESIAN_POINT('',(0.85,-6.,14.3));
#8626=CARTESIAN_POINT('',(6.7,-6.,17.7));
#8627=CARTESIAN_POINT('Origin',(6.7,-6.,16.));
#8628=CARTESIAN_POINT('',(0.85,-6.,17.7));
#8629=CARTESIAN_POINT('Origin',(0.85,-7.,17.7));
#8630=CARTESIAN_POINT('',(-5.,-8.,17.7));
#8631=CARTESIAN_POINT('',(-5.,-3.5,17.7));
#8632=CARTESIAN_POINT('',(6.7,-8.,17.7));
#8633=CARTESIAN_POINT('',(6.7,-3.5,17.7));
#8634=CARTESIAN_POINT('',(0.85,-8.,17.7));
#8635=CARTESIAN_POINT('Origin',(0.85,-8.,16.));
#8636=CARTESIAN_POINT('',(-5.,-8.,14.3));
#8637=CARTESIAN_POINT('Origin',(-5.,-8.,16.));
#8638=CARTESIAN_POINT('',(6.7,-8.,14.3));
#8639=CARTESIAN_POINT('Origin',(6.7,-8.,16.));
#8640=CARTESIAN_POINT('',(0.85,-8.,14.3));
#8641=CARTESIAN_POINT('Origin',(0.85,-7.,14.3));
#8642=CARTESIAN_POINT('',(-5.,-3.5,14.3));
#8643=CARTESIAN_POINT('',(6.7,-3.5,14.3));
#8644=CARTESIAN_POINT('Origin',(0.85,0.,16.));
#8645=CARTESIAN_POINT('',(-5.,3.115,17.5958618361249));
#8646=CARTESIAN_POINT('',(0.5,3.115,17.5958618361249));
#8647=CARTESIAN_POINT('',(0.85,3.115,17.5958618361249));
#8648=CARTESIAN_POINT('',(-5.,-3.115,17.5958618361249));
#8649=CARTESIAN_POINT('Origin',(-5.,0.,16.));
#8650=CARTESIAN_POINT('',(0.5,-3.115,17.5958618361249));
#8651=CARTESIAN_POINT('',(0.85,-3.115,17.5958618361249));
#8652=CARTESIAN_POINT('',(0.5,-4.28626379701573E-16,19.5));
#8653=CARTESIAN_POINT('Origin',(0.5,0.,16.));
#8654=CARTESIAN_POINT('',(6.7,4.28626379701574E-16,19.5));
#8655=CARTESIAN_POINT('',(0.85,-4.28626379701574E-16,19.5));
#8656=CARTESIAN_POINT('Origin',(6.7,0.,16.));
#8657=CARTESIAN_POINT('Origin',(0.5,0.,16.));
#8658=CARTESIAN_POINT('Origin',(0.85,-7.,16.));
#8659=CARTESIAN_POINT('',(-5.,-7.5,11.8298681076014));
#8660=CARTESIAN_POINT('Origin',(-5.,-7.,16.));
#8661=CARTESIAN_POINT('',(-3.5,-9.,12.3067629374761));
#8662=CARTESIAN_POINT('Ctrl Pts',(-3.5,-9.,12.3067629374761));
#8663=CARTESIAN_POINT('Ctrl Pts',(-3.69085468530788,-9.,12.3067629374761));
#8664=CARTESIAN_POINT('Ctrl Pts',(-3.89195443513574,-8.96140287781832,12.2851461640696));
#8665=CARTESIAN_POINT('Ctrl Pts',(-4.25826531038344,-8.80933610971203,12.2087544835418));
#8666=CARTESIAN_POINT('Ctrl Pts',(-4.42376661396308,-8.69598746597121,12.1551348511866));
#8667=CARTESIAN_POINT('Ctrl Pts',(-4.6879150711444,-8.43493181193398,12.0501647728564));
#8668=CARTESIAN_POINT('Ctrl Pts',(-4.8042436823157,-8.26769869191521,11.9912967792925));
#8669=CARTESIAN_POINT('Ctrl Pts',(-4.96036140271358,-7.89718702086108,11.892468265347));
#8670=CARTESIAN_POINT('Ctrl Pts',(-5.,-7.6936896076535,11.8530915466498));
#8671=CARTESIAN_POINT('Ctrl Pts',(-5.,-7.5,11.8298681076014));
#8672=CARTESIAN_POINT('',(0.5,-9.,12.3067629374761));
#8673=CARTESIAN_POINT('',(0.85,-9.,12.3067629374761));
#8674=CARTESIAN_POINT('Origin',(0.5,-7.,16.));
#8675=CARTESIAN_POINT('Origin',(-5.,0.,13.5));
#8676=CARTESIAN_POINT('',(-5.,7.5,11.8298681076014));
#8677=CARTESIAN_POINT('Origin',(-5.,7.,16.));
#8678=CARTESIAN_POINT('',(-5.,7.5,11.));
#8679=CARTESIAN_POINT('',(-5.,7.5,13.5));
#8680=CARTESIAN_POINT('',(-5.,7.5,7.3));
#8681=CARTESIAN_POINT('',(-5.,7.5,9.65));
#8682=CARTESIAN_POINT('',(-5.,5.5,7.3));
#8683=CARTESIAN_POINT('',(-5.,6.5,7.3));
#8684=CARTESIAN_POINT('',(-5.,5.5,11.));
#8685=CARTESIAN_POINT('',(-5.,5.5,9.65));
#8686=CARTESIAN_POINT('',(-5.,-5.5,11.));
#8687=CARTESIAN_POINT('',(-5.,0.,11.));
#8688=CARTESIAN_POINT('',(-5.,-5.5,7.3));
#8689=CARTESIAN_POINT('',(-5.,-5.5,9.65));
#8690=CARTESIAN_POINT('',(-5.,-7.5,7.3));
#8691=CARTESIAN_POINT('',(-5.,-6.5,7.3));
#8692=CARTESIAN_POINT('',(-5.,-7.5,11.));
#8693=CARTESIAN_POINT('',(-5.,-7.5,9.65));
#8694=CARTESIAN_POINT('',(-5.,-7.5,13.5));
#8695=CARTESIAN_POINT('Origin',(0.85,7.,16.));
#8696=CARTESIAN_POINT('',(0.5,9.,12.3067629374761));
#8697=CARTESIAN_POINT('Origin',(0.5,7.,16.));
#8698=CARTESIAN_POINT('',(-3.5,9.,12.3067629374761));
#8699=CARTESIAN_POINT('',(0.85,9.,12.3067629374761));
#8700=CARTESIAN_POINT('Ctrl Pts',(-5.,7.5,11.8298681076014));
#8701=CARTESIAN_POINT('Ctrl Pts',(-5.,7.6936896076535,11.8530915466498));
#8702=CARTESIAN_POINT('Ctrl Pts',(-4.96036140271358,7.89718702086108,11.892468265347));
#8703=CARTESIAN_POINT('Ctrl Pts',(-4.8042436823157,8.26769869191521,11.9912967792925));
#8704=CARTESIAN_POINT('Ctrl Pts',(-4.6879150711444,8.43493181193398,12.0501647728564));
#8705=CARTESIAN_POINT('Ctrl Pts',(-4.42376661396308,8.69598746597121,12.1551348511866));
#8706=CARTESIAN_POINT('Ctrl Pts',(-4.25826531038344,8.80933610971203,12.2087544835418));
#8707=CARTESIAN_POINT('Ctrl Pts',(-3.89195443513574,8.96140287781832,12.2851461640696));
#8708=CARTESIAN_POINT('Ctrl Pts',(-3.69085468530788,9.,12.3067629374761));
#8709=CARTESIAN_POINT('Ctrl Pts',(-3.5,9.,12.3067629374761));
#8710=CARTESIAN_POINT('Origin',(0.85,7.,16.));
#8711=CARTESIAN_POINT('',(6.7,8.28062484748657,12.));
#8712=CARTESIAN_POINT('',(4.7808687862098,8.28062484748657,12.));
#8713=CARTESIAN_POINT('',(0.85,8.28062484748657,12.));
#8714=CARTESIAN_POINT('',(6.7,5.71937515251343,12.));
#8715=CARTESIAN_POINT('Origin',(6.7,7.,16.));
#8716=CARTESIAN_POINT('',(5.,5.71937515251343,12.));
#8717=CARTESIAN_POINT('',(0.85,5.71937515251343,12.));
#8718=CARTESIAN_POINT('',(5.,7.5,11.8298681076014));
#8719=CARTESIAN_POINT('Origin',(5.,7.,16.));
#8720=CARTESIAN_POINT('Ctrl Pts',(4.7808687862098,8.28062484748657,12.));
#8721=CARTESIAN_POINT('Ctrl Pts',(4.81924991770353,8.21764812637908,11.9798376115341));
#8722=CARTESIAN_POINT('Ctrl Pts',(4.85332099191027,8.1512243035986,11.9602289571175));
#8723=CARTESIAN_POINT('Ctrl Pts',(4.96036140271358,7.89718702086108,11.892468265347));
#8724=CARTESIAN_POINT('Ctrl Pts',(5.,7.6936896076535,11.8530915466498));
#8725=CARTESIAN_POINT('Ctrl Pts',(5.,7.5,11.8298681076014));
#8726=CARTESIAN_POINT('Origin',(5.,0.,13.5));
#8727=CARTESIAN_POINT('',(5.,-5.71937515251343,12.));
#8728=CARTESIAN_POINT('',(5.,0.,12.));
#8729=CARTESIAN_POINT('',(5.,-7.5,11.8298681076014));
#8730=CARTESIAN_POINT('Origin',(5.,-7.,16.));
#8731=CARTESIAN_POINT('',(5.,-7.5,11.));
#8732=CARTESIAN_POINT('',(5.,-7.5,13.5));
#8733=CARTESIAN_POINT('',(5.,7.5,11.));
#8734=CARTESIAN_POINT('',(5.,0.,11.));
#8735=CARTESIAN_POINT('',(5.,7.5,13.5));
#8736=CARTESIAN_POINT('Origin',(3.6,0.,12.));
#8737=CARTESIAN_POINT('',(6.7,-5.71937515251343,12.));
#8738=CARTESIAN_POINT('',(6.7,0.,12.));
#8739=CARTESIAN_POINT('',(0.85,-5.71937515251343,12.));
#8740=CARTESIAN_POINT('Origin',(0.,9.,13.5));
#8741=CARTESIAN_POINT('',(0.5,9.,12.));
#8742=CARTESIAN_POINT('',(0.5,9.,16.25));
#8743=CARTESIAN_POINT('',(3.5,9.,12.));
#8744=CARTESIAN_POINT('',(1.8,9.,12.));
#8745=CARTESIAN_POINT('',(3.5,9.,11.));
#8746=CARTESIAN_POINT('',(3.5,9.,13.5));
#8747=CARTESIAN_POINT('',(-3.5,9.,11.));
#8748=CARTESIAN_POINT('',(0.,9.,11.));
#8749=CARTESIAN_POINT('',(-3.5,9.,13.5));
#8750=CARTESIAN_POINT('Origin',(0.5,0.,19.));
#8751=CARTESIAN_POINT('',(0.5,-9.,12.));
#8752=CARTESIAN_POINT('',(0.5,-9.,16.25));
#8753=CARTESIAN_POINT('',(0.5,-12.,12.));
#8754=CARTESIAN_POINT('',(0.5,0.,12.));
#8755=CARTESIAN_POINT('',(0.5,-12.,26.));
#8756=CARTESIAN_POINT('',(0.5,-12.,19.));
#8757=CARTESIAN_POINT('',(0.5,12.,26.));
#8758=CARTESIAN_POINT('',(0.5,0.,26.));
#8759=CARTESIAN_POINT('',(0.5,12.,12.));
#8760=CARTESIAN_POINT('',(0.5,12.,19.));
#8761=CARTESIAN_POINT('',(0.5,0.,12.));
#8762=CARTESIAN_POINT('Origin',(0.85,-7.,16.));
#8763=CARTESIAN_POINT('',(4.7808687862098,-8.28062484748657,12.));
#8764=CARTESIAN_POINT('',(6.7,-8.28062484748657,12.));
#8765=CARTESIAN_POINT('',(0.85,-8.28062484748657,12.));
#8766=CARTESIAN_POINT('Ctrl Pts',(5.,-7.5,11.8298681076014));
#8767=CARTESIAN_POINT('Ctrl Pts',(5.,-7.69368960765349,11.8530915466498));
#8768=CARTESIAN_POINT('Ctrl Pts',(4.96036140271358,-7.89718702086108,11.892468265347));
#8769=CARTESIAN_POINT('Ctrl Pts',(4.85332099191027,-8.1512243035986,11.9602289571175));
#8770=CARTESIAN_POINT('Ctrl Pts',(4.81924991770354,-8.21764812637908,11.9798376115341));
#8771=CARTESIAN_POINT('Ctrl Pts',(4.7808687862098,-8.28062484748657,12.));
#8772=CARTESIAN_POINT('Origin',(6.7,-7.,16.));
#8773=CARTESIAN_POINT('Origin',(0.,-9.,13.5));
#8774=CARTESIAN_POINT('',(-3.5,-9.,11.));
#8775=CARTESIAN_POINT('',(-3.5,-9.,13.5));
#8776=CARTESIAN_POINT('',(3.5,-9.,11.));
#8777=CARTESIAN_POINT('',(0.,-9.,11.));
#8778=CARTESIAN_POINT('',(3.5,-9.,12.));
#8779=CARTESIAN_POINT('',(3.5,-9.,13.5));
#8780=CARTESIAN_POINT('',(1.8,-9.,12.));
#8781=CARTESIAN_POINT('Origin',(-3.5,-7.5,13.5));
#8782=CARTESIAN_POINT('Origin',(-3.5,-7.5,11.));
#8783=CARTESIAN_POINT('Origin',(6.7,0.,19.));
#8784=CARTESIAN_POINT('',(6.7,12.,12.));
#8785=CARTESIAN_POINT('',(6.7,0.,12.));
#8786=CARTESIAN_POINT('',(6.7,12.,26.));
#8787=CARTESIAN_POINT('',(6.7,12.,19.));
#8788=CARTESIAN_POINT('',(6.7,-12.,26.));
#8789=CARTESIAN_POINT('',(6.7,0.,26.));
#8790=CARTESIAN_POINT('',(6.7,-12.,12.));
#8791=CARTESIAN_POINT('',(6.7,-12.,19.));
#8792=CARTESIAN_POINT('',(6.7,0.,12.));
#8793=CARTESIAN_POINT('Origin',(3.6,0.,12.));
#8794=CARTESIAN_POINT('Origin',(3.5,7.5,12.));
#8795=CARTESIAN_POINT('',(3.6,12.,12.));
#8796=CARTESIAN_POINT('Origin',(-1.,8.5,9.65));
#8797=CARTESIAN_POINT('',(2.,8.5,11.));
#8798=CARTESIAN_POINT('',(-4.,8.5,11.));
#8799=CARTESIAN_POINT('',(-0.5,8.5,11.));
#8800=CARTESIAN_POINT('',(2.,8.5,7.3));
#8801=CARTESIAN_POINT('',(2.,8.5,9.65));
#8802=CARTESIAN_POINT('',(-4.,8.5,7.3));
#8803=CARTESIAN_POINT('',(-1.,8.5,7.3));
#8804=CARTESIAN_POINT('',(-4.,8.5,9.65));
#8805=CARTESIAN_POINT('Origin',(2.,7.5,9.65));
#8806=CARTESIAN_POINT('',(3.,7.5,11.));
#8807=CARTESIAN_POINT('Origin',(2.,7.5,11.));
#8808=CARTESIAN_POINT('',(3.,7.5,7.3));
#8809=CARTESIAN_POINT('',(3.,7.5,9.65));
#8810=CARTESIAN_POINT('Origin',(2.,7.5,7.3));
#8811=CARTESIAN_POINT('Origin',(3.,6.5,9.65));
#8812=CARTESIAN_POINT('',(3.,5.5,11.));
#8813=CARTESIAN_POINT('',(3.,3.25,11.));
#8814=CARTESIAN_POINT('',(3.,5.5,7.3));
#8815=CARTESIAN_POINT('',(3.,5.5,9.65));
#8816=CARTESIAN_POINT('',(3.,6.5,7.3));
#8817=CARTESIAN_POINT('Origin',(2.,5.5,9.65));
#8818=CARTESIAN_POINT('',(2.,4.5,11.));
#8819=CARTESIAN_POINT('Origin',(2.,5.5,11.));
#8820=CARTESIAN_POINT('',(2.,4.5,7.3));
#8821=CARTESIAN_POINT('',(2.,4.5,9.65));
#8822=CARTESIAN_POINT('Origin',(2.,5.5,7.3));
#8823=CARTESIAN_POINT('Origin',(-4.,7.5,9.65));
#8824=CARTESIAN_POINT('Origin',(-4.,7.5,11.));
#8825=CARTESIAN_POINT('Origin',(-4.,7.5,7.3));
#8826=CARTESIAN_POINT('Origin',(-1.,6.5,7.3));
#8827=CARTESIAN_POINT('',(-4.,4.5,7.3));
#8828=CARTESIAN_POINT('',(-1.,4.5,7.3));
#8829=CARTESIAN_POINT('Origin',(-4.,5.5,7.3));
#8830=CARTESIAN_POINT('Origin',(-4.,5.5,9.65));
#8831=CARTESIAN_POINT('',(-4.,4.5,11.));
#8832=CARTESIAN_POINT('Origin',(-4.,5.5,11.));
#8833=CARTESIAN_POINT('',(-4.,4.5,9.65));
#8834=CARTESIAN_POINT('Origin',(-1.,4.5,9.65));
#8835=CARTESIAN_POINT('',(-0.5,4.5,11.));
#8836=CARTESIAN_POINT('Origin',(2.,-5.5,9.65));
#8837=CARTESIAN_POINT('',(3.,-5.5,11.));
#8838=CARTESIAN_POINT('',(2.,-4.5,11.));
#8839=CARTESIAN_POINT('Origin',(2.,-5.5,11.));
#8840=CARTESIAN_POINT('',(3.,-5.5,7.3));
#8841=CARTESIAN_POINT('',(3.,-5.5,9.65));
#8842=CARTESIAN_POINT('',(2.,-4.5,7.3));
#8843=CARTESIAN_POINT('Origin',(2.,-5.5,7.3));
#8844=CARTESIAN_POINT('',(2.,-4.5,9.65));
#8845=CARTESIAN_POINT('Origin',(3.,-6.5,9.65));
#8846=CARTESIAN_POINT('',(3.,-7.5,11.));
#8847=CARTESIAN_POINT('',(3.,-3.25,11.));
#8848=CARTESIAN_POINT('',(3.,-7.5,7.3));
#8849=CARTESIAN_POINT('',(3.,-7.5,9.65));
#8850=CARTESIAN_POINT('',(3.,-6.5,7.3));
#8851=CARTESIAN_POINT('Origin',(2.,-7.5,9.65));
#8852=CARTESIAN_POINT('',(2.,-8.5,11.));
#8853=CARTESIAN_POINT('Origin',(2.,-7.5,11.));
#8854=CARTESIAN_POINT('',(2.,-8.5,7.3));
#8855=CARTESIAN_POINT('',(2.,-8.5,9.65));
#8856=CARTESIAN_POINT('Origin',(2.,-7.5,7.3));
#8857=CARTESIAN_POINT('Origin',(-1.,-8.5,9.65));
#8858=CARTESIAN_POINT('',(-4.,-8.5,11.));
#8859=CARTESIAN_POINT('',(-0.5,-8.5,11.));
#8860=CARTESIAN_POINT('',(-4.,-8.5,7.3));
#8861=CARTESIAN_POINT('',(-4.,-8.5,9.65));
#8862=CARTESIAN_POINT('',(-1.,-8.5,7.3));
#8863=CARTESIAN_POINT('Origin',(-4.,-7.5,9.65));
#8864=CARTESIAN_POINT('Origin',(-4.,-7.5,11.));
#8865=CARTESIAN_POINT('Origin',(-4.,-7.5,7.3));
#8866=CARTESIAN_POINT('Origin',(-4.,-5.5,9.65));
#8867=CARTESIAN_POINT('',(-4.,-4.5,11.));
#8868=CARTESIAN_POINT('Origin',(-4.,-5.5,11.));
#8869=CARTESIAN_POINT('',(-4.,-4.5,7.3));
#8870=CARTESIAN_POINT('',(-4.,-4.5,9.65));
#8871=CARTESIAN_POINT('Origin',(-4.,-5.5,7.3));
#8872=CARTESIAN_POINT('Origin',(-1.,-6.5,7.3));
#8873=CARTESIAN_POINT('',(-1.,-4.5,7.3));
#8874=CARTESIAN_POINT('Origin',(-1.,-4.5,9.65));
#8875=CARTESIAN_POINT('',(-0.5,-4.5,11.));
#8876=CARTESIAN_POINT('Origin',(3.5,7.5,13.5));
#8877=CARTESIAN_POINT('Origin',(3.5,7.5,11.));
#8878=CARTESIAN_POINT('Origin',(3.5,-7.5,13.5));
#8879=CARTESIAN_POINT('Origin',(3.5,-7.5,12.));
#8880=CARTESIAN_POINT('Origin',(3.5,-7.5,11.));
#8881=CARTESIAN_POINT('Origin',(-3.5,7.5,13.5));
#8882=CARTESIAN_POINT('Origin',(-3.5,7.5,11.));
#8883=CARTESIAN_POINT('Origin',(0.,0.,11.));
#8884=CARTESIAN_POINT('Origin',(3.6,0.,26.));
#8885=CARTESIAN_POINT('',(3.6,12.,26.));
#8886=CARTESIAN_POINT('',(3.6,-12.,26.));
#8887=CARTESIAN_POINT('Origin',(3.6,0.,12.));
#8888=CARTESIAN_POINT('',(3.6,-12.,12.));
#8889=CARTESIAN_POINT('Origin',(3.6,-12.,19.));
#8890=CARTESIAN_POINT('Origin',(3.6,12.,19.));
#8891=CARTESIAN_POINT('',(0.,0.,0.));
#8892=CARTESIAN_POINT('Origin',(43.5,16.,34.3));
#8893=CARTESIAN_POINT('',(43.5,16.9,35.3));
#8894=CARTESIAN_POINT('',(43.5,15.1,35.3));
#8895=CARTESIAN_POINT('Origin',(43.5,16.,35.3));
#8896=CARTESIAN_POINT('',(43.5,16.9,33.3));
#8897=CARTESIAN_POINT('',(43.5,16.9,34.3));
#8898=CARTESIAN_POINT('',(43.5,15.1,33.3));
#8899=CARTESIAN_POINT('Origin',(43.5,16.,33.3));
#8900=CARTESIAN_POINT('',(43.5,15.1,34.3));
#8901=CARTESIAN_POINT('Origin',(41.5,15.1,34.3));
#8902=CARTESIAN_POINT('',(39.5,15.1,35.3));
#8903=CARTESIAN_POINT('',(27.,15.1,35.3));
#8904=CARTESIAN_POINT('',(39.5,15.1,33.3));
#8905=CARTESIAN_POINT('',(27.,15.1,33.3));
#8906=CARTESIAN_POINT('',(39.5,15.1,34.3));
#8907=CARTESIAN_POINT('Origin',(39.5,16.,34.3));
#8908=CARTESIAN_POINT('',(39.5,16.9,35.3));
#8909=CARTESIAN_POINT('Origin',(39.5,16.,35.3));
#8910=CARTESIAN_POINT('',(39.5,16.9,33.3));
#8911=CARTESIAN_POINT('Origin',(39.5,16.,33.3));
#8912=CARTESIAN_POINT('',(39.5,16.9,34.3));
#8913=CARTESIAN_POINT('Origin',(41.5,16.9,34.3));
#8914=CARTESIAN_POINT('',(27.,16.9,35.3));
#8915=CARTESIAN_POINT('',(27.,16.9,33.3));
#8916=CARTESIAN_POINT('Origin',(41.5,11.5,38.3));
#8917=CARTESIAN_POINT('',(40.3,11.5,39.3));
#8918=CARTESIAN_POINT('Origin',(41.5,11.5,39.3));
#8919=CARTESIAN_POINT('',(40.3,11.5,37.3));
#8920=CARTESIAN_POINT('',(40.3,11.5,38.3));
#8921=CARTESIAN_POINT('Origin',(41.5,11.5,37.3));
#8922=CARTESIAN_POINT('Origin',(41.5,11.5,39.3));
#8923=CARTESIAN_POINT('Origin',(41.5,11.5,36.3));
#8924=CARTESIAN_POINT('',(38.8,11.5,37.3));
#8925=CARTESIAN_POINT('Origin',(41.5,11.5,37.3));
#8926=CARTESIAN_POINT('',(38.8,11.5,35.3));
#8927=CARTESIAN_POINT('',(38.8,11.5,36.3));
#8928=CARTESIAN_POINT('Origin',(41.5,11.5,35.3));
#8929=CARTESIAN_POINT('Origin',(41.5,11.5,37.3));
#8930=CARTESIAN_POINT('Origin',(43.5,-16.,34.3));
#8931=CARTESIAN_POINT('',(43.5,-15.1,35.3));
#8932=CARTESIAN_POINT('',(43.5,-16.9,35.3));
#8933=CARTESIAN_POINT('Origin',(43.5,-16.,35.3));
#8934=CARTESIAN_POINT('',(43.5,-15.1,33.3));
#8935=CARTESIAN_POINT('',(43.5,-15.1,34.3));
#8936=CARTESIAN_POINT('',(43.5,-16.9,33.3));
#8937=CARTESIAN_POINT('Origin',(43.5,-16.,33.3));
#8938=CARTESIAN_POINT('',(43.5,-16.9,34.3));
#8939=CARTESIAN_POINT('Origin',(41.5,-16.9,34.3));
#8940=CARTESIAN_POINT('',(39.5,-16.9,35.3));
#8941=CARTESIAN_POINT('',(27.,-16.9,35.3));
#8942=CARTESIAN_POINT('',(39.5,-16.9,33.3));
#8943=CARTESIAN_POINT('',(27.,-16.9,33.3));
#8944=CARTESIAN_POINT('',(39.5,-16.9,34.3));
#8945=CARTESIAN_POINT('Origin',(39.5,-16.,34.3));
#8946=CARTESIAN_POINT('',(39.5,-15.1,35.3));
#8947=CARTESIAN_POINT('Origin',(39.5,-16.,35.3));
#8948=CARTESIAN_POINT('',(39.5,-15.1,33.3));
#8949=CARTESIAN_POINT('Origin',(39.5,-16.,33.3));
#8950=CARTESIAN_POINT('',(39.5,-15.1,34.3));
#8951=CARTESIAN_POINT('Origin',(41.5,-15.1,34.3));
#8952=CARTESIAN_POINT('',(27.,-15.1,35.3));
#8953=CARTESIAN_POINT('',(27.,-15.1,33.3));
#8954=CARTESIAN_POINT('Origin',(41.5,-11.5,38.3));
#8955=CARTESIAN_POINT('',(40.3,-11.5,39.3));
#8956=CARTESIAN_POINT('Origin',(41.5,-11.5,39.3));
#8957=CARTESIAN_POINT('',(40.3,-11.5,37.3));
#8958=CARTESIAN_POINT('',(40.3,-11.5,38.3));
#8959=CARTESIAN_POINT('Origin',(41.5,-11.5,37.3));
#8960=CARTESIAN_POINT('Origin',(41.5,-11.5,39.3));
#8961=CARTESIAN_POINT('Origin',(41.5,-11.5,36.3));
#8962=CARTESIAN_POINT('',(38.8,-11.5,37.3));
#8963=CARTESIAN_POINT('Origin',(41.5,-11.5,37.3));
#8964=CARTESIAN_POINT('',(38.8,-11.5,35.3));
#8965=CARTESIAN_POINT('',(38.8,-11.5,36.3));
#8966=CARTESIAN_POINT('Origin',(41.5,-11.5,35.3));
#8967=CARTESIAN_POINT('Origin',(41.5,-11.5,37.3));
#8968=CARTESIAN_POINT('Origin',(-14.5,16.,34.3));
#8969=CARTESIAN_POINT('',(-14.5,16.9,35.3));
#8970=CARTESIAN_POINT('',(-14.5,15.1,35.3));
#8971=CARTESIAN_POINT('Origin',(-14.5,16.,35.3));
#8972=CARTESIAN_POINT('',(-14.5,16.9,33.3));
#8973=CARTESIAN_POINT('',(-14.5,16.9,34.3));
#8974=CARTESIAN_POINT('',(-14.5,15.1,33.3));
#8975=CARTESIAN_POINT('Origin',(-14.5,16.,33.3));
#8976=CARTESIAN_POINT('',(-14.5,15.1,34.3));
#8977=CARTESIAN_POINT('Origin',(-16.5,15.1,34.3));
#8978=CARTESIAN_POINT('',(-18.5,15.1,35.3));
#8979=CARTESIAN_POINT('',(-2.,15.1,35.3));
#8980=CARTESIAN_POINT('',(-18.5,15.1,33.3));
#8981=CARTESIAN_POINT('',(-2.,15.1,33.3));
#8982=CARTESIAN_POINT('',(-18.5,15.1,34.3));
#8983=CARTESIAN_POINT('Origin',(-18.5,16.,34.3));
#8984=CARTESIAN_POINT('',(-18.5,16.9,35.3));
#8985=CARTESIAN_POINT('Origin',(-18.5,16.,35.3));
#8986=CARTESIAN_POINT('',(-18.5,16.9,33.3));
#8987=CARTESIAN_POINT('Origin',(-18.5,16.,33.3));
#8988=CARTESIAN_POINT('',(-18.5,16.9,34.3));
#8989=CARTESIAN_POINT('Origin',(-16.5,16.9,34.3));
#8990=CARTESIAN_POINT('',(-2.,16.9,35.3));
#8991=CARTESIAN_POINT('',(-2.,16.9,33.3));
#8992=CARTESIAN_POINT('Origin',(-16.5,11.5,38.3));
#8993=CARTESIAN_POINT('',(-17.7,11.5,39.3));
#8994=CARTESIAN_POINT('Origin',(-16.5,11.5,39.3));
#8995=CARTESIAN_POINT('',(-17.7,11.5,37.3));
#8996=CARTESIAN_POINT('',(-17.7,11.5,38.3));
#8997=CARTESIAN_POINT('Origin',(-16.5,11.5,37.3));
#8998=CARTESIAN_POINT('Origin',(-16.5,11.5,39.3));
#8999=CARTESIAN_POINT('Origin',(-16.5,11.5,36.3));
#9000=CARTESIAN_POINT('',(-19.2,11.5,37.3));
#9001=CARTESIAN_POINT('Origin',(-16.5,11.5,37.3));
#9002=CARTESIAN_POINT('',(-19.2,11.5,35.3));
#9003=CARTESIAN_POINT('',(-19.2,11.5,36.3));
#9004=CARTESIAN_POINT('Origin',(-16.5,11.5,35.3));
#9005=CARTESIAN_POINT('Origin',(-16.5,11.5,37.3));
#9006=CARTESIAN_POINT('Origin',(-14.5,-16.,34.3));
#9007=CARTESIAN_POINT('',(-14.5,-15.1,35.3));
#9008=CARTESIAN_POINT('',(-14.5,-16.9,35.3));
#9009=CARTESIAN_POINT('Origin',(-14.5,-16.,35.3));
#9010=CARTESIAN_POINT('',(-14.5,-15.1,33.3));
#9011=CARTESIAN_POINT('',(-14.5,-15.1,34.3));
#9012=CARTESIAN_POINT('',(-14.5,-16.9,33.3));
#9013=CARTESIAN_POINT('Origin',(-14.5,-16.,33.3));
#9014=CARTESIAN_POINT('',(-14.5,-16.9,34.3));
#9015=CARTESIAN_POINT('Origin',(-16.5,-16.9,34.3));
#9016=CARTESIAN_POINT('',(-18.5,-16.9,35.3));
#9017=CARTESIAN_POINT('',(-2.,-16.9,35.3));
#9018=CARTESIAN_POINT('',(-18.5,-16.9,33.3));
#9019=CARTESIAN_POINT('',(-2.,-16.9,33.3));
#9020=CARTESIAN_POINT('',(-18.5,-16.9,34.3));
#9021=CARTESIAN_POINT('Origin',(-18.5,-16.,34.3));
#9022=CARTESIAN_POINT('',(-18.5,-15.1,35.3));
#9023=CARTESIAN_POINT('Origin',(-18.5,-16.,35.3));
#9024=CARTESIAN_POINT('',(-18.5,-15.1,33.3));
#9025=CARTESIAN_POINT('Origin',(-18.5,-16.,33.3));
#9026=CARTESIAN_POINT('',(-18.5,-15.1,34.3));
#9027=CARTESIAN_POINT('Origin',(-16.5,-15.1,34.3));
#9028=CARTESIAN_POINT('',(-2.,-15.1,35.3));
#9029=CARTESIAN_POINT('',(-2.,-15.1,33.3));
#9030=CARTESIAN_POINT('Origin',(-16.5,-11.5,38.3));
#9031=CARTESIAN_POINT('',(-17.7,-11.5,39.3));
#9032=CARTESIAN_POINT('Origin',(-16.5,-11.5,39.3));
#9033=CARTESIAN_POINT('',(-17.7,-11.5,37.3));
#9034=CARTESIAN_POINT('',(-17.7,-11.5,38.3));
#9035=CARTESIAN_POINT('Origin',(-16.5,-11.5,37.3));
#9036=CARTESIAN_POINT('Origin',(-16.5,-11.5,39.3));
#9037=CARTESIAN_POINT('Origin',(-16.5,-11.5,36.3));
#9038=CARTESIAN_POINT('',(-19.2,-11.5,37.3));
#9039=CARTESIAN_POINT('Origin',(-16.5,-11.5,37.3));
#9040=CARTESIAN_POINT('',(-19.2,-11.5,35.3));
#9041=CARTESIAN_POINT('',(-19.2,-11.5,36.3));
#9042=CARTESIAN_POINT('Origin',(-16.5,-11.5,35.3));
#9043=CARTESIAN_POINT('Origin',(-16.5,-11.5,37.3));
#9044=CARTESIAN_POINT('Origin',(50.,25.,34.3));
#9045=CARTESIAN_POINT('',(48.3,25.,33.3));
#9046=CARTESIAN_POINT('Origin',(50.,25.,33.3));
#9047=CARTESIAN_POINT('',(48.3,25.,35.3));
#9048=CARTESIAN_POINT('',(48.3,25.,34.3));
#9049=CARTESIAN_POINT('Origin',(50.,25.,35.3));
#9050=CARTESIAN_POINT('Origin',(44.,-25.,34.3));
#9051=CARTESIAN_POINT('',(42.3,-25.,33.3));
#9052=CARTESIAN_POINT('Origin',(44.,-25.,33.3));
#9053=CARTESIAN_POINT('',(42.3,-25.,35.3));
#9054=CARTESIAN_POINT('',(42.3,-25.,34.3));
#9055=CARTESIAN_POINT('Origin',(44.,-25.,35.3));
#9056=CARTESIAN_POINT('Origin',(-25.,25.,34.3));
#9057=CARTESIAN_POINT('',(-26.7,25.,33.3));
#9058=CARTESIAN_POINT('Origin',(-25.,25.,33.3));
#9059=CARTESIAN_POINT('',(-26.7,25.,35.3));
#9060=CARTESIAN_POINT('',(-26.7,25.,34.3));
#9061=CARTESIAN_POINT('Origin',(-25.,25.,35.3));
#9062=CARTESIAN_POINT('Origin',(-25.,-25.,34.3));
#9063=CARTESIAN_POINT('',(-26.7,-25.,33.3));
#9064=CARTESIAN_POINT('Origin',(-25.,-25.,33.3));
#9065=CARTESIAN_POINT('',(-26.7,-25.,35.3));
#9066=CARTESIAN_POINT('',(-26.7,-25.,34.3));
#9067=CARTESIAN_POINT('Origin',(-25.,-25.,35.3));
#9068=CARTESIAN_POINT('Origin',(32.,21.,34.3));
#9069=CARTESIAN_POINT('',(32.,23.,35.3));
#9070=CARTESIAN_POINT('',(34.,21.,35.3));
#9071=CARTESIAN_POINT('Origin',(32.,21.,35.3));
#9072=CARTESIAN_POINT('',(32.,23.,33.3));
#9073=CARTESIAN_POINT('',(32.,23.,34.3));
#9074=CARTESIAN_POINT('',(34.,21.,33.3));
#9075=CARTESIAN_POINT('Origin',(32.,21.,33.3));
#9076=CARTESIAN_POINT('',(34.,21.,34.3));
#9077=CARTESIAN_POINT('Origin',(34.,20.,34.3));
#9078=CARTESIAN_POINT('',(34.,19.,35.3));
#9079=CARTESIAN_POINT('',(34.,10.,35.3));
#9080=CARTESIAN_POINT('',(34.,19.,33.3));
#9081=CARTESIAN_POINT('',(34.,10.,33.3));
#9082=CARTESIAN_POINT('',(34.,19.,34.3));
#9083=CARTESIAN_POINT('Origin',(32.,19.,34.3));
#9084=CARTESIAN_POINT('',(32.,17.,35.3));
#9085=CARTESIAN_POINT('Origin',(32.,19.,35.3));
#9086=CARTESIAN_POINT('',(32.,17.,33.3));
#9087=CARTESIAN_POINT('Origin',(32.,19.,33.3));
#9088=CARTESIAN_POINT('',(32.,17.,34.3));
#9089=CARTESIAN_POINT('Origin',(7.5,17.,34.3));
#9090=CARTESIAN_POINT('',(-17.,17.,35.3));
#9091=CARTESIAN_POINT('',(10.,17.,35.3));
#9092=CARTESIAN_POINT('',(-17.,17.,33.3));
#9093=CARTESIAN_POINT('',(10.,17.,33.3));
#9094=CARTESIAN_POINT('',(-17.,17.,34.3));
#9095=CARTESIAN_POINT('Origin',(-17.,21.,34.3));
#9096=CARTESIAN_POINT('',(-19.,21.,35.3));
#9097=CARTESIAN_POINT('',(-17.,23.,35.3));
#9098=CARTESIAN_POINT('Origin',(-17.,21.,35.3));
#9099=CARTESIAN_POINT('',(-19.,21.,33.3));
#9100=CARTESIAN_POINT('',(-19.,21.,34.3));
#9101=CARTESIAN_POINT('',(-17.,23.,33.3));
#9102=CARTESIAN_POINT('Origin',(-17.,21.,33.3));
#9103=CARTESIAN_POINT('',(-17.,23.,34.3));
#9104=CARTESIAN_POINT('Origin',(-17.,19.,34.3));
#9105=CARTESIAN_POINT('',(-19.,19.,35.3));
#9106=CARTESIAN_POINT('Origin',(-17.,19.,35.3));
#9107=CARTESIAN_POINT('',(-19.,19.,33.3));
#9108=CARTESIAN_POINT('Origin',(-17.,19.,33.3));
#9109=CARTESIAN_POINT('',(-19.,19.,34.3));
#9110=CARTESIAN_POINT('Origin',(-19.,20.,34.3));
#9111=CARTESIAN_POINT('',(-19.,10.,35.3));
#9112=CARTESIAN_POINT('',(-19.,10.,33.3));
#9113=CARTESIAN_POINT('Origin',(7.5,23.,34.3));
#9114=CARTESIAN_POINT('',(10.,23.,35.3));
#9115=CARTESIAN_POINT('',(10.,23.,33.3));
#9116=CARTESIAN_POINT('Origin',(33.,5.,34.3));
#9117=CARTESIAN_POINT('',(33.,7.,35.3));
#9118=CARTESIAN_POINT('',(35.,5.,35.3));
#9119=CARTESIAN_POINT('Origin',(33.,5.,35.3));
#9120=CARTESIAN_POINT('',(33.,7.,33.3));
#9121=CARTESIAN_POINT('',(33.,7.,34.3));
#9122=CARTESIAN_POINT('',(35.,5.,33.3));
#9123=CARTESIAN_POINT('Origin',(33.,5.,33.3));
#9124=CARTESIAN_POINT('',(35.,5.,34.3));
#9125=CARTESIAN_POINT('Origin',(35.,0.,34.3));
#9126=CARTESIAN_POINT('',(35.,-5.,35.3));
#9127=CARTESIAN_POINT('',(35.,0.,35.3));
#9128=CARTESIAN_POINT('',(35.,-5.,33.3));
#9129=CARTESIAN_POINT('',(35.,0.,33.3));
#9130=CARTESIAN_POINT('',(35.,-5.,34.3));
#9131=CARTESIAN_POINT('Origin',(33.,-5.,34.3));
#9132=CARTESIAN_POINT('',(33.,-7.,35.3));
#9133=CARTESIAN_POINT('Origin',(33.,-5.,35.3));
#9134=CARTESIAN_POINT('',(33.,-7.,33.3));
#9135=CARTESIAN_POINT('Origin',(33.,-5.,33.3));
#9136=CARTESIAN_POINT('',(33.,-7.,34.3));
#9137=CARTESIAN_POINT('Origin',(10.5,-7.,34.3));
#9138=CARTESIAN_POINT('',(-12.,-7.,35.3));
#9139=CARTESIAN_POINT('',(11.5,-7.,35.3));
#9140=CARTESIAN_POINT('',(-12.,-7.,33.3));
#9141=CARTESIAN_POINT('',(11.5,-7.,33.3));
#9142=CARTESIAN_POINT('',(-12.,-7.,34.3));
#9143=CARTESIAN_POINT('Origin',(-12.,5.,34.3));
#9144=CARTESIAN_POINT('',(-14.,5.,35.3));
#9145=CARTESIAN_POINT('',(-12.,7.,35.3));
#9146=CARTESIAN_POINT('Origin',(-12.,5.,35.3));
#9147=CARTESIAN_POINT('',(-14.,5.,33.3));
#9148=CARTESIAN_POINT('',(-14.,5.,34.3));
#9149=CARTESIAN_POINT('',(-12.,7.,33.3));
#9150=CARTESIAN_POINT('Origin',(-12.,5.,33.3));
#9151=CARTESIAN_POINT('',(-12.,7.,34.3));
#9152=CARTESIAN_POINT('Origin',(-12.,-5.,34.3));
#9153=CARTESIAN_POINT('',(-14.,-5.,35.3));
#9154=CARTESIAN_POINT('Origin',(-12.,-5.,35.3));
#9155=CARTESIAN_POINT('',(-14.,-5.,33.3));
#9156=CARTESIAN_POINT('Origin',(-12.,-5.,33.3));
#9157=CARTESIAN_POINT('',(-14.,-5.,34.3));
#9158=CARTESIAN_POINT('Origin',(-14.,0.,34.3));
#9159=CARTESIAN_POINT('',(-14.,0.,35.3));
#9160=CARTESIAN_POINT('',(-14.,0.,33.3));
#9161=CARTESIAN_POINT('Origin',(10.5,7.,34.3));
#9162=CARTESIAN_POINT('',(11.5,7.,35.3));
#9163=CARTESIAN_POINT('',(11.5,7.,33.3));
#9164=CARTESIAN_POINT('Origin',(51.,26.,34.3));
#9165=CARTESIAN_POINT('',(54.,26.,35.3));
#9166=CARTESIAN_POINT('',(54.,26.,33.3));
#9167=CARTESIAN_POINT('',(54.,26.,34.3));
#9168=CARTESIAN_POINT('',(51.,29.,33.3));
#9169=CARTESIAN_POINT('Origin',(51.,26.,33.3));
#9170=CARTESIAN_POINT('',(51.,29.,35.3));
#9171=CARTESIAN_POINT('',(51.,29.,34.3));
#9172=CARTESIAN_POINT('Origin',(51.,26.,35.3));
#9173=CARTESIAN_POINT('Origin',(12.5,0.,35.3));
#9174=CARTESIAN_POINT('',(-26.,29.,35.3));
#9175=CARTESIAN_POINT('',(12.5,29.,35.3));
#9176=CARTESIAN_POINT('',(-29.,26.,35.3));
#9177=CARTESIAN_POINT('Origin',(-26.,26.,35.3));
#9178=CARTESIAN_POINT('',(-29.,-26.,35.3));
#9179=CARTESIAN_POINT('',(-29.,0.,35.3));
#9180=CARTESIAN_POINT('',(-26.,-29.,35.3));
#9181=CARTESIAN_POINT('Origin',(-26.,-26.,35.3));
#9182=CARTESIAN_POINT('',(51.,-29.,35.3));
#9183=CARTESIAN_POINT('',(12.5,-29.,35.3));
#9184=CARTESIAN_POINT('',(54.,-26.,35.3));
#9185=CARTESIAN_POINT('Origin',(51.,-26.,35.3));
#9186=CARTESIAN_POINT('',(54.,0.,35.3));
#9187=CARTESIAN_POINT('Origin',(51.,-26.,34.3));
#9188=CARTESIAN_POINT('',(51.,-29.,33.3));
#9189=CARTESIAN_POINT('',(51.,-29.,34.3));
#9190=CARTESIAN_POINT('',(54.,-26.,33.3));
#9191=CARTESIAN_POINT('Origin',(51.,-26.,33.3));
#9192=CARTESIAN_POINT('',(54.,-26.,34.3));
#9193=CARTESIAN_POINT('Origin',(-26.,26.,34.3));
#9194=CARTESIAN_POINT('',(-29.,26.,33.3));
#9195=CARTESIAN_POINT('',(-29.,26.,34.3));
#9196=CARTESIAN_POINT('',(-26.,29.,33.3));
#9197=CARTESIAN_POINT('',(-26.,29.,34.3));
#9198=CARTESIAN_POINT('Origin',(-26.,26.,33.3));
#9199=CARTESIAN_POINT('Origin',(12.5,0.,33.3));
#9200=CARTESIAN_POINT('',(54.,0.,33.3));
#9201=CARTESIAN_POINT('',(-26.,-29.,33.3));
#9202=CARTESIAN_POINT('',(12.5,-29.,33.3));
#9203=CARTESIAN_POINT('',(-29.,-26.,33.3));
#9204=CARTESIAN_POINT('Origin',(-26.,-26.,33.3));
#9205=CARTESIAN_POINT('',(-29.,0.,33.3));
#9206=CARTESIAN_POINT('',(12.5,29.,33.3));
#9207=CARTESIAN_POINT('Origin',(-26.,-26.,34.3));
#9208=CARTESIAN_POINT('',(-26.,-29.,34.3));
#9209=CARTESIAN_POINT('',(-29.,-26.,34.3));
#9210=CARTESIAN_POINT('Origin',(-29.,0.,34.3));
#9211=CARTESIAN_POINT('Origin',(54.,0.,34.3));
#9212=CARTESIAN_POINT('Origin',(12.5,-29.,34.3));
#9213=CARTESIAN_POINT('Origin',(12.5,29.,34.3));
#9214=CARTESIAN_POINT('',(0.,0.,0.));
#9215=CARTESIAN_POINT('',(0.,0.,0.));
#9216=CARTESIAN_POINT('Origin',(40.,40.,-4.5));
#9217=CARTESIAN_POINT('',(43.,40.,0.));
#9218=CARTESIAN_POINT('',(43.,40.,-9.));
#9219=CARTESIAN_POINT('',(43.,40.,-4.5));
#9220=CARTESIAN_POINT('',(40.,43.,-9.));
#9221=CARTESIAN_POINT('Origin',(40.,40.,-9.));
#9222=CARTESIAN_POINT('',(40.,43.,0.));
#9223=CARTESIAN_POINT('',(40.,43.,-4.5));
#9224=CARTESIAN_POINT('Origin',(40.,40.,0.));
#9225=CARTESIAN_POINT('Origin',(0.,0.,0.));
#9226=CARTESIAN_POINT('',(-40.,43.,0.));
#9227=CARTESIAN_POINT('',(0.,43.,0.));
#9228=CARTESIAN_POINT('',(-43.,40.,0.));
#9229=CARTESIAN_POINT('Origin',(-40.,40.,0.));
#9230=CARTESIAN_POINT('',(-43.,-40.,0.));
#9231=CARTESIAN_POINT('',(-43.,0.,0.));
#9232=CARTESIAN_POINT('',(-40.,-43.,0.));
#9233=CARTESIAN_POINT('Origin',(-40.,-40.,0.));
#9234=CARTESIAN_POINT('',(40.,-43.,0.));
#9235=CARTESIAN_POINT('',(0.,-43.,0.));
#9236=CARTESIAN_POINT('',(43.,-40.,0.));
#9237=CARTESIAN_POINT('Origin',(40.,-40.,0.));
#9238=CARTESIAN_POINT('',(43.,0.,0.));
#9239=CARTESIAN_POINT('Origin',(40.,-40.,-4.5));
#9240=CARTESIAN_POINT('',(40.,-43.,-9.));
#9241=CARTESIAN_POINT('',(40.,-43.,-4.5));
#9242=CARTESIAN_POINT('',(43.,-40.,-9.));
#9243=CARTESIAN_POINT('Origin',(40.,-40.,-9.));
#9244=CARTESIAN_POINT('',(43.,-40.,-4.5));
#9245=CARTESIAN_POINT('Origin',(-40.,40.,-4.5));
#9246=CARTESIAN_POINT('',(-43.,40.,-9.));
#9247=CARTESIAN_POINT('',(-43.,40.,-4.5));
#9248=CARTESIAN_POINT('',(-40.,43.,-9.));
#9249=CARTESIAN_POINT('',(-40.,43.,-4.5));
#9250=CARTESIAN_POINT('Origin',(-40.,40.,-9.));
#9251=CARTESIAN_POINT('Origin',(0.,0.,-9.));
#9252=CARTESIAN_POINT('',(43.,0.,-9.));
#9253=CARTESIAN_POINT('',(-40.,-43.,-9.));
#9254=CARTESIAN_POINT('',(0.,-43.,-9.));
#9255=CARTESIAN_POINT('',(-43.,-40.,-9.));
#9256=CARTESIAN_POINT('Origin',(-40.,-40.,-9.));
#9257=CARTESIAN_POINT('',(-43.,0.,-9.));
#9258=CARTESIAN_POINT('',(0.,43.,-9.));
#9259=CARTESIAN_POINT('Origin',(-40.,-40.,-4.5));
#9260=CARTESIAN_POINT('',(-40.,-43.,-4.5));
#9261=CARTESIAN_POINT('',(-43.,-40.,-4.5));
#9262=CARTESIAN_POINT('Origin',(-43.,0.,-4.5));
#9263=CARTESIAN_POINT('Origin',(43.,0.,-4.5));
#9264=CARTESIAN_POINT('Origin',(0.,-43.,-4.5));
#9265=CARTESIAN_POINT('Origin',(0.,43.,-4.5));
#9266=CARTESIAN_POINT('Origin',(4.5,4.5,3.));
#9267=CARTESIAN_POINT('',(8.5,4.5,6.));
#9268=CARTESIAN_POINT('',(8.5,4.5,0.));
#9269=CARTESIAN_POINT('',(8.5,4.5,3.));
#9270=CARTESIAN_POINT('',(4.5,8.5,0.));
#9271=CARTESIAN_POINT('Origin',(4.5,4.5,0.));
#9272=CARTESIAN_POINT('',(4.5,8.5,6.));
#9273=CARTESIAN_POINT('',(4.5,8.5,3.));
#9274=CARTESIAN_POINT('Origin',(4.5,4.5,6.));
#9275=CARTESIAN_POINT('Origin',(0.,0.,6.));
#9276=CARTESIAN_POINT('',(-4.5,8.5,6.));
#9277=CARTESIAN_POINT('',(0.,8.5,6.));
#9278=CARTESIAN_POINT('',(-8.5,4.5,6.));
#9279=CARTESIAN_POINT('Origin',(-4.5,4.5,6.));
#9280=CARTESIAN_POINT('',(-8.5,-4.5,6.));
#9281=CARTESIAN_POINT('',(-8.5,0.,6.));
#9282=CARTESIAN_POINT('',(-4.5,-8.5,6.));
#9283=CARTESIAN_POINT('Origin',(-4.5,-4.5,6.));
#9284=CARTESIAN_POINT('',(4.5,-8.5,6.));
#9285=CARTESIAN_POINT('',(0.,-8.5,6.));
#9286=CARTESIAN_POINT('',(8.5,-4.5,6.));
#9287=CARTESIAN_POINT('Origin',(4.5,-4.5,6.));
#9288=CARTESIAN_POINT('',(8.5,0.,6.));
#9289=CARTESIAN_POINT('Origin',(4.5,-4.5,3.));
#9290=CARTESIAN_POINT('',(4.5,-8.5,0.));
#9291=CARTESIAN_POINT('',(4.5,-8.5,3.));
#9292=CARTESIAN_POINT('',(8.5,-4.5,0.));
#9293=CARTESIAN_POINT('Origin',(4.5,-4.5,0.));
#9294=CARTESIAN_POINT('',(8.5,-4.5,3.));
#9295=CARTESIAN_POINT('Origin',(-4.5,4.5,3.));
#9296=CARTESIAN_POINT('',(-8.5,4.5,0.));
#9297=CARTESIAN_POINT('',(-8.5,4.5,3.));
#9298=CARTESIAN_POINT('',(-4.5,8.5,0.));
#9299=CARTESIAN_POINT('',(-4.5,8.5,3.));
#9300=CARTESIAN_POINT('Origin',(-4.5,4.5,0.));
#9301=CARTESIAN_POINT('Origin',(0.,0.,0.));
#9302=CARTESIAN_POINT('',(8.5,0.,0.));
#9303=CARTESIAN_POINT('',(-4.5,-8.5,0.));
#9304=CARTESIAN_POINT('',(0.,-8.5,0.));
#9305=CARTESIAN_POINT('',(-8.5,-4.5,0.));
#9306=CARTESIAN_POINT('Origin',(-4.5,-4.5,0.));
#9307=CARTESIAN_POINT('',(-8.5,0.,0.));
#9308=CARTESIAN_POINT('',(0.,8.5,0.));
#9309=CARTESIAN_POINT('Origin',(-4.5,-4.5,3.));
#9310=CARTESIAN_POINT('',(-4.5,-8.5,3.));
#9311=CARTESIAN_POINT('',(-8.5,-4.5,3.));
#9312=CARTESIAN_POINT('Origin',(-8.5,0.,3.));
#9313=CARTESIAN_POINT('Origin',(8.5,0.,3.));
#9314=CARTESIAN_POINT('Origin',(0.,-8.5,3.));
#9315=CARTESIAN_POINT('Origin',(0.,8.5,3.));
#9316=CARTESIAN_POINT('',(0.,0.,0.));
#9317=CARTESIAN_POINT('Origin',(29.5,10.25,28.35));
#9318=CARTESIAN_POINT('',(47.,-12.35,28.35));
#9319=CARTESIAN_POINT('',(47.,32.85,28.35));
#9320=CARTESIAN_POINT('',(47.,10.25,28.35));
#9321=CARTESIAN_POINT('',(12.,32.85,28.35));
#9322=CARTESIAN_POINT('',(29.5,32.85,28.35));
#9323=CARTESIAN_POINT('',(12.,-12.35,28.35));
#9324=CARTESIAN_POINT('',(12.,10.25,28.35));
#9325=CARTESIAN_POINT('',(29.5,-12.35,28.35));
#9326=CARTESIAN_POINT('Origin',(29.5,10.25,3.65));
#9327=CARTESIAN_POINT('',(47.,32.85,3.65));
#9328=CARTESIAN_POINT('',(47.,-12.35,3.65));
#9329=CARTESIAN_POINT('',(47.,10.25,3.65));
#9330=CARTESIAN_POINT('',(12.,-12.35,3.65));
#9331=CARTESIAN_POINT('',(29.5,-12.35,3.65));
#9332=CARTESIAN_POINT('',(12.,32.85,3.65));
#9333=CARTESIAN_POINT('',(12.,10.25,3.65));
#9334=CARTESIAN_POINT('',(29.5,32.85,3.65));
#9335=CARTESIAN_POINT('Origin',(29.5,-12.35,16.));
#9336=CARTESIAN_POINT('',(12.,-12.35,16.));
#9337=CARTESIAN_POINT('',(47.,-12.35,16.));
#9338=CARTESIAN_POINT('Origin',(12.,10.25,16.));
#9339=CARTESIAN_POINT('',(12.,32.85,16.));
#9340=CARTESIAN_POINT('Origin',(29.5,32.85,16.));
#9341=CARTESIAN_POINT('',(47.,32.85,16.));
#9342=CARTESIAN_POINT('Origin',(47.,10.25,16.));
#9343=CARTESIAN_POINT('Origin',(10.45,0.,16.));
#9344=CARTESIAN_POINT('',(12.,-3.67394039744206E-16,19.));
#9345=CARTESIAN_POINT('Origin',(12.,0.,16.));
#9346=CARTESIAN_POINT('',(8.9,-3.67394039744206E-16,19.));
#9347=CARTESIAN_POINT('',(10.45,-3.67394039744206E-16,19.));
#9348=CARTESIAN_POINT('Origin',(8.9,0.,16.));
#9349=CARTESIAN_POINT('Origin',(8.9,0.,16.));
#9350=CARTESIAN_POINT('Origin',(12.,0.,16.));
#9351=CARTESIAN_POINT('Origin',(7.7,7.,16.));
#9352=CARTESIAN_POINT('',(6.7,7.,17.5));
#9353=CARTESIAN_POINT('Origin',(6.7,7.,16.));
#9354=CARTESIAN_POINT('',(8.7,7.,17.5));
#9355=CARTESIAN_POINT('',(7.7,7.,17.5));
#9356=CARTESIAN_POINT('Origin',(8.7,7.,16.));
#9357=CARTESIAN_POINT('Origin',(7.7,-7.,16.));
#9358=CARTESIAN_POINT('',(6.7,-7.,17.5));
#9359=CARTESIAN_POINT('Origin',(6.7,-7.,16.));
#9360=CARTESIAN_POINT('',(8.7,-7.,17.5));
#9361=CARTESIAN_POINT('',(7.7,-7.,17.5));
#9362=CARTESIAN_POINT('Origin',(8.7,-7.,16.));
#9363=CARTESIAN_POINT('Origin',(7.7,0.,16.));
#9364=CARTESIAN_POINT('',(6.7,-1.95943487863577E-16,17.6));
#9365=CARTESIAN_POINT('Origin',(6.7,0.,16.));
#9366=CARTESIAN_POINT('',(8.7,1.95943487863577E-16,17.6));
#9367=CARTESIAN_POINT('',(7.7,-1.95943487863577E-16,17.6));
#9368=CARTESIAN_POINT('Origin',(8.7,0.,16.));
#9369=CARTESIAN_POINT('Origin',(7.7,0.,16.));
#9370=CARTESIAN_POINT('',(8.7,-1.10218211923262E-15,25.));
#9371=CARTESIAN_POINT('Origin',(8.7,0.,16.));
#9372=CARTESIAN_POINT('',(6.7,-1.10218211923262E-15,25.));
#9373=CARTESIAN_POINT('',(7.7,-1.10218211923262E-15,25.));
#9374=CARTESIAN_POINT('Origin',(6.7,0.,16.));
#9375=CARTESIAN_POINT('Origin',(6.7,0.,16.));
#9376=CARTESIAN_POINT('Origin',(8.7,0.,16.));
#9377=CARTESIAN_POINT('',(0.,0.,0.));
#9378=CARTESIAN_POINT('Origin',(41.5,11.5,38.1));
#9379=CARTESIAN_POINT('',(40.125,11.5,37.3));
#9380=CARTESIAN_POINT('Origin',(41.5,11.5,37.3));
#9381=CARTESIAN_POINT('',(40.125,11.5,38.9));
#9382=CARTESIAN_POINT('',(40.125,11.5,38.1));
#9383=CARTESIAN_POINT('Origin',(41.5,11.5,38.9));
#9384=CARTESIAN_POINT('Origin',(41.5,-11.5,38.1));
#9385=CARTESIAN_POINT('',(40.125,-11.5,37.3));
#9386=CARTESIAN_POINT('Origin',(41.5,-11.5,37.3));
#9387=CARTESIAN_POINT('',(40.125,-11.5,38.9));
#9388=CARTESIAN_POINT('',(40.125,-11.5,38.1));
#9389=CARTESIAN_POINT('Origin',(41.5,-11.5,38.9));
#9390=CARTESIAN_POINT('Origin',(-16.5,11.5,38.1));
#9391=CARTESIAN_POINT('',(-17.875,11.5,37.3));
#9392=CARTESIAN_POINT('Origin',(-16.5,11.5,37.3));
#9393=CARTESIAN_POINT('',(-17.875,11.5,38.9));
#9394=CARTESIAN_POINT('',(-17.875,11.5,38.1));
#9395=CARTESIAN_POINT('Origin',(-16.5,11.5,38.9));
#9396=CARTESIAN_POINT('Origin',(-16.5,-11.5,38.1));
#9397=CARTESIAN_POINT('',(-17.875,-11.5,37.3));
#9398=CARTESIAN_POINT('Origin',(-16.5,-11.5,37.3));
#9399=CARTESIAN_POINT('',(-17.875,-11.5,38.9));
#9400=CARTESIAN_POINT('',(-17.875,-11.5,38.1));
#9401=CARTESIAN_POINT('Origin',(-16.5,-11.5,38.9));
#9402=CARTESIAN_POINT('Origin',(12.5,0.,38.9));
#9403=CARTESIAN_POINT('',(45.,-15.,38.9));
#9404=CARTESIAN_POINT('',(45.,15.,38.9));
#9405=CARTESIAN_POINT('',(45.,0.,38.9));
#9406=CARTESIAN_POINT('',(-20.,15.,38.9));
#9407=CARTESIAN_POINT('',(12.5,15.,38.9));
#9408=CARTESIAN_POINT('',(-20.,-15.,38.9));
#9409=CARTESIAN_POINT('',(-20.,0.,38.9));
#9410=CARTESIAN_POINT('',(12.5,-15.,38.9));
#9411=CARTESIAN_POINT('Origin',(12.5,0.,37.3));
#9412=CARTESIAN_POINT('',(45.,15.,37.3));
#9413=CARTESIAN_POINT('',(45.,-15.,37.3));
#9414=CARTESIAN_POINT('',(45.,0.,37.3));
#9415=CARTESIAN_POINT('',(-20.,-15.,37.3));
#9416=CARTESIAN_POINT('',(12.5,-15.,37.3));
#9417=CARTESIAN_POINT('',(-20.,15.,37.3));
#9418=CARTESIAN_POINT('',(-20.,0.,37.3));
#9419=CARTESIAN_POINT('',(12.5,15.,37.3));
#9420=CARTESIAN_POINT('Origin',(12.5,-15.,38.1));
#9421=CARTESIAN_POINT('',(-20.,-15.,38.1));
#9422=CARTESIAN_POINT('',(45.,-15.,38.1));
#9423=CARTESIAN_POINT('Origin',(-20.,0.,38.1));
#9424=CARTESIAN_POINT('',(-20.,15.,38.1));
#9425=CARTESIAN_POINT('Origin',(12.5,15.,38.1));
#9426=CARTESIAN_POINT('',(45.,15.,38.1));
#9427=CARTESIAN_POINT('Origin',(45.,0.,38.1));
#9428=CARTESIAN_POINT('',(0.,0.,0.));
#9429=CARTESIAN_POINT('',(0.,0.,0.));
#9430=CARTESIAN_POINT('',(0.,0.,0.));
#9431=CARTESIAN_POINT('',(0.,0.,0.));
#9432=CARTESIAN_POINT('',(0.,0.,0.));
#9433=CARTESIAN_POINT('',(0.,0.,0.));
#9434=CARTESIAN_POINT('',(0.,0.,0.));
#9435=CARTESIAN_POINT('',(0.,0.,0.));
#9436=CARTESIAN_POINT('',(0.,0.,0.));
#9437=UNCERTAINTY_MEASURE_WITH_UNIT(LENGTH_MEASURE(0.01),#9459,
'DISTANCE_ACCURACY_VALUE',
'Maximum model space distance between geometric entities at asserted c
onnectivities');
#9438=UNCERTAINTY_MEASURE_WITH_UNIT(LENGTH_MEASURE(0.01),#9459,
'DISTANCE_ACCURACY_VALUE',
'Maximum model space distance between geometric entities at asserted c
onnectivities');
#9439=UNCERTAINTY_MEASURE_WITH_UNIT(LENGTH_MEASURE(0.01),#9459,
'DISTANCE_ACCURACY_VALUE',
'Maximum model space distance between geometric entities at asserted c
onnectivities');
#9440=UNCERTAINTY_MEASURE_WITH_UNIT(LENGTH_MEASURE(0.01),#9459,
'DISTANCE_ACCURACY_VALUE',
'Maximum model space distance between geometric entities at asserted c
onnectivities');
#9441=UNCERTAINTY_MEASURE_WITH_UNIT(LENGTH_MEASURE(0.01),#9459,
'DISTANCE_ACCURACY_VALUE',
'Maximum model space distance between geometric entities at asserted c
onnectivities');
#9442=UNCERTAINTY_MEASURE_WITH_UNIT(LENGTH_MEASURE(0.01),#9459,
'DISTANCE_ACCURACY_VALUE',
'Maximum model space distance between geometric entities at asserted c
onnectivities');
#9443=UNCERTAINTY_MEASURE_WITH_UNIT(LENGTH_MEASURE(0.01),#9459,
'DISTANCE_ACCURACY_VALUE',
'Maximum model space distance between geometric entities at asserted c
onnectivities');
#9444=UNCERTAINTY_MEASURE_WITH_UNIT(LENGTH_MEASURE(0.01),#9459,
'DISTANCE_ACCURACY_VALUE',
'Maximum model space distance between geometric entities at asserted c
onnectivities');
#9445=UNCERTAINTY_MEASURE_WITH_UNIT(LENGTH_MEASURE(0.01),#9459,
'DISTANCE_ACCURACY_VALUE',
'Maximum model space distance between geometric entities at asserted c
onnectivities');
#9446=UNCERTAINTY_MEASURE_WITH_UNIT(LENGTH_MEASURE(0.01),#9459,
'DISTANCE_ACCURACY_VALUE',
'Maximum model space distance between geometric entities at asserted c
onnectivities');
#9447=UNCERTAINTY_MEASURE_WITH_UNIT(LENGTH_MEASURE(0.01),#9459,
'DISTANCE_ACCURACY_VALUE',
'Maximum model space distance between geometric entities at asserted c
onnectivities');
#9448=(
GEOMETRIC_REPRESENTATION_CONTEXT(3)
GLOBAL_UNCERTAINTY_ASSIGNED_CONTEXT((#9437))
GLOBAL_UNIT_ASSIGNED_CONTEXT((#9459,#9461,#9462))
REPRESENTATION_CONTEXT('','3D')
);
#9449=(
GEOMETRIC_REPRESENTATION_CONTEXT(3)
GLOBAL_UNCERTAINTY_ASSIGNED_CONTEXT((#9438))
GLOBAL_UNIT_ASSIGNED_CONTEXT((#9459,#9461,#9462))
REPRESENTATION_CONTEXT('','3D')
);
#9450=(
GEOMETRIC_REPRESENTATION_CONTEXT(3)
GLOBAL_UNCERTAINTY_ASSIGNED_CONTEXT((#9439))
GLOBAL_UNIT_ASSIGNED_CONTEXT((#9459,#9461,#9462))
REPRESENTATION_CONTEXT('','3D')
);
#9451=(
GEOMETRIC_REPRESENTATION_CONTEXT(3)
GLOBAL_UNCERTAINTY_ASSIGNED_CONTEXT((#9440))
GLOBAL_UNIT_ASSIGNED_CONTEXT((#9459,#9461,#9462))
REPRESENTATION_CONTEXT('','3D')
);
#9452=(
GEOMETRIC_REPRESENTATION_CONTEXT(3)
GLOBAL_UNCERTAINTY_ASSIGNED_CONTEXT((#9441))
GLOBAL_UNIT_ASSIGNED_CONTEXT((#9459,#9461,#9462))
REPRESENTATION_CONTEXT('','3D')
);
#9453=(
GEOMETRIC_REPRESENTATION_CONTEXT(3)
GLOBAL_UNCERTAINTY_ASSIGNED_CONTEXT((#9442))
GLOBAL_UNIT_ASSIGNED_CONTEXT((#9459,#9461,#9462))
REPRESENTATION_CONTEXT('','3D')
);
#9454=(
GEOMETRIC_REPRESENTATION_CONTEXT(3)
GLOBAL_UNCERTAINTY_ASSIGNED_CONTEXT((#9443))
GLOBAL_UNIT_ASSIGNED_CONTEXT((#9459,#9461,#9462))
REPRESENTATION_CONTEXT('','3D')
);
#9455=(
GEOMETRIC_REPRESENTATION_CONTEXT(3)
GLOBAL_UNCERTAINTY_ASSIGNED_CONTEXT((#9444))
GLOBAL_UNIT_ASSIGNED_CONTEXT((#9459,#9461,#9462))
REPRESENTATION_CONTEXT('','3D')
);
#9456=(
GEOMETRIC_REPRESENTATION_CONTEXT(3)
GLOBAL_UNCERTAINTY_ASSIGNED_CONTEXT((#9445))
GLOBAL_UNIT_ASSIGNED_CONTEXT((#9459,#9461,#9462))
REPRESENTATION_CONTEXT('','3D')
);
#9457=(
GEOMETRIC_REPRESENTATION_CONTEXT(3)
GLOBAL_UNCERTAINTY_ASSIGNED_CONTEXT((#9446))
GLOBAL_UNIT_ASSIGNED_CONTEXT((#9459,#9461,#9462))
REPRESENTATION_CONTEXT('','3D')
);
#9458=(
GEOMETRIC_REPRESENTATION_CONTEXT(3)
GLOBAL_UNCERTAINTY_ASSIGNED_CONTEXT((#9447))
GLOBAL_UNIT_ASSIGNED_CONTEXT((#9459,#9461,#9462))
REPRESENTATION_CONTEXT('','3D')
);
#9459=(
LENGTH_UNIT()
NAMED_UNIT(*)
SI_UNIT(.MILLI.,.METRE.)
);
#9460=(
LENGTH_UNIT()
NAMED_UNIT(*)
SI_UNIT($,.METRE.)
);
#9461=(
NAMED_UNIT(*)
PLANE_ANGLE_UNIT()
SI_UNIT($,.RADIAN.)
);
#9462=(
NAMED_UNIT(*)
SI_UNIT($,.STERADIAN.)
SOLID_ANGLE_UNIT()
);
#9463=SHAPE_DEFINITION_REPRESENTATION(#9473,#9492);
#9464=SHAPE_DEFINITION_REPRESENTATION(#9474,#9493);
#9465=SHAPE_DEFINITION_REPRESENTATION(#9475,#9494);
#9466=SHAPE_DEFINITION_REPRESENTATION(#9476,#9495);
#9467=SHAPE_DEFINITION_REPRESENTATION(#9477,#9496);
#9468=SHAPE_DEFINITION_REPRESENTATION(#9478,#9497);
#9469=SHAPE_DEFINITION_REPRESENTATION(#9479,#9498);
#9470=SHAPE_DEFINITION_REPRESENTATION(#9480,#9499);
#9471=SHAPE_DEFINITION_REPRESENTATION(#9481,#9500);
#9472=SHAPE_DEFINITION_REPRESENTATION(#9482,#9501);
#9473=PRODUCT_DEFINITION_SHAPE('',$,#9503);
#9474=PRODUCT_DEFINITION_SHAPE('',$,#9504);
#9475=PRODUCT_DEFINITION_SHAPE('',$,#9505);
#9476=PRODUCT_DEFINITION_SHAPE('',$,#9506);
#9477=PRODUCT_DEFINITION_SHAPE('',$,#9507);
#9478=PRODUCT_DEFINITION_SHAPE('',$,#9508);
#9479=PRODUCT_DEFINITION_SHAPE('',$,#9509);
#9480=PRODUCT_DEFINITION_SHAPE('',$,#9510);
#9481=PRODUCT_DEFINITION_SHAPE('',$,#9511);
#9482=PRODUCT_DEFINITION_SHAPE('',$,#9512);
#9483=PRODUCT_DEFINITION_SHAPE($,$,#38);
#9484=PRODUCT_DEFINITION_SHAPE($,$,#39);
#9485=PRODUCT_DEFINITION_SHAPE($,$,#40);
#9486=PRODUCT_DEFINITION_SHAPE($,$,#41);
#9487=PRODUCT_DEFINITION_SHAPE($,$,#42);
#9488=PRODUCT_DEFINITION_SHAPE($,$,#43);
#9489=PRODUCT_DEFINITION_SHAPE($,$,#44);
#9490=PRODUCT_DEFINITION_SHAPE($,$,#45);
#9491=PRODUCT_DEFINITION_SHAPE($,$,#46);
#9492=SHAPE_REPRESENTATION('',(#5669,#6189,#6190,#6191,#6192,#6193,#6194,
#6195,#6196,#6197),#9448);
#9493=SHAPE_REPRESENTATION('',(#5670),#9449);
#9494=SHAPE_REPRESENTATION('',(#5747),#9450);
#9495=SHAPE_REPRESENTATION('',(#5869),#9451);
#9496=SHAPE_REPRESENTATION('',(#5890),#9452);
#9497=SHAPE_REPRESENTATION('',(#5979),#9453);
#9498=SHAPE_REPRESENTATION('',(#6106),#9454);
#9499=SHAPE_REPRESENTATION('',(#6107),#9455);
#9500=SHAPE_REPRESENTATION('',(#6144),#9456);
#9501=SHAPE_REPRESENTATION('',(#6170),#9457);
#9502=PRODUCT_DEFINITION_CONTEXT('part definition',#9534,'design');
#9503=PRODUCT_DEFINITION('2026-09-27-15-24-11-984','Mechanical Switch',
#9513,#9502);
#9504=PRODUCT_DEFINITION('2026-09-27-23-58-15-417','01_mounting_frame',
#9514,#9502);
#9505=PRODUCT_DEFINITION('2026-09-27-23-58-15-595',
'02_sliding_servo_chassis',#9515,#9502);
#9506=PRODUCT_DEFINITION('2026-09-27-23-58-15-770','03_servo_clamp',#9516,
#9502);
#9507=PRODUCT_DEFINITION('2026-09-27-23-58-15-883',
'04_integral_rocking_shoe',#9517,#9502);
#9508=PRODUCT_DEFINITION('2026-09-27-23-58-16-076',
'05_controller_shelf',#9518,#9502);
#9509=PRODUCT_DEFINITION('2026-09-27-23-58-16-407',
'06_rounded_enclosure',#9519,#9502);
#9510=PRODUCT_DEFINITION('2026-09-27-23-58-16-739',
'09 Reference switch board',#9520,#9502);
#9511=PRODUCT_DEFINITION('2026-09-27-23-58-16-777',
'07 Servo and stock metal horn',#9521,#9502);
#9512=PRODUCT_DEFINITION('2026-09-27-23-58-16-820',
'08 ESP32 servo driver',#9522,#9502);
#9513=PRODUCT_DEFINITION_FORMATION('',$,#9536);
#9514=PRODUCT_DEFINITION_FORMATION('',$,#9537);
#9515=PRODUCT_DEFINITION_FORMATION('',$,#9538);
#9516=PRODUCT_DEFINITION_FORMATION('',$,#9539);
#9517=PRODUCT_DEFINITION_FORMATION('',$,#9540);
#9518=PRODUCT_DEFINITION_FORMATION('',$,#9541);
#9519=PRODUCT_DEFINITION_FORMATION('',$,#9542);
#9520=PRODUCT_DEFINITION_FORMATION('',$,#9543);
#9521=PRODUCT_DEFINITION_FORMATION('',$,#9544);
#9522=PRODUCT_DEFINITION_FORMATION('',$,#9545);
#9523=PRODUCT_RELATED_PRODUCT_CATEGORY('Mechanical Switch',
'Mechanical Switch',(#9536));
#9524=PRODUCT_RELATED_PRODUCT_CATEGORY('01_mounting_frame',
'01_mounting_frame',(#9537));
#9525=PRODUCT_RELATED_PRODUCT_CATEGORY('02_sliding_servo_chassis',
'02_sliding_servo_chassis',(#9538));
#9526=PRODUCT_RELATED_PRODUCT_CATEGORY('03_servo_clamp',
'03_servo_clamp',(#9539));
#9527=PRODUCT_RELATED_PRODUCT_CATEGORY('04_integral_rocking_shoe',
'04_integral_rocking_shoe',(#9540));
#9528=PRODUCT_RELATED_PRODUCT_CATEGORY('05_controller_shelf',
'05_controller_shelf',(#9541));
#9529=PRODUCT_RELATED_PRODUCT_CATEGORY('06_rounded_enclosure',
'06_rounded_enclosure',(#9542));
#9530=PRODUCT_RELATED_PRODUCT_CATEGORY('09 Reference switch board',
'09 Reference switch board',(#9543));
#9531=PRODUCT_RELATED_PRODUCT_CATEGORY('07 Servo and stock metal horn',
'07 Servo and stock metal horn',(#9544));
#9532=PRODUCT_RELATED_PRODUCT_CATEGORY('08 ESP32 servo driver',
'08 ESP32 servo driver',(#9545));
#9533=APPLICATION_PROTOCOL_DEFINITION('international standard',
'automotive_design',2009,#9534);
#9534=APPLICATION_CONTEXT(
'Core Data for Automotive Mechanical Design Process');
#9535=PRODUCT_CONTEXT('part definition',#9534,'mechanical');
#9536=PRODUCT('2026-09-27-15-24-11-984','Mechanical Switch',$,(#9535));
#9537=PRODUCT('2026-09-27-23-58-15-417','01_mounting_frame',$,(#9535));
#9538=PRODUCT('2026-09-27-23-58-15-595','02_sliding_servo_chassis',$,(#9535));
#9539=PRODUCT('2026-09-27-23-58-15-770','03_servo_clamp',$,(#9535));
#9540=PRODUCT('2026-09-27-23-58-15-883','04_integral_rocking_shoe',$,(#9535));
#9541=PRODUCT('2026-09-27-23-58-16-076','05_controller_shelf',$,(#9535));
#9542=PRODUCT('2026-09-27-23-58-16-407','06_rounded_enclosure',$,(#9535));
#9543=PRODUCT('2026-09-27-23-58-16-739','09 Reference switch board',$,(#9535));
#9544=PRODUCT('2026-09-27-23-58-16-777','07 Servo and stock metal horn',
$,(#9535));
#9545=PRODUCT('2026-09-27-23-58-16-820','08 ESP32 servo driver',$,(#9535));
#9546=PRESENTATION_STYLE_ASSIGNMENT((#9552));
#9547=PRESENTATION_STYLE_ASSIGNMENT((#9553));
#9548=PRESENTATION_STYLE_ASSIGNMENT((#9554));
#9549=PRESENTATION_STYLE_ASSIGNMENT((#9555));
#9550=PRESENTATION_STYLE_ASSIGNMENT((#9556));
#9551=PRESENTATION_STYLE_ASSIGNMENT((#9557));
#9552=SURFACE_STYLE_USAGE(.BOTH.,#9558);
#9553=SURFACE_STYLE_USAGE(.BOTH.,#9559);
#9554=SURFACE_STYLE_USAGE(.BOTH.,#9560);
#9555=SURFACE_STYLE_USAGE(.BOTH.,#9561);
#9556=SURFACE_STYLE_USAGE(.BOTH.,#9562);
#9557=SURFACE_STYLE_USAGE(.BOTH.,#9563);
#9558=SURFACE_SIDE_STYLE('',(#9564));
#9559=SURFACE_SIDE_STYLE('',(#9565));
#9560=SURFACE_SIDE_STYLE('',(#9566));
#9561=SURFACE_SIDE_STYLE('',(#9567));
#9562=SURFACE_SIDE_STYLE('',(#9568));
#9563=SURFACE_SIDE_STYLE('',(#9569));
#9564=SURFACE_STYLE_FILL_AREA(#9570);
#9565=SURFACE_STYLE_FILL_AREA(#9571);
#9566=SURFACE_STYLE_FILL_AREA(#9572);
#9567=SURFACE_STYLE_FILL_AREA(#9573);
#9568=SURFACE_STYLE_FILL_AREA(#9574);
#9569=SURFACE_STYLE_FILL_AREA(#9575);
#9570=FILL_AREA_STYLE('Steel - Satin',(#9576));
#9571=FILL_AREA_STYLE('Plastic - Matte (White)',(#9577));
#9572=FILL_AREA_STYLE('Plastic - Matte (Gray)',(#9578));
#9573=FILL_AREA_STYLE('Plastic - Matte (Yellow)',(#9579));
#9574=FILL_AREA_STYLE('Plastic - Matte (Black)',(#9580));
#9575=FILL_AREA_STYLE('Plastic - Matte (Green)',(#9581));
#9576=FILL_AREA_STYLE_COLOUR('Steel - Satin',#9582);
#9577=FILL_AREA_STYLE_COLOUR('Plastic - Matte (White)',#9583);
#9578=FILL_AREA_STYLE_COLOUR('Plastic - Matte (Gray)',#9584);
#9579=FILL_AREA_STYLE_COLOUR('Plastic - Matte (Yellow)',#9585);
#9580=FILL_AREA_STYLE_COLOUR('Plastic - Matte (Black)',#9586);
#9581=FILL_AREA_STYLE_COLOUR('Plastic - Matte (Green)',#9587);
#9582=COLOUR_RGB('Steel - Satin',0.627450980392157,0.627450980392157,0.627450980392157);
#9583=COLOUR_RGB('Plastic - Matte (White)',0.964705882352941,0.964705882352941,
0.952941176470588);
#9584=COLOUR_RGB('Plastic - Matte (Gray)',0.701960784313725,0.701960784313725,
0.701960784313725);
#9585=COLOUR_RGB('Plastic - Matte (Yellow)',0.909803921568627,0.67843137254902,
0.137254901960784);
#9586=COLOUR_RGB('Plastic - Matte (Black)',0.0980392156862745,0.0980392156862745,
0.0980392156862745);
#9587=COLOUR_RGB('Plastic - Matte (Green)',0.266666666666667,0.588235294117647,
0.282352941176471);
ENDSEC;
END-ISO-10303-21;
